ano_sim,fase,photo,npp,ar,rm,rg,lai,cleaf,cfroot,csap,cheart,csto,nsto,psto,nmin,pmin,hresp,wue,litter_l,litter_fr,cwd,c_cost,nupt_mineral,nupt_organico,pupt_labil,pupt_sorvido,pupt_organico,litter_n,litter_p,csoil,pls_vivos,area_lenhosas,n2c_folha,p2c_folha,n2c_raiz,p2c_raiz,n2c_lenho,p2c_lenho,area_sem_lim,area_lim_N,area_lim_P,area_colim,area_lim_folha,area_lim_lenho,area_lim_raiz
1,spinup,11.784760916350523,0.746847108107334,11.03791380824319,10.664941494461706,0.0001752823168333895,9.174675627681202,2.3201691914794895,3.035634274671635,3.2662379883381334,5.706337886726525,0.022888656396489897,4.24206449737054,0.6513836657570768,91.44702834384306,2.2937191615608894,5.215137022231132,0.007777661012150328,599.6838951051819,758.9252026449531,114.04844483964783,7.286643299392796,15.828925775782274,0.0,0.02884770221141604,0.0,1.8859621606975319,28.26373895078697,3.774187043369806,4949.128337615076,2878.0,0.9595128643927742,0.02634646467453808,0.0047151090826563925,0.027490954742735996,0.002563582182177627,0.006561146634691075,0.0008369851196632708,0.45281523716510724,0.0,0.5471847628348928,0.0,0.5471847628348927,0.0,0.1682184475113902
2,spinup,12.082025505296217,1.2369670492626066,10.845058456033613,10.192313476757958,0.00019402564518148952,7.976572855350868,1.9591327919750987,2.991272773722467,3.4627357949669744,6.03818694205353,0.02770277429481979,1.9524025235497608,0.3263854331976361,92.78091410633097,2.4068296103598414,3.772187287423544,0.007879601793603612,515.897955106605,747.8345843256154,120.6808537724089,7.27523111711927,17.24610776213778,0.0,0.029147448825764078,0.0,2.2526915572945683,25.584339764343575,3.415179880806236,4804.218191565414,2878.0,0.979520798513888,0.026484974147260778,0.004722676762593489,0.02755757938261089,0.0025573303366083528,0.006560796585506955,0.0008366802168939203,0.3820221108039415,0.0,0.6179778891960586,0.0,0.6179778891960583,0.0,0.2139438836726361
3,spinup,12.148731826467387,1.3477038566220838,10.801027969845302,10.027735514024005,0.0002083933265517382,7.308322021142811,1.7632924763135833,3.0413691132487486,3.5929886593821383,6.200553301245623,0.029944946290615983,1.2194005306127114,0.14118281255096254,93.41751676761496,2.4921042014832784,3.4801267194727905,0.00830960909383806,468.86351160584206,760.3589437136934,123.92585054485139,7.299318177084783,17.96952238510804,0.0,0.03029795081757016,0.0,2.3755949658709428,24.18324989665487,3.0962331054950902,4864.048747477903,2878.0,0.9870123855413454,0.026584848065307472,0.004729599947932726,0.02758605050202388,0.00255067785361527,0.006560514471114122,0.0008364175234121489,0.3739454826352369,0.0,0.6260545173647631,0.0,0.6260545173647631,0.0,0.2417837693360156
4,spinup,11.968002655765817,1.428157614334407,10.539845041431407,9.98086786419259,0.00022186860034585328,6.802531105554859,1.6209412419794498,3.0918330327530335,3.7038303211421795,6.31924572829182,0.027573225251052307,1.1228030713700419,0.08588076593822583,93.81040922044266,2.565980349652062,3.401695646776105,0.008540073006228792,431.9846455560188,772.9752001104528,126.29795275852845,7.314744396703517,19.512733632492402,0.0,0.03394019513690167,0.0,2.5050004008787945,23.767937430142375,2.9616156059076477,4953.289790357099,2859.0,0.9902287235871793,0.026662030470011727,0.004735829850592434,0.027605113901099182,0.0025429291098199303,0.006560783172240233,0.0008361954376037745,0.3632935053297193,0.0,0.6367064946702806,1.1102230246251565e-16,0.6367064946702807,0.0,0.2522624772033855
5,spinup,11.730353491430936,1.2290923396078968,10.50126115182304,9.729127240671028,0.00018764265622486898,6.342163907397776,1.4945301289597939,3.0664378211514443,3.7735444522732937,6.448294812927038,0.026179637019211322,1.5698276940236648,0.08170293999241983,94.3021324387976,2.6334862947491695,3.2626752076388823,0.0078434865656422,397.4511601056369,766.6262580551609,128.8771747640509,7.319340442395567,15.553193453802873,0.0,0.033273197996029964,0.0,2.1616529672055336,22.984526012987164,2.845060943954424,5036.145947607392,2814.0,0.9914293362268504,0.026687133477919178,0.004737333662790432,0.027520458861816397,0.0025394521406287797,0.006556472495576419,0.0008357730267512256,0.4629539519372225,0.0,0.5370460480627774,0.0,0.5370460480627776,0.0,0.2262370502714771
6,spinup,11.708960460321192,1.4484029162544356,10.260557544066758,9.534802850737261,0.00022889197800436258,6.12554382030085,1.4309114792988846,3.1070128829561403,3.839588699784122,6.547556285681079,0.033244638588553505,0.997668283326627,0.04683972006270793,94.62253576941946,2.6867328404740767,3.2626122336196115,0.009840453425911088,392.59720386225763,776.7702458403139,130.86101671602307,7.32473692485487,19.206857001397722,0.0,0.8906917609044303,0.0,1.7895244516159534,22.940021646657875,2.797423424611673,5152.148476689255,2773.0,0.9920157833282518,0.026730574899401123,0.004738686646684953,0.027537119488084995,0.002531746636870079,0.006556004761396034,0.0008356408216637808,0.374729772470559,0.0,0.6252702275294411,0.0,0.6252702275294411,0.0,0.2428710873120786
7,spinup,11.470269725229665,1.412970402590468,10.057299322639196,9.559652320038506,0.00021701809181684753,5.939498358257859,1.380572577064805,3.1334256054944802,3.9150676405191893,6.6414614421918525,0.027062249724637496,0.9358910338303431,0.037681508395751316,94.88230779929269,2.697665246665041,3.2510404964543005,0.010481886273556692,376.6900008982749,783.373571205318,132.73777164302206,7.324209336451165,18.6465394895989,0.0,1.9121438609839,0.0,0.678635993912186,22.917500328856907,2.7615979290383272,5256.310304148618,2727.0,0.9922857969764587,0.026763874961242787,0.004740722821879054,0.02752425284126679,0.0025255862986957025,0.0065546757223726715,0.0008354986714637551,0.4034323741601091,0.0,0.5965676258398909,0.0,0.596567625839891,0.0,0.23587100781597023
8,spinup,11.231637350155586,1.3281924951149118,9.903444855040675,9.53709582793428,0.00021898840558031674,5.791227036342062,1.3396268922382164,3.1553260457111483,3.9880233119121926,6.740266435253704,0.02675651134489496,0.990786314397008,0.03979677425058686,95.11232007458058,2.7027047888829028,3.2461750454440716,0.011045924686239232,363.4884567878698,788.8488012645272,134.71247063682452,7.32076941038018,18.461222785877695,0.0,1.9074780149177246,0.0,0.5902232831175341,22.92749784139055,2.728790308477497,5363.904569141436,2689.0,0.9924535607228255,0.02678719030136458,0.0047408993981509304,0.027501928087224434,0.00251898327584922,0.0065529143042584465,0.0008353123940403977,0.4232107739830153,0.0,0.5767892260169847,0.0,0.5767892260169847,0.0,0.22918270644589042
9,spinup,10.802537737548004,1.0327235244610158,9.769814213086986,9.664701191138407,0.00016266613234168666,5.62342991516724,1.2954612500118743,3.0902222351116175,4.018930748608881,6.86630819943614,0.00902704235696777,1.1926636600666427,0.049221276702073775,95.55078960326644,2.715102336016415,3.246089106854866,0.009791014165126016,342.0598232017228,772.5724918736169,137.23168899381795,7.313693093024276,14.908222599329331,0.0,1.5445586281405994,0.0,0.48250815606706976,22.333583608760506,2.648366295827092,5451.8843358651,2654.0,0.9927732644767848,0.026771350655534355,0.004738793036835947,0.02739500717667725,0.002517983601234214,0.00654570382837379,0.0008350820097200475,0.538627090695042,0.0,0.46137290930495806,0.0,0.46137290930495795,0.0,0.1619151861885225
10,spinup,10.926394955942117,1.4169818313407165,9.5094131246014,9.28946830368078,0.0002228363948802542,5.526763243242825,1.2692265550365376,3.0204274971280545,4.003920094952361,6.992307911016508,0.021161670986166024,0.7545134508386118,0.01786328520066687,95.9746266622871,2.7241992957473724,3.116932750434227,0.009927253902146145,347.06358131819314,755.1234249324232,139.75019247043807,7.309742727575216,19.15425688450982,0.0,2.0689040970600887,0.0,0.559466204527999,21.78390616496977,2.5799269821351176,5532.454816443772,2634.0,0.9926750831078996,0.026779474373163727,0.004735076730239223,0.02741581466208707,0.0025129172268549558,0.00654603457495655,0.0008351874723906868,0.41224568466389566,0.0,0.5877543153361043,0.0,0.5877543153361043,0.0,0.20522976601718776
11,spinup,10.856924926059285,1.375581944245923,9.481342981813365,9.274524735171964,0.00022817013288091548,5.557269974102555,1.2725433349681745,3.0832619711120195,4.049970694624244,7.074174614263441,0.024509011772313474,0.7458719785771679,0.020112204157147397,95.9920594696473,2.7208645941254033,3.160082684382087,0.010716482130884716,347.92528564396946,770.8323877344482,141.38640522310823,7.303795659128028,19.541430843290303,0.0,2.035271618421956,0.0,0.5780151434217043,22.34127566512506,2.6038964790264325,5643.857767376407,2606.0,0.9926867023238999,0.02679133654515061,0.004732592163653679,0.02741755866953856,0.00250564809237902,0.006545997011130197,0.00083517821893969,0.4163900081239204,0.0,0.5836099918760795,0.0,0.5836099918760796,0.0,0.20133605425204887
12,spinup,10.745364848541652,1.238052272616623,9.50731257592503,9.318893466289662,0.00020225543526907806,5.502776239479635,1.2572339420185759,3.0372484521579635,4.0697778033605125,7.188359730807581,0.018679745724357547,1.0955731429397824,0.03306996591953852,96.25918680992582,2.7275809810292277,3.163875581493058,0.008035032575563783,335.95979777726706,759.3287558615373,143.66866515116536,7.287859001925498,17.677811208810112,0.0,1.8188472563592772,0.0,0.507766710522792,22.06080015531834,2.5580958503270583,5733.360091798857,2580.0,0.9927132272100122,0.02677777817838395,0.004730693766585771,0.027356648718922072,0.0025015805542847602,0.006542966870199382,0.0008350479365836751,0.4906130748282758,0.0,0.5093869251717241,1.1102230246251565e-16,0.5093869251717242,0.0,0.16571257950847795
13,spinup,10.759578876200994,1.248395234703235,9.511183641497759,9.19055398127323,0.0001943561159340916,5.501818496824924,1.2526324639854924,3.0029004057359185,4.079355994439969,7.2910247739703,0.021705919442923292,0.9425911857232131,0.022907322476528436,96.51991205721697,2.731463372829839,3.135511315221854,0.00793773667607946,338.5934328106554,750.7415560434272,145.72069165882382,7.275311942754999,17.985259782813987,0.0,1.9511402701970115,0.0,0.5092797399829813,21.909127043330905,2.5380749885206875,5820.308597902648,2561.0,0.992734545677449,0.02677165595822295,0.0047278470641983796,0.027317952796920418,0.0024992382111953997,0.006541293515934311,0.0008352357712062774,0.46463718776314644,0.0,0.5353628122368536,0.0,0.5353628122368536,0.0,0.1712560435142233
14,spinup,10.750561853512897,1.2777040914764362,9.47285776203646,9.154184449029282,0.00019864189633319712,5.496275475280677,1.2480889985783177,3.0084310120602407,4.100528686712374,7.381424270876062,0.022490143006801046,0.9086992579948233,0.02114859098972689,96.71793726105687,2.732118260208816,3.141436373099925,0.008290553050500183,337.75867616371306,752.1242379298641,147.52752462918278,7.26042115349874,18.161613529406804,0.0,1.9337807830524143,0.0,0.5224598145228546,21.812175971017282,2.5194127365552137,5915.973443651891,2548.0,0.9927421321695562,0.026763094863090024,0.0047258707485955675,0.027275527228709604,0.0024968238305729503,0.0065397791030137676,0.0008351693623211152,0.4651598530396257,0.0,0.5348401469603744,0.0,0.5348401469603744,0.0,0.18144175541346638
15,spinup,10.6382755260522,1.328937723746008,9.309337802306192,9.19752331314745,0.00020591366664429316,5.486394732894294,1.2433654671370884,3.0109722398968217,4.120698886546838,7.473977494063132,0.01784010686541473,0.9894030924830827,0.022049917120375358,96.88416477078911,2.7329245578203514,3.1698239043522523,0.008480495869344675,334.31212754016116,752.7595588138507,149.37740868481987,7.256289059617444,19.529382680428277,0.0,2.0151364636897653,0.0,0.5129064034474784,21.83327760170178,2.511390935820539,6003.201711890392,2527.0,0.9928292269562682,0.026767816954312434,0.00472472333810974,0.027248008523241253,0.00249293969856028,0.006539250310934687,0.0008352375365494449,0.4453318652592423,0.0,0.5546681347407577,0.0,0.5546681347407577,0.0,0.17297823954996386
16,spinup,10.59764081781681,1.13819574665351,9.459445071163302,9.02116858791705,0.0001911021830858774,5.411303677291657,1.2222851487084831,2.9316429993422233,4.107558810114306,7.590933996216494,0.020767326236146688,1.5336225863374937,0.03882095149484216,97.22653732005328,2.742068216990785,3.0744063847901124,0.007767198019310748,326.88778807309154,732.9268139849038,151.7151527960807,7.2418135217384885,15.26836301676229,0.0,1.6457005618685612,0.0,0.4745919785371788,21.196478919729124,2.4503225207825383,6073.640762831936,2517.0,0.9927232761627294,0.026741755301101816,0.004721095201646781,0.02714016001026906,0.002492571675573856,0.006534032254900662,0.0008347051680942874,0.5380229443503327,0.0,0.46197705564966723,5.551115123125783e-17,0.46197705564966723,0.0,0.15220679790417418
17,spinup,10.67825936179599,1.3636310254807624,9.314628336315227,8.925334323024392,0.00022443345003378545,5.44708661045026,1.2267071900941737,2.970166410912269,4.123772086045524,7.683269351606796,0.029037653987829554,0.8905822569757561,0.017655964603971754,97.43500046551289,2.739272930056408,3.1198356612714035,0.009733726596801539,339.11098764018203,742.5578779692283,153.5606929730979,7.238976186942971,18.802942986686517,0.0,2.0972757590022186,0.0,0.5254581244868464,21.417522728566503,2.4642576458738557,6176.636354235087,2501.0,0.9927104199727415,0.026731468148664988,0.004718197860712542,0.027108558650781128,0.002488497697896282,0.006531847546259656,0.0008346260564842378,0.4296493146423173,0.0,0.5703506853576826,1.1102230246251565e-16,0.5703506853576826,0.0,0.18990961704829662
18,spinup,10.633794388976288,1.3438768027839625,9.289917586192326,9.012767695777995,0.00021300511929222676,5.47839040180284,1.2330647366499963,2.9838381354999504,4.145303718642844,7.767151625808835,0.02269609422129756,0.8334986848685917,0.01826964137435858,97.61740496045057,2.737438676879297,3.14339767610668,0.010357420052065967,338.41593118095324,745.9758840313499,155.2372597398181,7.22798477237737,18.2773471481909,0.0,2.022384252308209,0.0,0.5320249645412234,21.517555898245053,2.470741363468823,6267.418631550046,2488.0,0.992740192628796,0.026721531925034472,0.004718196774863388,0.027084483893086646,0.0024863527409815095,0.006532316189277451,0.0008347143606915432,0.4424313035019205,0.0,0.5575686964980794,1.1102230246251565e-16,0.5575686964980795,0.0,0.16998380540051594
19,spinup,10.538584505300067,1.2650415527295022,9.273542952570564,9.0586241152825,0.00021691230162809434,5.481963375675628,1.2310858004101102,3.0124658002940734,4.180282786232534,7.85681766217767,0.023213000980358268,0.9458231897754035,0.030525831801415052,97.78090994909712,2.7357198093628616,3.1690598254468894,0.010908657687263342,335.38577858989447,753.1329570972355,157.02939463361975,7.221160820236554,18.06955637530782,0.0,1.9519146970802126,0.0,0.511949252600273,21.700957097843272,2.4873767147974615,6361.372055453159,2468.0,0.9928009668999619,0.02670486070064157,0.004716873370300308,0.02702124123136751,0.0024828814607893933,0.006531517002966862,0.0008349746691077756,0.45173133066691956,0.0,0.5482686693330804,1.1102230246251565e-16,0.5482686693330804,0.0,0.1733607921486899
20,spinup,10.301807952917244,1.006531135075087,9.29527681784216,9.239550211872206,0.00016450326769143966,5.4311625536212675,1.2168653111669872,2.956709815036061,4.181400870285845,7.97270672070494,0.007356155980649978,1.1491740257742273,0.043952933263127505,98.15860331152149,2.741840413369567,3.198786465314682,0.009670298609855368,322.5260940365745,739.1936552637881,159.34576383055335,7.211570538487432,14.844291839688537,0.0,1.615518387896472,0.0,0.4349155492754405,21.333417129401376,2.4571857550956433,6435.963791744907,2460.0,0.9930700822329717,0.026681157042977688,0.004716286030374394,0.026923538243850936,0.00248640891443972,0.006525744973919979,0.0008346386429036056,0.5469619549320534,0.0,0.45303804506794665,0.0,0.45303804506794665,0.0,0.12686730832827262
21,spinup,10.51871018283054,1.3970484422259664,9.121661740604575,8.935073983504353,0.00022744659868069746,5.3985571306598406,1.2069738595030748,2.9096018714480363,4.151889598921751,8.086894596842221,0.019815317876489335,0.7776548499712244,0.017856366980251465,98.53387742345333,2.7455070329793765,3.0942214529643106,0.00980300142627492,331.32798650916664,727.4164112354061,161.62821388264467,7.20186501875312,18.791993596679607,0.0,2.107079723647413,0.0,0.5194567176795037,20.945777701436562,2.4264002316675914,6502.94565511829,2439.0,0.9929371127462554,0.026669077064110473,0.004714403114314839,0.02687980672697534,0.0024830911413818236,0.006524382543581699,0.0008344375747103347,0.4255784015497239,0.0,0.5744215984502761,0.0,0.5744215984502761,0.0,0.17558911154885437
22,spinup,10.539950502177676,1.3717940788357839,9.168156423341895,8.983629434843806,0.00023148610300738405,5.492576104923684,1.2264628517997487,2.998161603094226,4.190546117190721,8.154973752489669,0.023759284031275755,0.6967434900851741,0.014618343525771377,98.53657209779225,2.73798402539891,3.161626121167978,0.010597335294301619,336.40316544068537,749.5568294163929,162.9888635393553,7.203228332224237,19.21339639065891,0.0,2.0726205637549326,0.0,0.5495697528179159,21.4396588442561,2.4693473277309166,6601.917953888376,2429.0,0.9929316927720073,0.026670386864302648,0.00471388290936578,0.026854243340847517,0.0024787337817661955,0.0065252060410189395,0.000834216051729675,0.4223619737368435,0.0,0.5776380262631565,0.0,0.5776380262631565,0.0,0.17346812013049093
23,spinup,10.517279129793886,1.2496167752585157,9.26766235453537,9.081162662765964,0.0002054024641481743,5.480916510834126,1.2227630591533867,2.9767530136672904,4.207900395326037,8.256620700166067,0.018630373413539528,1.0504770636331724,0.030904467209499395,98.77515322711223,2.7405967661856376,3.1890878711095016,0.007955147206200554,327.46149578246144,744.2045647497484,165.02051923451418,7.202289788146195,17.514685802758862,0.0,1.8667346936276497,0.0,0.49288750126745584,21.375099408527653,2.4640584587827465,6679.708525468173,2402.0,0.9929535555281737,0.026642557900751283,0.004711718421772101,0.02675923171831058,0.0024754556588813194,0.006520854647547505,0.0008339698415130783,0.4857949726154823,0.0,0.5142050273845177,0.0,0.5142050273845176,0.0,0.1506216606046522
24,spinup,10.603095241270157,1.2665499792762722,9.336545261993882,9.016457755070173,0.00019860157861906167,5.51403688680414,1.228024334579717,2.9676580389779015,4.218933719227161,8.346161596517723,0.02178713412945992,0.8816136328942816,0.01924710445720909,99.00771423464514,2.7408094297019305,3.1819867593004205,0.007875218452748394,332.5688359549413,741.9307712408313,166.81021837978219,7.2037592104438835,17.880965705958936,0.0,2.0011354600464957,0.0,0.49280703701404194,21.239865549392974,2.4584883195427962,6755.663864611974,2388.0,0.9929683832700253,0.026618609417515305,0.004710950441766687,0.0266979578967032,0.0024754500843971543,0.00651973546584626,0.0008338214927237908,0.4584003127262102,0.0,0.5415996872737898,0.0,0.5415996872737898,0.0,0.1567447988333211
25,spinup,10.63486509216127,1.294458502983033,9.340406589178238,9.020507874273163,0.00020235185809905183,5.532852317139966,1.229647782224131,2.992236625286996,4.244459725160055,8.426589746687554,0.022889011558984276,0.9017550559070037,0.02055251480992558,99.19401905939829,2.7391360738629027,3.2039526808771095,0.00823220195190498,333.1841985857793,748.0755524982419,168.41773372806443,7.209460912970672,18.031067421623174,0.0,1.9641074062766277,0.0,0.5195144273193577,21.3561796803199,2.472828071095551,6840.741346364907,2375.0,0.9929650254330399,0.026608302677352744,0.0047116558394516925,0.026633882794847956,0.0024729569298319546,0.006516121507591049,0.0008330147183117419,0.4595779868930865,0.0,0.5404220131069135,0.0,0.5404220131069135,0.0,0.16806161068698813
26,spinup,10.559364571051098,1.3505661146063848,9.208798456444715,9.096363913573684,0.00020888871866695213,5.538045909028304,1.2295678851035952,3.009179923655237,4.268418779339077,8.504480942138365,0.018223158067964634,0.9640987009367984,0.018451242064374488,99.35685001646698,2.737989269401793,3.245568958247604,0.008431056543503181,330.70048663148884,752.3114699323286,169.97454511298483,7.212793854203582,19.38347180180336,0.0,2.043889895309476,0.0,0.5013759835284498,21.3819664114893,2.4723958354189,6917.26890950064,2363.0,0.9930365877962155,0.02661046408670179,0.00471232097490482,0.026599859590194928,0.002470160669669103,0.006512510674075116,0.0008324210070059943,0.441943033706789,0.0,0.558056966293211,0.0,0.558056966293211,0.0,0.1640189936475928
27,spinup,10.549087819279274,1.1575997697304463,9.39148804954883,8.949845761406614,0.00019406029808852947,5.47584248975547,1.213168623955079,2.940108857603386,4.257215094116244,8.608866837336702,0.020723176973290847,1.5230706595946162,0.03737280940004782,99.69053223097971,2.7455163629491213,3.1580643693922945,0.007723075910365709,324.3628079312594,735.0433249394753,172.06102461232854,7.2064779847999825,15.256812364338904,0.0,1.6710853709713467,0.0,0.47635728388861087,20.87356952988194,2.427752939291387,6976.422244726864,2352.0,0.9929269670846813,0.02658021282222961,0.004711292220417081,0.02650303942402855,0.0024687105960687203,0.0065074307836701945,0.0008316171506274395,0.5319560453290534,0.0,0.46804395467094656,5.551115123125783e-17,0.46804395467094656,0.0,0.14223462085866304
28,spinup,10.65301784835268,1.3827859417606438,9.27023190659204,8.874928158130524,0.00022608086750634267,5.526204626981094,1.221340666570682,2.9871832473442947,4.275451599908125,8.690824890290259,0.029332090854201784,0.9092126443299418,0.02130034188588546,99.90726891256983,2.741712499802553,3.2104411978587986,0.009682868910903078,337.8005001411477,746.8121803222178,173.69913936518986,7.206962024412098,18.652219836808626,0.0,2.1148959514012553,0.0,0.5268720024835201,21.14204916108726,2.456060689171281,7069.379824303689,2335.0,0.9928978857424257,0.026566097170207546,0.004709892141185127,0.02647275799922431,0.002464047984110263,0.006506336135835504,0.00083105822701684,0.425016707717285,0.0,0.5749832922827152,0.0,0.574983292282715,0.0,0.1737758904779712
29,spinup,10.626301714334272,1.3626387892107366,9.263662925123537,8.98271961227234,0.00021413798465861724,5.568475972942375,1.2299333671795376,3.0097964492961333,4.303730721075713,8.768560647188849,0.022759315970424077,0.8809773298266277,0.02169604845692306,100.10257623924676,2.7393491202917675,3.2407390435894476,0.010320202082163643,337.428689537561,752.4656047208493,175.25283204641352,7.211430837966179,18.147162404336953,0.0,2.032613839076027,0.0,0.5353010789530288,21.327497013645704,2.4755563624043795,7150.095462131583,2316.0,0.9929115899179173,0.026550059394072463,0.004710322247568732,0.026430580912272347,0.0024617393769547596,0.006503781065845814,0.000830381768820725,0.4380566300002652,0.0,0.5619433699997347,1.1102230246251565e-16,0.5619433699997347,0.0,0.1585237522590218
30,spinup,10.560289209341663,1.2950206152801635,9.265268594061498,9.047251988190913,0.00021954225749933696,5.582366401346274,1.231112157062866,3.0434018615626224,4.3438504005727765,8.847048023735923,0.023487482256438815,0.9361419473317716,0.025353936416521176,100.28345564749101,2.737342909765874,3.2713010533563147,0.010889772911631606,335.2718193368458,760.8671419307527,176.8215155797168,7.218393888920351,17.990736959347938,0.0,1.9644788058877862,0.0,0.5133861401796546,21.485104242066164,2.4845478211210743,7234.184497286582,2302.0,0.9929736071738364,0.026540177620168606,0.004710683924624135,0.026386350152664266,0.0024581747264718536,0.006500909135243091,0.0008296307118686329,0.44778544219073857,0.0,0.5522145578092614,0.0,0.5522145578092614,0.0,0.16686357884245134
31,spinup,10.341364793951922,1.0332373860499537,9.308127407901969,9.24960492794807,0.00016655992509181656,5.536955857806927,1.2199740775157546,2.991242310025673,4.346511969829693,8.947955451491113,0.00781363715276038,1.1428061656027257,0.03813837571266062,100.66642053165084,2.7425563365520174,3.307340636369798,0.009662698250182282,323.3457903724436,747.8269682344891,178.8384300754954,7.213604074181786,14.87808578182301,0.0,1.6452912534075947,0.0,0.4319204559816036,21.064612896843798,2.445591380000872,7298.54195871939,2286.0,0.9932398399939519,0.026527324602146088,0.004711107790577621,0.026285707191387606,0.0024615517412515915,0.006495204142425532,0.0008291677768530014,0.5391664258123361,0.0,0.46083357418766396,0.0,0.46083357418766396,0.0,0.12700736416479477
32,spinup,10.574743135544983,1.4200020541876355,9.154741081357347,8.963380785261002,0.00022953168027435263,5.510573106081134,1.2125824894628612,2.948392726106968,4.31934911261568,9.052747124975056,0.02000709562965102,0.8185309047850363,0.016749108749292356,101.04640162533416,2.745656168917593,3.2037143565226165,0.00980822440958428,332.5188956615348,737.114337457426,180.93306388153488,7.216927529392573,18.763085708512747,0.0,2.1172024492041244,0.0,0.5255462653665088,20.85754541904231,2.4394512664272883,7355.311831216933,2271.0,0.9931046593367279,0.026508039413103517,0.004709901964783987,0.026273213011410456,0.002457359900125923,0.006492558002048512,0.0008280008537953052,0.420686907034515,0.0,0.5793130929654849,1.1102230246251565e-16,0.5793130929654849,0.0,0.16489168656275074
33,spinup,10.608829657868842,1.4028806404870884,9.205949017381753,9.01810404821905,0.00023450579760820288,5.609202318309677,1.2331006353342446,3.039598007709338,4.358710995985906,9.105328886540757,0.024270672815083532,0.7229773174716422,0.012283147106223568,101.06554365069825,2.737929578874371,3.27199178121771,0.010611726837154554,337.8899173113166,759.9161576239402,181.98395213487385,7.22542081260724,19.215075008380502,0.0,2.09194696071295,0.0,0.5533558339783344,21.337542958363038,2.4783638418651326,7444.70606224729,2258.0,0.9930898740369769,0.02650479902183007,0.004710338108155777,0.02625777308141378,0.002452821296766011,0.006491277757697901,0.0008276440289461356,0.4155055281354778,0.0,0.5844944718645222,0.0,0.5844944718645222,0.0,0.1734915413887107
34,spinup,10.606243274815053,1.2805701083005931,9.325673166514461,9.134163787707246,0.00020790251426882746,5.602533769589919,1.2316880188316581,3.020937181894646,4.377672494967019,9.191407770534227,0.01874097236531508,1.0456158058074196,0.024470523156770917,101.30975430350361,2.7400070633210842,3.3029386456399488,0.007975817521468535,329.42075897439497,755.2508489169254,183.70443142576113,7.234120415518899,17.602992313538827,0.0,1.8874767342922936,0.0,0.4966883477683137,21.218703492892246,2.4698105379786806,7512.753317841131,2245.0,0.9931204620438955,0.026490851071815764,0.004709158030571202,0.026200909590302184,0.0024504713413408853,0.006488050215488527,0.0008274144522307672,0.478733172331592,0.0,0.5212668276684079,1.1102230246251565e-16,0.521266827668408,0.0,0.14683502512782406
35,spinup,10.6907003031682,1.290294945693507,9.40040535747469,9.075299609367175,0.00020036845331229832,5.63691879127894,1.2375229387889881,3.0131677044904284,4.3884936331604845,9.268891513014335,0.021952476538524234,0.9487484648898515,0.01669053406592099,101.54777842438948,2.7399206840964916,3.295985224615799,0.007892366526390079,334.68243410087166,753.308436992459,185.25313465834952,7.24508686472884,17.929971905124887,0.0,2.015761588028623,0.0,0.500923655059781,21.211433777897973,2.475448988413148,7578.865254837458,2232.0,0.9931270099414746,0.026479080106671,0.0047108528271254235,0.026143325993377417,0.00244918523106775,0.006487019003379627,0.000827577662303704,0.4514577906531928,0.0,0.5485422093468074,0.0,0.5485422093468074,0.0,0.153619425118601
36,spinup,10.710262166579243,1.3149912316327415,9.3952709349465,9.07068729228201,0.00020485983667141712,5.651630079471565,1.237860730052619,3.0355141521592004,4.41213596555947,9.338717934418586,0.023056576921963178,1.0159466832928807,0.023576077582775013,101.7514259799759,2.7382473577124604,3.31605071752894,0.008250968129130763,334.95382459116763,758.8951713586243,186.6487494760623,7.245767015674721,18.05459249706738,0.0,1.97462081095847,0.0,0.527585873469858,21.41204123013881,2.498642647498224,7654.096821663508,2220.0,0.9931117921350849,0.026465207248724372,0.004710067685179299,0.026088806678104974,0.0024475990375569636,0.006483335558217954,0.0008273617798306692,0.45449331276462446,0.0,0.5455066872353757,0.0,0.5455066872353755,0.0,0.16738406367129596
37,spinup,10.628432830226956,1.3711946735853662,9.257238156641591,9.140358261488533,0.00021090544640130028,5.654373643444986,1.236936445059887,3.050565708553776,4.435633075808236,9.40754546312815,0.018405735122970425,1.0689937049237515,0.020226292826689998,101.93805642560095,2.7372973576961623,3.3568608635857733,0.008450580107788807,332.32406477879505,762.6581429333576,188.02439898127378,7.241617416796408,19.377945416647968,0.0,2.055907389156873,0.0,0.5060316974432052,21.40289221566493,2.494189411013555,7720.37705592634,2214.0,0.9931784739181688,0.026469846017573594,0.0047112775330354194,0.026077080832362164,0.0024452520926320073,0.006482852280090899,0.000827325257934792,0.4369349986882004,0.0,0.5630650013117998,0.0,0.5630650013117998,0.0,0.16495353466921742
38,spinup,10.625029946990647,1.1818624191099014,9.443167527880748,8.996574402942139,0.00019693601967336413,5.590425883344983,1.2211369819775926,2.9799093816400632,4.422036111226021,9.500131249672322,0.02078602069024817,1.5947118740322652,0.03420900462207205,102.28856236002602,2.74483392146494,3.2661416711642866,0.007746612490156127,326.0942855791103,744.993674038488,189.87502631610153,7.232609557747423,15.333782664729132,0.0,1.6877572569237005,0.0,0.48304839567306107,20.858476507218022,2.445770489025544,7768.762350230214,2207.0,0.9930718298245764,0.026453676024677755,0.004711932767192504,0.025983744808629736,0.0024447794333817057,0.0064786957240303795,0.0008270137505364491,0.5252551879177363,0.0,0.47474481208226377,0.0,0.4747448120822637,0.0,0.14313561055168478
39,spinup,10.732170463090041,1.4095411709603698,9.32262929212967,8.922952384886095,0.00022833639958350752,5.6395714749329455,1.229224801311216,3.029066847501234,4.440875594197084,9.571087917270495,0.029484071460822773,0.9699465902677628,0.016875752001226083,102.52532684941878,2.7408055786618815,3.3180110217163525,0.009719189548030012,339.67854338166165,757.2833098656617,191.2932454603761,7.242043543072458,18.617367997863767,0.0,2.132812520205222,0.0,0.5309059320078646,21.137327206669863,2.4718642654553014,7852.51276763425,2193.0,0.9930353399349349,0.02644158006100076,0.004710262110664847,0.025954093033162588,0.0024412577447792743,0.006475423341730399,0.000826582035455445,0.4178326191073618,0.0,0.5821673808926383,0.0,0.5821673808926382,0.0,0.17469439291164157
40,spinup,10.703260164018333,1.3900432256205022,9.313216938397828,9.028233572819136,0.00021647665900686948,5.676859298382581,1.2373461992886727,3.050549300942326,4.4663043366055435,9.631554950702746,0.022849875920125676,0.8855891411645724,0.015032201995565372,102.74111262118012,2.7382135955022906,3.3471764544339,0.010355888333456513,339.22761608481187,762.6540409405885,192.5017814160841,7.236438392475565,18.13481642250356,0.0,2.0502433175799735,0.0,0.5382710414611869,21.239704506496814,2.4864866655075666,7923.623970733294,2186.0,0.9930493358997798,0.026436571560067006,0.004708744786663253,0.025937514490307612,0.0024389519638720694,0.006475711318646399,0.0008265350990309956,0.43191853126341323,0.0,0.5680814687365868,0.0,0.5680814687365868,0.0,0.16049118820144953
41,spinup,10.63251313937147,1.317463993139334,9.315049146232138,9.093907074852405,0.0002217134017825799,5.688826750327306,1.2389700331329234,3.083077171154809,4.504540371246802,9.694650336614767,0.02357361561245592,0.9669406516946226,0.022418712560108585,102.93620248181725,2.736020039111867,3.3761298615737636,0.010919830022807437,337.1872280317195,770.786186732521,193.76281741865336,7.23800859625695,17.96990442755208,0.0,1.9769285347918482,0.0,0.5177363613574828,21.380742951083384,2.497040339169837,7998.173333443566,2175.0,0.9931022733109272,0.02642843306774554,0.004710878185893473,0.025910155213503254,0.002435033816360379,0.006473892836697477,0.0008258042483051969,0.442684862118506,0.0,0.557315137881494,0.0,0.557315137881494,0.0,0.17011367373027828
42,spinup,10.415575595949504,1.0545200306902656,9.361055565259237,9.299457148019842,0.0001683270928665741,5.642616478855661,1.2282262132442312,3.030355908631892,4.506799754221855,9.78675048218418,0.007930343395935152,1.206754270303306,0.03612014856991695,103.33380363439149,2.7412782263954667,3.413683055250839,0.009687143794778775,325.3761323849256,757.6055822118298,195.60369444531938,7.243917494296009,14.916634702774365,0.0,1.65452860395244,0.0,0.4442112551500257,21.084214883995905,2.4717101546853164,8052.799860735369,2164.0,0.9933684289895345,0.026408320226919267,0.004712510997300514,0.025825940530701703,0.002440059515944346,0.0064699885907480315,0.0008253258978441829,0.532509637381995,0.0,0.46749036261800503,0.0,0.46749036261800503,0.0,0.1295374244040216
43,spinup,10.64088505296637,1.4403697012341001,9.20051535173227,9.00582448035039,0.00023193587964130235,5.610355135784003,1.2198193324314142,2.9842396071757076,4.474274626661765,9.878253548026748,0.020022693616819357,0.8832251257902225,0.015676794695262296,103.73151669194539,2.744413290587028,3.3048456791169896,0.00981937938249505,334.2286467101231,746.0762541501823,197.4327323284337,7.236318528432585,18.736859516235846,0.0,2.1245270162182526,0.0,0.5322273023133322,20.803062687566005,2.4530835791740024,8099.437935622733,2159.0,0.993235967489161,0.026408236596941533,0.004710424354502956,0.02583012229450041,0.002437915096536258,0.00647010669308185,0.0008252747942603592,0.41535045217539157,0.0,0.5846495478246085,0.0,0.5846495478246085,0.0,0.16576693714361773
44,spinup,10.666765844211115,1.423141400025728,9.243624444185386,9.052864256238905,0.0002366676135920954,5.705301407452047,1.2395774345409074,3.07345816485121,4.5109944515203795,9.91864224206354,0.024356028002350635,0.7911310143874052,0.0117232887285844,103.77030612764248,2.7367303520906288,3.3699021290737776,0.010619093221584311,339.37704077830927,768.3813824485821,198.23991469794862,7.238183963076493,19.163944055964336,0.0,2.1068176477918836,0.0,0.5511714631735036,21.28354018140313,2.4934586264244905,8179.341203101666,2153.0,0.993216445645156,0.026420284735877403,0.0047102746808139586,0.025826580859007284,0.0024335508533085757,0.006471745121938031,0.0008253155761753994,0.4111904736983245,0.0,0.5888095263016754,1.1102230246251565e-16,0.5888095263016755,0.0,0.17672000500468898
45,spinup,10.657705723470324,1.2973184455124023,9.360387277957921,9.166159702200517,0.00020927829037256497,5.694885134872358,1.2375016137875658,3.0533090306012487,4.527760554340547,9.994303898776739,0.01872430603791103,1.1387493233522685,0.02486759158176014,104.02986620839083,2.738853266211886,3.3994410726798705,0.007977288052122191,330.5826889834944,763.343988477457,199.7521820979745,7.243665172076303,17.61594891126917,0.0,1.896762390800703,0.0,0.5009979001300938,21.173155960943255,2.4838388734106935,8237.460884603242,2140.0,0.993237979343355,0.02640826686540205,0.00471029424354881,0.025773364675703535,0.0024318317208206117,0.006468670013292945,0.0008244336599666826,0.4740716729716511,0.0,0.5259283270283489,0.0,0.525928327028349,0.0,0.1497751915277725
46,spinup,10.744212851218117,1.3086116129631031,9.435601238255014,9.108035744344994,0.00020211288427789055,5.729309656021818,1.2434519429599986,3.0444773805595586,4.5368843202873625,10.06336549684829,0.021904045162561857,1.0296859627766752,0.01624120572950725,104.28241912843082,2.7387853816917462,3.3903063510746763,0.007898280246735369,335.8517851920964,761.1360275733706,201.13254947913998,7.251475652365537,17.922485818574252,0.0,2.0257129487654284,0.0,0.5020158917239462,21.15074546912174,2.4866192752134904,8293.752356489877,2124.0,0.9932374940650297,0.026387273666163627,0.004707235452778101,0.025737621485655247,0.002431070603351548,0.00646519006951816,0.0008241726924913501,0.4475880780963632,0.0,0.5524119219036367,0.0,0.5524119219036367,0.0,0.15556599894398568
47,spinup,10.78522108804138,1.3389483836564982,9.446272704384883,9.117823571447415,0.00020688218976728403,5.749208948851285,1.2457215148662055,3.0695834898142618,4.562826494458617,10.124490574664883,0.023115843878940275,1.0444832899418306,0.019054201956753267,104.49850087839465,2.7369897751721433,3.4112615800442283,0.008266046824740586,336.6449390981977,767.4126924577837,202.35423691733402,7.263600010699374,18.093546514146876,0.0,1.9864759468949145,0.0,0.531489680039595,21.32454334932003,2.5070767966862957,8359.94076172919,2112.0,0.993225043144494,0.02637709370765933,0.004708668289711323,0.02569434232850272,0.0024291337187089214,0.00646334831351555,0.0008239003426869051,0.4496484696354229,0.0,0.5503515303645772,0.0,0.5503515303645772,0.0,0.17033919718506027
48,spinup,10.70715366386558,1.392798754192996,9.314354909672586,9.193817645409975,0.00021303218881689733,5.752676858340834,1.2454344846640653,3.0853558704428035,4.586146119233042,10.18337961667465,0.01844448537759197,1.1206233992402785,0.016787666804893117,104.69326227170134,2.7359405518897972,3.453280909339052,0.008468724754918997,334.2109718775067,771.3558740408167,203.53123800077827,7.262845504569553,19.413405856447373,0.0,2.059810151025083,0.0,0.5171257001679693,21.367598758131482,2.5076240394545213,8417.27912875372,2106.0,0.993288572883943,0.02637758324212396,0.0047084345776559015,0.025692970259220398,0.002426798300658558,0.006463319432511363,0.0008239808145562148,0.4324745152559031,0.0,0.5675254847440968,1.1102230246251565e-16,0.5675254847440969,0.0,0.16772977833702277
49,spinup,10.707740025289421,1.2009110049027865,9.506829020386634,9.055192299787755,0.00019946820315153242,5.688461464235762,1.2300447024548617,3.013981023298919,4.570581302280522,10.266879718424324,0.02087130897456128,1.6893575217896248,0.03240215668699698,105.04752431701593,2.7432357749697847,3.3606889458717526,0.007765873346856457,327.9611827434176,753.5117711512207,205.20026748361607,7.261138520248146,15.440965414914494,0.0,1.709479053276212,0.0,0.4805712930011251,20.829521364844297,2.457253726597702,8456.33195789144,2100.0,0.9931863034060711,0.026359207405325075,0.004707791277856472,0.025629137957633996,0.0024264875817309618,0.006460014301970747,0.000823802133134596,0.5194794480735315,0.0,0.48052055192646853,0.0,0.48052055192646853,0.0,0.14615746106671548
50,spinup,10.81189904135594,1.4294270580981172,9.38247198325782,8.978545934098895,0.00023040186456800468,5.734263602098842,1.2374269685117216,3.0616178785490984,4.585212003427302,10.324335555587849,0.029594061604520876,1.015864709896834,0.015423483262298787,105.29622614284122,2.739219373043763,3.4102016819915986,0.009739516869752461,341.49922157561866,765.4212459933514,206.34864567252401,7.26378550181844,18.648961913445483,0.0,2.141596812944268,0.0,0.5372145825356769,21.137289088796937,2.4891175600230304,8531.641535304496,2091.0,0.9931483720093598,0.0263596590114214,0.004705320015605683,0.02561882292789811,0.0024228445824202843,0.006459073852300984,0.0008236615353931361,0.4129044473736831,0.0,0.587095552626317,0.0,0.587095552626317,0.0,0.17821653812710125
51,spinup,10.786582550306036,1.4105350624345627,9.376047487871475,9.087444372239307,0.00021863033060350221,5.773033293148608,1.2457912355011045,3.083710288157991,4.611068115897674,10.376963441724717,0.022970613418106082,0.9389342105370884,0.013247706019050965,105.52456748035159,2.7366319470300025,3.438779526308681,0.010386891356319853,341.1727178604318,770.9444694525271,207.40049281670784,7.264636762674192,18.185214201543527,0.0,2.0613838824771733,0.0,0.5432471471238465,21.26216381312795,2.502281173468771,8594.165792013673,2081.0,0.9931566363359708,0.026358780371851784,0.004706635737636012,0.025610404182982407,0.002421504425470975,0.006456345889747656,0.0008231941571584774,0.4264426750823091,0.0,0.5735573249176908,0.0,0.573557324917691,0.0,0.1637951130251566
52,spinup,10.71477654556305,1.33818160675383,9.37659493880922,9.152582107875565,0.00022361770000716357,5.781221558595755,1.2469206885868853,3.115520440257199,4.6469724454461625,10.428301109141383,0.023676285698751444,1.0042067184955956,0.019261583751252614,105.73090008257232,2.734390841245338,3.466936272670833,0.0109571872815769,338.99081439199074,778.8971817833525,208.42652377407626,7.265547471381786,18.037600165393915,0.0,1.9950490509684171,0.0,0.5159892230020229,21.383582454460992,2.509237535052594,8660.4946995804,2076.0,0.9932127333349297,0.026360784987490997,0.004706921984203663,0.02560206388046099,0.002418711468938789,0.006455119540040262,0.0008227935873403374,0.4372962051997597,0.0,0.5627037948002402,0.0,0.5627037948002402,0.0,0.17324647406710822
53,spinup,10.50579004505112,1.0747304654229846,9.431059579628133,9.367183695787379,0.00016976640246848482,5.735343770955912,1.237130926129354,3.061891365542582,4.646849690570609,10.509221134706845,0.007955940272820745,1.2277889206398196,0.03193524136536246,106.13554386421998,2.739475571425011,3.504907007991563,0.009726776902943723,327.42571265526493,765.4896192403139,210.04394084126807,7.2685718565717305,15.031128764557044,0.0,1.666654078068737,0.0,0.44814664646017033,21.04893918692069,2.478326227573845,8706.371893591033,2066.0,0.9934807021335833,0.026355882544398808,0.004706912528426492,0.025545569317783144,0.0024223885110705896,0.006450041805912892,0.0008219119559758582,0.5280268073344765,0.0,0.4719731926655235,0.0,0.4719731926655235,0.0,0.13123316665031817
54,spinup,10.736329641088268,1.4628114647534571,9.27351817633481,9.076157523258221,0.00023447602565252197,5.701003439025756,1.2291077168178606,3.014994300217657,4.610650592397876,10.587511114661607,0.0200917094070633,0.9111610331604493,0.010727475362861465,106.53704656558367,2.7423597503672315,3.393078067267213,0.00986665073815063,336.36344428893665,753.7650959332293,211.60888769814113,7.2700057973157515,18.833127132611843,0.0,2.1355000578264987,0.0,0.5399523301677567,20.80859734560312,2.4666408507291764,8744.364122121295,2064.0,0.9933505296020292,0.026356624955942317,0.004704424092090987,0.025565174605457774,0.002420410760342595,0.006450077789789382,0.0008219137932196534,0.4092414074493343,0.0,0.5907585925506657,1.1102230246251565e-16,0.5907585925506657,0.0,0.16878919514280852
55,spinup,10.745336754686509,1.4401646797581018,9.305172074928407,9.1122027613871,0.00023841364995606473,5.788190236703893,1.2468852558519676,3.102326521222743,4.642577070033322,10.613679049373086,0.024494416517693216,0.8508894917047503,0.01021610415570074,106.58441088587477,2.7346015599882687,3.455178378654349,0.010659550919261063,341.0127726407309,775.5986297277071,212.1318408866998,7.264501622703385,19.238362075816383,0.0,2.118402412963958,0.0,0.5558074529103542,21.33736151252557,2.508859821512864,8816.083794134587,2062.0,0.993324864057959,0.026361795086445552,0.004703743985827735,0.025576557988328634,0.002416869667475485,0.006451427173363922,0.000822041709518087,0.40563565298616533,0.0,0.5943643470138347,0.0,0.5943643470138347,0.0,0.17917186342642882
56,spinup,10.730449467220637,1.3124049257499715,9.418044541470666,9.222142543627767,0.00021111059439081465,5.773988292164542,1.2443009413793205,3.0800718177574153,4.655456959218601,10.678807326272803,0.018708387533185246,1.201447872527424,0.022818451239560514,106.85311394558619,2.736721631207738,3.482904678112618,0.008005754230953732,331.8875017707515,770.0348319151218,213.4335793844437,7.267580206485142,17.724870894910673,0.0,1.9060512579402953,0.0,0.5047041369343872,21.205551476305818,2.497403683596986,8865.484032885899,2055.0,0.9933465810768436,0.02635934949153914,0.0047035940014759185,0.02554791373507364,0.0024142192419522777,0.006449945008500166,0.0008216888924274296,0.47006777600987903,0.0,0.5299322239901211,0.0,0.5299322239901211,0.0,0.15105056413860232
57,spinup,10.806902490411137,1.3211955441059267,9.48570694630521,9.155328734960989,0.00020347190338153534,5.8035344486891525,1.2495561485348006,3.0672676964513563,4.657971616201739,10.733681873674742,0.0219172047921367,1.1006307600266154,0.016336351404923163,107.11450151060599,2.736735419927094,3.4699060122262613,0.007915941510908912,336.9499245517644,766.8337314275005,214.53039631700813,7.266677962913182,18.000157099736203,0.0,2.029686812672251,0.0,0.5076455539190303,21.189326087056543,2.5007877359813677,8912.871165775103,2048.0,0.9933465114821766,0.02634509750735246,0.004704079819224593,0.025533121988583034,0.002414208508682835,0.006447818440755018,0.0008214979465414326,0.44417989334334806,0.0,0.5558201066566519,0.0,0.5558201066566519,0.0,0.15722394317651797
58,spinup,10.833444100204561,1.3471906827733573,9.486253417431202,9.155031545257117,0.00020825800958090645,5.817651986152522,1.2505630734897553,3.088714630321061,4.6784164587254,10.78216215624628,0.0230800968854361,1.1333390350181387,0.021470670814229494,107.34136444767489,2.7350621247417863,3.4871022863621035,0.008273127112705394,337.4227517968332,772.1955824149483,215.4993566227067,7.2691494623504065,18.147083952860456,0.0,1.9888583057033262,0.0,0.534227546698955,21.34292564973552,2.516236391783937,8970.231330652989,2042.0,0.9933293796493977,0.02634182942519373,0.004703948550637932,0.025510081862327172,0.0024116622627764557,0.006445944478510261,0.0008213019977295088,0.4473269652125377,0.0,0.5526730347874623,0.0,0.5526730347874623,0.0,0.17142202704696732
59,spinup,10.74519503180652,1.39828928261783,9.346905749188691,9.223983520792405,0.00021389409394616206,5.8186717133318915,1.2494864159821815,3.1022413531861437,4.699373021927841,10.833993463947744,0.018395953750431206,1.2427388287503303,0.022630515203048165,107.54947139723717,2.734211164006031,3.526805378769914,0.008471147574727281,334.7697700620702,775.5773372518729,216.53529529074405,7.2678090899937065,19.438808735802397,0.0,2.061499589743936,0.0,0.5171158240379037,21.417447248142402,2.519088734459876,9018.555023156106,2035.0,0.9933836874115938,0.026343513375688278,0.004704696701526341,0.025500659553960272,0.0024095179695981985,0.0064458005140516274,0.0008208994292275642,0.4307110875606361,0.0,0.5692889124393639,0.0,0.5692889124393639,0.0,0.16835884494369274
60,spinup,10.735395070475798,1.2024351998339877,9.532959870641811,9.079379883408723,0.00020073020642446434,5.753279432373263,1.2337069037747224,3.028556334664213,4.681632787969688,10.914300119801757,0.020771254178922616,1.8553110993816069,0.04008881334258335,107.91561770867374,2.7419379223109908,3.4310570711678974,0.00776278465866492,328.1897211714622,757.1556788590146,218.14050063307565,7.254800601839959,15.513067569530469,0.0,1.6946149347791393,0.0,0.496279919863555,20.91215281043576,2.47604690702491,9048.396032620445,2030.0,0.9932785506581012,0.02633192156008858,0.004704120999574978,0.02542997228073226,0.002408834956151306,0.006439993645994041,0.0008198110036200443,0.5188331824798942,0.0,0.4811668175201058,0.0,0.4811668175201059,0.0,0.1465446570200414
61,spinup,10.831303118825193,1.431655373344136,9.399647745481058,8.993909307492162,0.00023125342146809307,5.797936556768132,1.2403045775139756,3.074506835630003,4.695005591904243,10.968337352239338,0.029454744037873917,1.148890015632678,0.022701789772259506,108.18588856409642,2.7385175384006253,3.477714319608444,0.009731035132077357,341.59860611295096,768.6435558895475,219.2205517313218,7.248820684841182,18.618821230661982,0.0,2.139364886023959,0.0,0.5345883309010363,21.197859186507387,2.50397594903906,9115.258585158765,2023.0,0.9932332161804343,0.026329559312110833,0.00470453871819854,0.02541374052667469,0.0024057480256748707,0.0064379268527325825,0.0008192167331268912,0.41369575569594014,0.0,0.5863042443040598,0.0,0.5863042443040598,0.0,0.17861039997252856
62,spinup,10.805756642355952,1.4167976180986213,9.388959024257334,9.098756257535435,0.00021942621858191718,5.837769923559045,1.2487597130012116,3.0953434500232753,4.720068228775094,11.014530494164259,0.022880440239249972,1.032570756656923,0.015374875168238895,108.43425063055228,2.7363177525645717,3.5047726905546153,0.010375497988870379,341.32310469488857,773.852823663598,220.1437843927011,7.248148200204339,18.154511116310914,0.0,2.0581636131466876,0.0,0.5421327049324843,21.24034785848772,2.5055198667604195,9169.285320879453,2012.0,0.9932328955553507,0.02633030586096159,0.004702659648923708,0.02538246608435106,0.002401981363951939,0.006435316568119183,0.0008190304958300943,0.4272283200014083,0.0,0.5727716799985918,0.0,0.5727716799985917,0.0,0.1640743919841328
63,spinup,10.743522242312105,1.34934291480998,9.394179327502124,9.168294907029107,0.00022474976576119238,5.8503971034944895,1.250873198662499,3.129497040256297,4.759253828075546,11.061343815939242,0.02358372178445553,1.0811232998980804,0.018659711843873706,108.65487918977705,2.7342081706685204,3.5336528042397144,0.010950533780338905,339.5307233931819,782.3914083689154,221.07937446208737,7.260034888328901,18.021837553863016,0.0,1.9950953433217598,0.0,0.5164393941263432,21.36520532933085,2.513353854411567,9227.694192182838,2004.0,0.9932832590435399,0.02633220571118074,0.00470476345110623,0.025361416322066864,0.002399484783136179,0.006435824682671198,0.0008193588376587693,0.4372124238278415,0.0,0.5627875761721585,1.1102230246251565e-16,0.5627875761721585,0.0,0.17342456209555376
64,spinup,10.529857010767637,1.0817295471574238,9.448127463610215,9.382569918278943,0.00017003250082105702,5.802364344443278,1.240878398130198,3.075375202636537,4.757238380220179,11.132489097687417,0.007855604904491139,1.2981996085370797,0.030192532740663896,109.07016865257762,2.7393258127649185,3.573239673792574,0.009722424557213467,327.9768288151807,768.8606523994608,222.50142066834178,7.262710330402167,15.036609386636325,0.0,1.6623286002304756,0.0,0.4511950203139192,20.979979993756878,2.47881323386773,9265.651731884598,2001.0,0.9935548858955057,0.026322137403631735,0.004703947764697549,0.025310366729982558,0.0024036706002284157,0.006432360843928858,0.0008190486440021257,0.5282768834586277,0.0,0.4717231165413722,1.1102230246251565e-16,0.4717231165413723,0.0,0.13120140488538548
65,spinup,10.757714123322696,1.470982033185032,9.286732090137665,9.087881532267996,0.00023573716805854825,5.7660659050429475,1.2324826632150843,3.027103210582978,4.718538630300345,11.202751951249384,0.019951547793728253,0.9933375608708928,0.010198457342974457,109.48323663603138,2.7423275310104707,3.4574402282848027,0.009854816508029432,336.6220010377206,756.7923898762076,223.90592942997262,7.2637349789235515,18.803848366079986,0.0,2.1355089857180998,0.0,0.5370175275350183,20.77547668223369,2.467459445885493,9295.165522392124,1998.0,0.9934194234524143,0.026327005483808175,0.004701333944356493,0.025321813015658574,0.002402160862855825,0.006431316203047318,0.0008187459666618645,0.40976975525947196,0.0,0.590230244740528,1.1102230246251565e-16,0.590230244740528,0.0,0.1695663742686673
66,spinup,10.775995150824839,1.4516133737184933,9.324381777106346,9.129775663561665,0.00023955374982772057,5.85790595865319,1.2511241108774784,3.117660637353939,4.753481863573598,11.22377275085809,0.02441813946590177,0.9126644328444968,0.008244407162742218,109.54189108465802,2.734634217598479,3.5201200474794336,0.010653730157774448,341.5615995540595,779.4322427849019,224.32599423672542,7.268908309047406,19.222044561830494,0.0,2.119071301571537,0.0,0.5560098217227109,21.275484491416364,2.5101104482082643,9359.505527273752,1993.0,0.9933877013353196,0.026332663338523698,0.004698582682539563,0.02532871134804425,0.002398368420116345,0.006432822183435718,0.0008190129446958039,0.4056875838102222,0.0,0.5943124161897779,0.0,0.5943124161897778,0.0,0.17938186704183592
67,spinup,10.766797567309698,1.3248390304606001,9.441958536849098,9.243922748548227,0.00021218287855219757,5.844823376950728,1.2489766870934373,3.0967096622311105,4.7666377958232085,11.280926926301161,0.018621852037645402,1.276906197834186,0.020511064814661275,109.81556630509716,2.7367314676315364,3.5490638219393578,0.008001962317670946,332.45936248384345,774.194384201815,225.4683468945411,7.272803313732052,17.77696116956515,0.0,1.9093851605118328,0.0,0.5053140257704202,21.15459434229993,2.498451567940969,9401.505837122602,1987.0,0.993408246063272,0.02633481520396408,0.0046983069819260415,0.025285317418483874,0.002396722508127191,0.006430796899029187,0.0008185427169409717,0.46930211551181006,0.0,0.53069788448819,0.0,0.53069788448819,0.0,0.15151206666770137
68,spinup,10.848395365229852,1.3352555205463226,9.513139844683527,9.180237882445343,0.0002047186960920175,5.873603371375909,1.2545042314761778,3.0843035601239244,4.7669330273316195,11.324587483002627,0.021838988109456847,1.161841196114848,0.012305278295259273,110.07897182906065,2.736586726597734,3.535762970956949,0.007914202374547812,337.58212910514646,771.092790694887,226.34102642019963,7.276309988246448,18.04661231794708,0.0,2.034866220231608,0.0,0.5069146065766112,21.103403156031256,2.499837560496265,9441.59071333594,1985.0,0.9934135890939568,0.0263328563583742,0.004698710780478525,0.025273460149119895,0.0023975393908699846,0.006430624280471864,0.0008185534559682116,0.44321279429918026,0.0,0.5567872057008197,0.0,0.5567872057008197,0.0,0.15712799427020607
69,spinup,10.870549335364018,1.3603568690593737,9.510192466304648,9.176142101851244,0.00020939089017096407,5.883070678700223,1.2551244714413372,3.104259176968557,4.782375815856021,11.359811193418675,0.02299553049471645,1.1961657054774217,0.017449837686299843,110.3079045544753,2.7347804068085715,3.5512243681442817,0.008268621162644535,338.0056914018714,776.0818042542874,227.04503013744576,7.275099097103257,18.178982752064478,0.0,1.9926360518326507,0.0,0.534297986807156,21.259828137079367,2.5162860944767598,9491.60796741797,1984.0,0.9933996592974154,0.026337239233744106,0.004699352184108336,0.025259338027640302,0.0023966303291024374,0.006430076924524441,0.000818387201754295,0.4466549028502285,0.0,0.5533450971497714,1.1102230246251565e-16,0.5533450971497714,0.0,0.17097840031062495
70,spinup,10.788159004645689,1.4135574819393861,9.374601522706303,9.248815248717571,0.00021478958133018986,5.884047589330653,1.2547223545453434,3.1178048550722792,4.800574507008064,11.399117413058496,0.018290546749791962,1.2929550210904976,0.017511315953659203,110.51702288897475,2.733798664621921,3.590671770927525,0.00846853533751042,335.6117209908063,779.4682980047385,227.8306268644606,7.2702349794706915,19.486829898384254,0.0,2.0658531090785544,0.0,0.5165573516824715,21.29705642946376,2.517560800910637,9532.569160568017,1978.0,0.9934538295945445,0.026354784417557106,0.004702015779017359,0.02526584780303101,0.0023952656779479475,0.0064285483483948426,0.000818364880598144,0.4301885154370275,0.0,0.5698114845629726,0.0,0.5698114845629725,0.0,0.16811699957598059
71,spinup,10.799128360993128,1.222218298694704,9.576910062298426,9.117460351229267,0.00020249482243874425,5.823310513087359,1.2414261947525778,3.045173676811324,4.781141171316591,11.468145341430356,0.020733433935286486,1.9240422464354976,0.0322571218382411,110.87404481767754,2.7412468927348805,3.4950688879905747,0.007768137158774088,329.6896054323496,761.3101054517177,229.2103994109372,7.267576309212726,15.615822923212933,0.0,1.7117611607631882,0.0,0.48753039863833436,20.781863543075282,2.4674339587993543,9555.203786912583,1974.0,0.9933595567990156,0.026340688982109006,0.004699438023153561,0.02521402322516983,0.002395047292132243,0.0064260079909342184,0.0008182122719657407,0.5172744780764991,0.0,0.4827255219235008,1.1102230246251565e-16,0.482725521923501,0.0,0.14637040604797197
72,spinup,10.902141852267825,1.4512078316721948,9.450934020595632,9.039973135567681,0.00023285843388323559,5.867816126702567,1.2490533466185232,3.0926658712690522,4.792141987125521,11.50824501990537,0.029479179480595023,1.1963840253931197,0.01631427144820352,111.1401292947563,2.7372938741049926,3.5422465869051836,0.009743512421478645,343.59690216614945,773.1834143030559,230.01187536608847,7.267873563356938,18.670146415119127,0.0,2.1466373009065,0.0,0.5367343780968102,21.09413016373304,2.4997886047580797,9615.856099408065,1967.0,0.9933160468597553,0.02634072785906484,0.004697290923711405,0.025215685226575267,0.0023922869653438435,0.006424311071372058,0.0008178370643540605,0.41188856671861845,0.0,0.5881114332813816,0.0,0.5881114332813816,0.0,0.1786722893090194
73,spinup,10.869419578159324,1.4298471725778292,9.439572405581496,9.14558010114615,0.00022074977714317112,5.9041489282697945,1.2570804009276273,3.113923822365258,4.815140046107318,11.545616972276571,0.022873830476210888,1.1182635923641657,0.012732134092107565,111.38774759412658,2.734927066126993,3.5694204479555287,0.010390094324871634,343.20052937333827,778.4980185615843,230.75879712941034,7.2735762320850155,18.19445226211879,0.0,2.058391813790899,0.0,0.5488834649120338,21.228694739249317,2.512395433581193,9663.555558504733,1956.0,0.9933137092926645,0.026348265624216265,0.004697217792977522,0.025207966787210736,0.002390642909659736,0.006424566723127223,0.0008177408417741279,0.4258182908292153,0.0,0.5741817091707847,0.0,0.5741817091707847,0.0,0.164693641683019
74,spinup,10.796470780456161,1.3587110010173675,9.437759779438794,9.208649844008958,0.00022602267635341608,5.9121198618870165,1.258036256082508,3.146791026241394,4.851957549571007,11.585775998342433,0.02353824119628549,1.1955388535136797,0.01898659927098615,111.61538355159021,2.7328657517958943,3.5965154233660552,0.010963458802523435,341.1200954689003,786.7149996288334,231.5613886643711,7.280280720349243,18.04679505217011,0.0,1.9911693197118754,0.0,0.5253836689247682,21.40251530116807,2.521422985618817,9715.447895975136,1950.0,0.9933613343587906,0.026350490827801713,0.004699770135700897,0.025199011581014577,0.0023883005687141473,0.006423361910501182,0.000817390174417855,0.4364717752488768,0.0,0.5635282247511232,0.0,0.5635282247511232,0.0,0.1734030892833864
75,spinup,10.588120874224835,1.0940899331980412,9.494030941026795,9.425447390535556,0.00017086762880282508,5.864480023144558,1.2482595300206727,3.0926236977487283,4.849486355997833,11.65239225345706,0.007776164827899338,1.388932033387126,0.02809912265254796,112.04007833230621,2.738086177461432,3.636501525652814,0.009735988300746705,329.58665684947016,773.172870691882,232.89291064651042,7.28480272558381,15.10089492107814,0.0,1.669659305892708,0.0,0.44899601290137303,21.018748455911922,2.4857036106177137,9746.700427754238,1942.0,0.9936289109937997,0.026342952672603642,0.004701224500521925,0.025145909777093037,0.0023924579061384227,0.00641910546941709,0.000816860781302711,0.527303810376187,0.0,0.472696189623813,0.0,0.472696189623813,0.0,0.13126366005155893
76,spinup,10.819809798785045,1.4811148618523706,9.338694936932677,9.136920212947992,0.00023737634734811818,5.830632134057835,1.240804166052384,3.0450312964849204,4.810461318911892,11.71655219750421,0.019892856973327027,1.0757301863913542,0.010119715827905522,112.4582004214192,2.741009416667436,3.5198357407631735,0.009875018295036021,338.5098899407041,761.2745095899335,234.17543630376582,7.289265391515022,18.846355842407757,0.0,2.1416345180915304,0.0,0.5359032277615787,20.722982814531285,2.4694759610092385,9769.828589235687,1941.0,0.99349493180845,0.026352916739607324,0.004699098828953385,0.025167307055201774,0.002390650346341139,0.006420588680046862,0.0008170698592669869,0.40859037740543663,0.0,0.5914096225945634,0.0,0.5914096225945634,0.0,0.16987316107370395
77,spinup,10.824872665836493,1.4589637603764254,9.365908905460065,9.16822882355918,0.00024074233550782772,5.917647184683794,1.257791781598464,3.1330653943288915,4.841739088707509,11.729902548040078,0.024376225256239822,1.0498622549764882,0.011657242924004264,112.52390603595465,2.733478291866797,3.57997290823214,0.010668770095155477,343.0548009082337,783.2835164401175,234.4421954130422,7.288380044953871,19.240355654057815,0.0,2.116358167372332,0.0,0.5615207153687922,21.33981736184043,2.522860697479649,9827.930792237088,1939.0,0.9934600372881819,0.026360710188612392,0.00469761844977358,0.02517195586081608,0.0023870657945426984,0.006423966362161042,0.0008173832747755774,0.40526064554728175,0.0,0.5947393544527182,0.0,0.5947393544527182,0.0,0.17870988033258214
78,spinup,10.808479073531236,1.3323284838094291,9.476150589721806,9.274642380010489,0.0002130900323846558,5.900577463352782,1.2547269905141636,3.109242765692257,4.850720836521296,11.778685010857915,0.018540044003130356,1.4105407616270982,0.02080754238672212,112.80613041051156,2.7357583114551565,3.606647246865713,0.00801243610631998,333.47657685429544,777.3277287431463,235.41722702007695,7.287741224404658,17.838877603321123,0.0,1.9101331985208305,0.0,0.5065025930651723,21.188313344050822,2.5042868912781375,9863.188873940719,1936.0,0.9934808880662156,0.02636199830046799,0.00469788065170944,0.025149521086079235,0.0023859948004188412,0.006422932863933342,0.0008173377916569555,0.4691506347064097,0.0,0.5308493652935903,0.0,0.5308493652935904,0.0,0.15103782706804122
79,spinup,10.889262173953814,1.3437835894359536,9.545478584517861,9.209128642394774,0.0002056159046636233,5.9289652915910445,1.2601921187000085,3.0960984318800047,4.8491248749141755,11.815166997631776,0.02176835737280372,1.2811981732162312,0.011295182655957442,113.07678017727999,2.735687556857086,3.591242550589334,0.007926199976977973,338.599141673991,774.0415732647577,236.14642759566854,7.289767897357625,18.085230813863205,0.0,2.0360816654038896,0.0,0.5070216584908098,21.1062058044552,2.502147984446563,9896.51062141931,1935.0,0.9934847599627674,0.02635817111934348,0.004698102395747612,0.025142735476795446,0.002386556858772146,0.006422085407060905,0.0008172312404985977,0.44317920746323497,0.0,0.556820792536765,0.0,0.556820792536765,0.0,0.15665725060842636
80,spinup,10.90903228893404,1.366242764425054,9.542789524508986,9.204885546025887,0.00021025267918328133,5.939042905841464,1.260926567209354,3.1163618628990415,4.864131638196558,11.844629211524746,0.022892991836865884,1.3281707615959297,0.01713965016265433,113.31204304465253,2.733901700810517,3.606116035544765,0.008282854478079782,339.045910102474,779.1075420544493,236.7352726207157,7.290237141382544,18.216937238724494,0.0,1.993397495574028,0.0,0.5353654573245329,21.25321402485958,2.520088446117543,9940.246436246345,1931.0,0.9934644355230458,0.026357880846485778,0.004697792763684094,0.025129771578723394,0.0023858763778630203,0.006422225344792358,0.0008171853964488746,0.4462948637966351,0.0,0.5537051362033649,0.0,0.5537051362033648,0.0,0.17062362986699844
81,spinup,10.819091092499692,1.4201296696510441,9.39896142284865,9.268451473434057,0.0002152945257843954,5.935048910634049,1.258830064276367,3.128053626827051,4.879974544320278,11.877524882756639,0.018163601196158324,1.4509594853463867,0.016164165938436597,113.5295335045792,2.7330663874144943,3.64407190981126,0.008481042831121359,336.22457594727655,782.0305471023157,237.39274276229654,7.289216479107796,19.511830373734334,0.0,2.06207787711193,0.0,0.5217715533028646,21.33573350123426,2.524516312637366,9974.707707940717,1929.0,0.9935183070180185,0.026362627733250404,0.004698310004775122,0.02513529985528485,0.0023849789004877805,0.0064223894279137874,0.0008171005384017146,0.42992499225068914,0.0,0.5700750077493107,1.1102230246251565e-16,0.5700750077493107,0.0,0.16827248777553855
82,spinup,10.834481531464991,1.23173500394526,9.60274652751973,9.137581097092324,0.00020352258838755247,5.873957324871134,1.2456933821459604,3.0549530368986058,4.858390450072748,11.937896549260893,0.020668935618968143,2.0907793174776192,0.027005743787675365,113.8886264687441,2.7404600362329887,3.5462275886727084,0.007779355512341307,330.19540431787186,763.7549990602471,238.59950119518405,7.284704802925642,15.688665307536539,0.0,1.7218060365750651,0.0,0.48297324964266614,20.757761647637636,2.4675758090614144,9990.506821320234,1923.0,0.9934234248517537,0.02633524670880023,0.004698423059548408,0.025088895257931464,0.0023852185022358156,0.00641945921785907,0.0008164053143534563,0.5157999908762714,0.0,0.4842000091237286,0.0,0.4842000091237286,0.0,0.14626882483913892
83,spinup,10.93586165328112,1.4578371445645437,9.478024508716578,9.061709567655674,0.00023368126786246573,5.918029297405567,1.2531417994066456,3.1032019629600835,4.868449231829493,11.969970975008847,0.029413059110214457,1.3402258190439098,0.015572008290430504,114.16058916803318,2.73640731196841,3.5927491427874467,0.009750218233332266,344.1989576357141,775.8174949590884,239.24057224028263,7.285355183320942,18.674384472952184,0.0,2.145160293486205,0.0,0.5410176489686758,21.047706596858703,2.501101639630858,10045.232202476871,1920.0,0.9933805782942886,0.026337745121890827,0.004696656826166419,0.025085801429510925,0.00238338594977012,0.006421759418850929,0.0008165255047418741,0.4109196863182304,0.0,0.5890803136817696,0.0,0.5890803136817697,0.0,0.17873784282593524
84,spinup,10.896021005571981,1.434695642090023,9.461325363481958,9.16278741223039,0.00022144281727963456,5.952368914800551,1.260706945458155,3.122891449924893,4.888551432780569,11.99922544671059,0.022811570160475057,1.2579212633387413,0.013426598287664984,114.4144158792125,2.7340788327088488,3.618594868931352,0.010390000161456758,343.66591833592474,780.7399745902553,239.82525100283536,7.282595406318951,18.20115379831218,0.0,2.0606668961322554,0.0,0.5471297771816566,21.21720176090312,2.5149242768952442,10086.796723372485,1911.0,0.993376923804517,0.026337889196656746,0.004696025837505568,0.02508425196793128,0.0023817867400348336,0.006422436312387549,0.0008164545065902733,0.42564853058559426,0.0,0.5743514694144057,0.0,0.5743514694144058,0.0,0.16492531574661365
85,spinup,10.826066854262956,1.3652219947948752,9.46084485946808,9.227021278091225,0.00022670225547508806,5.9616028491394575,1.26218944489085,3.155270137561771,4.924404797723082,12.033107355825752,0.023455598944685834,1.3105995608585024,0.019673755955124286,114.6477607645438,2.7320932621435525,3.6448245901638137,0.010963165956856032,341.7515379779485,788.8348239208301,240.50237915091296,7.286247890332016,18.060108489791958,0.0,1.9967528840490152,0.0,0.5218469588469148,21.369647436441085,2.5257950846375876,10132.690125540043,1906.0,0.9934241782472127,0.02633924081357914,0.0046966874223328325,0.02508107873475853,0.002379850338167392,0.006422076690073015,0.0008167814232783264,0.4361111041587059,0.0,0.5638888958412942,0.0,0.5638888958412942,0.0,0.17384195476062828
86,spinup,10.609646063586846,1.0950077067835564,9.514638356803289,9.442245475398671,0.00017102501560789532,5.912577272354222,1.2521192236382648,3.099878740388697,4.919656528340881,12.092960151793012,0.007683747108656222,1.5358418572193018,0.030388397011584665,115.07581696737986,2.737411503140265,3.6848754007609372,0.00973057389295374,330.1466871606045,774.9866711064037,241.698720407922,7.291400307727715,15.13351881064871,0.0,1.6629026423435498,0.0,0.4544609373364228,20.9906782407612,2.4893703328958776,10157.823560744866,1901.0,0.9936895339704899,0.026339160625427613,0.0046962337587249554,0.025028305823022096,0.002383849882236635,0.006418256426575553,0.0008162274337694918,0.5278281736850543,0.0,0.4721718263149456,1.1102230246251565e-16,0.4721718263149457,0.0,0.1311082395879295
87,spinup,10.845305179800153,1.487661823396961,9.357643356403191,9.152167764783444,0.00023830377528504985,5.878432580327422,1.2441881649656372,3.0516138832563553,4.880024889062299,12.153409756741269,0.019789898959523048,1.219832684219819,0.012233047718165784,115.50105383156163,2.7405315764330784,3.5655593465898066,0.009869528801503295,338.95235291861326,762.9201923525512,242.90708605145093,7.300012865438021,18.858601711483704,0.0,2.1436091545717364,0.0,0.5354525165765804,20.759734629768673,2.477665544581531,10174.60435498121,1897.0,0.9935536348730715,0.026335894314148355,0.004694188228856682,0.02505505882497056,0.002382343479769216,0.00642040898232624,0.0008163350025585851,0.4081269314166962,0.0,0.5918730685833039,0.0,0.5918730685833038,0.0,0.17040404015867402
88,spinup,10.856811650837333,1.4666895998865417,9.390122050950792,9.188799053416755,0.00024158994012103707,5.968653426664932,1.2620574515254113,3.1421238220391725,4.913112713706941,12.161062718624967,0.024271840682907272,1.1550112540423987,0.011632538894317361,115.57401759675389,2.73307844703782,3.626495928663149,0.010669426265540263,343.8100255679092,785.548173003996,243.0599616998888,7.299919769066067,19.26592688488312,0.0,2.1091856382255747,0.0,0.570837294698437,21.328628370481074,2.525877915953691,10227.260840755573,1895.0,0.9935199302712341,0.026336604654889365,0.0046924983680745125,0.025072160767675603,0.0023788449134372514,0.006421731376734647,0.0008160368654215826,0.40522086650980627,0.0,0.5947791334901937,0.0,0.5947791334901936,0.0,0.1785526115307137
89,spinup,10.841506026951762,1.338914305383639,9.502591721568121,9.296675773398414,0.0002137932740506345,5.951674263549218,1.259133784947238,3.118571166986311,4.921551310483169,12.204236274233402,0.018436330814831366,1.545639095730594,0.021313497501021423,115.85734666620766,2.7353894456934014,3.653480825000539,0.00801371419102667,334.10635356840976,779.6598801823078,243.92288483906594,7.295786392002721,17.916325109645047,0.0,1.9168224430207719,0.0,0.503529085628996,21.18615075051423,2.5095962051368077,10256.916918927962,1892.0,0.9935418540102926,0.026334492805332694,0.004692473938636332,0.02505415409453165,0.00237810395958512,0.006421906734384852,0.0008159043306591346,0.4685275600961254,0.0,0.5314724399038746,0.0,0.5314724399038746,0.0,0.15142773167326196
90,spinup,10.928931224704273,1.3517438367296035,9.577187387974671,9.235837132630147,0.00020646893902481232,5.983502168046674,1.2653084985256693,3.1064853201751608,4.92087041351492,12.237737724435945,0.021691194691026712,1.416549047015895,0.011142193816872654,116.12912560703667,2.7353818313291955,3.638034632690344,0.007931493053100277,339.44536190782026,776.6383522542505,244.59250841472917,7.300856937035596,18.15258093090815,0.0,2.0381013694351324,0.0,0.5089759181262866,21.11306632678639,2.5075816017725243,10284.707112895196,1886.0,0.9935415578236308,0.026331314007858788,0.004691211211538256,0.025031353472182785,0.0023776902013431123,0.006421967585523906,0.0008160292610227046,0.4426472129173036,0.0,0.5573527870826964,0.0,0.5573527870826964,0.0,0.15689463347211882
91,spinup,10.967292929127922,1.3817038715836092,9.585589057544313,9.241738921821812,0.00021143364072613856,5.998841188476786,1.2677299254793009,3.12913003135683,4.93753075711429,12.261177392311293,0.022847613928867385,1.4191571527891427,0.012332192511302466,116.3643500413179,2.7336022277628604,3.6545461338936303,0.008296758759270403,340.3270340431161,782.2996541329967,245.06097121292024,7.304705070993181,18.32670748511059,0.0,2.000366872123242,0.0,0.5363721205297245,21.24153679629321,2.522921295794214,10323.495736326178,1884.0,0.9935286707182236,0.026338948687389598,0.004692388069226388,0.025026090429467428,0.0023769533166339493,0.006421532787673443,0.0008161256051687096,0.44519480064997446,0.0,0.5548051993500256,0.0,0.5548051993500256,0.0,0.17035756809140803
92,spinup,10.886772238819123,1.4319546024078547,9.454817636411267,9.318307589926286,0.00021636019903082404,6.000302148733098,1.267907980431522,3.1431745698107276,4.953801077762628,12.285027323729572,0.01808636964080996,1.5453062786761178,0.013055197951552426,116.57412167226101,2.7323881269313275,3.6947053398006093,0.008499791524423343,338.16283547749185,785.810865704533,245.5376353615622,7.306121779036911,19.64651843181053,0.0,2.0722194285196434,0.0,0.5199082418573426,21.275962268534627,2.5218832994498546,10353.236114399377,1879.0,0.9935810436403971,0.026355816182629874,0.00469249127078266,0.02503535698182419,0.002376400108698044,0.006423078228403487,0.0008163225657314545,0.42899516279489136,0.0,0.5710048372051086,0.0,0.5710048372051086,0.0,0.16806802353482794
93,spinup,10.901377799260278,1.2392198457023251,9.662157953557955,9.189428533520593,0.00020474421276768498,5.940442362157875,1.2552063881761442,3.0701120594600275,4.931993865355565,12.342455067167506,0.020618174138898923,2.296139141919206,0.02931324292905084,116.92319856908456,2.7397583538603367,3.59714782940489,0.0077961764568235375,332.13907314187423,767.5448377655607,246.68555173427015,7.308639885823256,15.819455883504864,0.0,1.7223286437901424,0.0,0.48952314533324404,20.834674047702425,2.478332190688743,10364.230237286134,1874.0,0.9934881373467053,0.02633732896893234,0.0046902351684150875,0.024990989193012562,0.002376693130177082,0.0064196053663011544,0.0008158597699974516,0.5146085565270344,0.0,0.48539144347296564,0.0,0.48539144347296553,0.0,0.14621505108955712
94,spinup,10.996167771483542,1.4681617656503838,9.528006005833161,9.104819380151644,0.0002349101182149695,5.980826373684108,1.2615904560930187,3.117195838388371,4.939636273808861,12.369034309266427,0.029371809875957458,1.4952018626506438,0.01535446800693296,117.20337129506403,2.7358527315816796,3.6422280596605305,0.009772199576371854,346.10194998588804,779.3160404966104,247.21679252643105,7.307258185729528,18.73260840140451,0.0,2.148415018877718,0.0,0.5442451969694624,21.15897490247322,2.511647261802965,10414.341115460425,1873.0,0.9934451121635023,0.026337916774292598,0.004689591145885769,0.02499926038589878,0.0023745176136306693,0.006420070986180762,0.000815913702844346,0.4099940937592042,0.0,0.5900059062407956,2.220446049250313e-16,0.5900059062407957,0.0,0.17849733795841302
95,spinup,10.951194990697076,1.4451577565440246,9.506037234153053,9.20131533584677,0.00022252127206883704,6.011342297101232,1.2681149548377053,3.135480255669441,4.9565305532927635,12.387202679388414,0.022742122136484032,1.3869002715527952,0.011484101885357981,117.4638905222733,2.733481282352029,3.6664297688687166,0.010412306219938817,345.3011114476384,783.8872450076618,247.57989281482742,7.303902801571772,18.26100640018523,0.0,2.067209720630726,0.0,0.5461415265659748,21.227064092430048,2.5168945500081676,10451.046850768313,1870.0,0.993440962459718,0.02634004099155355,0.004689644612657094,0.024994703350511627,0.0023724233368622744,0.006419382304989197,0.0008158860373482075,0.42478121580789896,0.0,0.5752187841921012,0.0,0.5752187841921012,0.0,0.16463328036472544
96,spinup,10.879072546540737,1.3752980624147102,9.503774484126028,9.263315166684219,0.00022768831506768934,6.017022323318317,1.2686783697849544,3.167650680021834,4.990560167492814,12.411768591699603,0.023432792248829604,1.4375719249924452,0.017566907321600093,117.70028654401138,2.73138971110737,3.6911274583071756,0.010984947807650091,343.15804067691795,791.9300273759217,248.07081927637756,7.3103261572431135,18.125299319337792,0.0,1.9974170956186794,0.0,0.5279327043988727,21.403931459275693,2.5288787692618553,10492.068299189652,1866.0,0.9934847605543039,0.026353746609031278,0.004690729748850496,0.024991249250659216,0.002370237948183725,0.0064202568769843055,0.0008161455180539072,0.4347738790671014,0.0,0.5652261209328986,0.0,0.5652261209328986,0.0,0.1736193384608563
97,spinup,10.658238807926233,1.1031462502274403,9.555092557698794,9.477306159102483,0.00017152540498139795,5.963846454067622,1.2579550858777422,3.111394160767861,4.983524532540519,12.464276577778882,0.0075947325259536035,1.6608155705897107,0.028716489666754174,118.13087095716503,2.736633962767442,3.730888620716759,0.009750773649404427,331.3163902425502,777.865589300772,249.12035988933772,7.3108400083263,15.217494049065216,0.0,1.6706551924844881,0.0,0.4511264061998314,21.03401296187401,2.4934886366505506,10512.226323452862,1864.0,0.9937504384973735,0.026347682637382575,0.0046907123196832465,0.024953330116113157,0.0023746934160981284,0.0064183489198849026,0.0008160404703673235,0.5269302793100462,0.0,0.47306972068995384,0.0,0.47306972068995384,0.0,0.13095256212856993
98,spinup,10.888596660394105,1.4964082188881862,9.392188441505919,9.181013944705724,0.00023942349558413886,5.925631476682602,1.2497014901966144,3.0611497738369677,4.939491180969491,12.515403797728327,0.01969928126385719,1.3330060230032337,0.009612843930047505,118.55963761784695,2.739746973995239,3.608501707557323,0.009886153215793473,340.0332817150778,765.3042172503049,250.14240321501046,7.311491742132888,18.91197459207273,0.0,2.1456158647780135,0.0,0.5370098623931623,20.773065071844883,2.4790730500638576,10523.742585744829,1863.0,0.9936131858192567,0.02635207692684865,0.004690571789445864,0.024975771933520366,0.002373137482316152,0.006419084523925482,0.00081635751187028,0.40715379475878727,0.0,0.5928462052412128,0.0,0.5928462052412128,0.0,0.17008277897666452
99,spinup,10.89850756376666,1.4752857174564422,9.423221846310218,9.215801001516938,0.0002422753295211247,6.013407337908633,1.2672340297227582,3.1512690129484713,4.969848985448291,12.513183481898562,0.024233678282753485,1.2511519979988943,0.008251312160345036,118.63456162261583,2.732160244474596,3.668105911467222,0.01068457339889653,344.8565503630141,787.8345208430543,250.09794081395415,7.309158227938799,19.324502758729597,0.0,2.116074247266064,0.0,0.568076306070574,21.306478339536532,2.5235598733536806,10571.593892636116,1863.0,0.9935769693442791,0.026359412158634174,0.004690596190062119,0.024994151266311132,0.0023705738235978717,0.006420724643588499,0.0008164779632639481,0.40431016554804167,0.0,0.5956898344519583,0.0,0.5956898344519583,0.0,0.17806591583724532
100,spinup,10.878314108208341,1.3447235510584148,9.533590557149928,9.322137841510264,0.00021429925633165327,5.993271968859109,1.2637444735305232,3.1271158112788893,4.976274561676685,12.549366528647637,0.01833868593286977,1.6891683222163691,0.02028106614820522,118.91484911916773,2.7343765892650858,3.6939887811263263,0.008022681002008038,334.7843371722054,781.7960880764473,250.82114427148431,7.3058145569339015,18.01384376355864,0.0,1.9188415009776405,0.0,0.50494942265031,21.202170290278204,2.5130765525926453,10596.21751512812,1861.0,0.9935935585523419,0.026357661419189934,0.004689591073845733,0.024972899336040542,0.00237031590383784,0.0064194829194043936,0.0008162328131166767,0.46772357452621866,0.0,0.5322764254737813,0.0,0.5322764254737813,0.0,0.15119586542209917
101,spinup,10.960447300988395,1.3565116177600456,9.603935683228347,9.256393001304046,0.0002070048436146209,6.022632217746707,1.2694889445060764,3.1132273132552775,4.9719608335272625,12.573686554573738,0.021564083080750834,1.5664426316436426,0.010054360347775796,119.18590476382664,2.7344105430123276,3.676757384401498,0.007937619705102403,340.0234182336064,778.3238874675172,251.30726092588154,7.307409968517887,18.225263617276624,0.0,2.0379619782584175,0.0,0.5101838102420855,21.126447337138618,2.5099919233176964,10618.939716558982,1861.0,0.9935949690369908,0.026356681225513996,0.004689685265853349,0.024968540709311933,0.0023711140222359003,0.006419225013563427,0.0008162468300773512,0.44266081633699084,0.0,0.5573391836630092,0.0,0.5573391836630092,0.0,0.15580090588880477
102,spinup,10.990970191741662,1.3840690709439676,9.606901120797694,9.256747596249985,0.00021166856454390184,6.034540954176186,1.2711806601747193,3.133978448848918,4.984911518686522,12.589344917705766,0.022725575319681036,1.5774904801634542,0.012595307444097016,119.42183208082855,2.7326126023892394,3.6909414919662527,0.008297811797966423,340.7110109944154,783.511785073272,251.6202023818521,7.307877543287892,18.392092178328458,0.0,2.0006220248435858,0.0,0.5356717627830134,21.237523070930095,2.522675314646329,10652.569424671952,1859.0,0.9935780915996382,0.026357364233961622,0.004689350684117943,0.024955744381295667,0.0023705849287106364,0.006418759291900458,0.0008163255875904538,0.44521706829362023,0.0,0.5547829317063799,0.0,0.5547829317063798,0.0,0.1694069530790518
103,spinup,10.901995115276824,1.4325061420153256,9.469488973261496,9.325715766757066,0.00021635717927363785,6.032406845447901,1.2703165355185726,3.1460110578430296,4.998446278723847,12.608089774156856,0.017927832686932352,1.738271035134635,0.015313459905823303,119.63372195808513,2.731598494115048,3.7293853011108937,0.008495838414249817,338.3000581889651,786.5200032553493,251.99483458196664,7.306040831473433,19.69739752509025,0.0,2.0640908848216055,0.0,0.5253608048059653,21.31195343927216,2.527202839769306,10677.087817394198,1857.0,0.993627244958056,0.026361630071957486,0.0046896523922648195,0.024970333275141126,0.002368819205278143,0.006420265519820204,0.000816429007060031,0.4296549201268268,0.0,0.5703450798731732,0.0,0.5703450798731733,0.0,0.16680450925556128
104,spinup,10.917027545092271,1.2406218338478385,9.676405711244431,9.196202110564899,0.0002049804935209146,5.973132609829654,1.2577535603982264,3.071824558880074,4.97462562290014,12.660727230285447,0.02047912740218498,2.521188901802613,0.030691246735252115,119.98081331398339,2.7390765209364005,3.63000415160126,0.007789484237577113,332.1946080505051,767.9729720043365,253.04700895613198,7.303742123087107,15.900299788853399,0.0,1.7242326335710159,0.0,0.48573944869854285,20.830854233967557,2.4779014761482747,10682.696293033052,1854.0,0.9935367970743778,0.026356975575805394,0.004688406940146786,0.02492825573657538,0.002368458315575199,0.006417024250161946,0.0008160219908462153,0.5152420488340027,0.0,0.4847579511659974,0.0,0.4847579511659974,0.0,0.1447652679317454
105,spinup,11.018022277550683,1.4710134046633523,9.54700887288733,9.115778149275753,0.00023509081572043545,6.0145453783909435,1.26456331643622,3.118920020867981,4.9806134489372065,12.680192090199455,0.029221423777707856,1.6584405214685014,0.014804501384461077,120.26368703108659,2.7352245693527,3.6739922583026967,0.009767113042942378,346.3857957316169,779.7470955642953,253.43605312520765,7.304966923208196,18.7592287980246,0.0,2.1466874532365017,0.0,0.54369757103141,21.113174205243517,2.5116394505603967,10727.937310093497,1850.0,0.9934904300623497,0.026364180540800884,0.004686369341486019,0.02493237930951123,0.0023663040396166724,0.006417317508823874,0.000815856120168907,0.4108041595908395,0.0,0.5891958404091606,0.0,0.5891958404091605,0.0,0.17695062882973167
106,spinup,10.98117389354113,1.449574830942017,9.53159906259911,9.21898825984829,0.00022285281223563558,6.049127697057603,1.2723287412250757,3.139132870143793,4.999252730039865,12.696624421173938,0.022613140381812665,1.5490869605159925,0.01104073821565755,120.52404565987453,2.7329105836894523,3.699549827736212,0.010413370151780838,345.9440333090326,784.8004186410146,253.7644489610308,7.30548300397472,18.31201589594102,0.0,2.065643633738559,0.0,0.547043115832119,21.23648080277488,2.5187351048841053,10760.171011702998,1847.0,0.993488278474528,0.026365498446226668,0.00468549575090931,0.02494271689709611,0.0023648671647069678,0.006416723458335943,0.0008155749240137123,0.4256527701698491,0.0,0.574347229830151,0.0,0.574347229830151,0.0,0.16344470205215675
107,spinup,10.900565267137281,1.377724587114189,9.522840680023092,9.274795259362008,0.0002279073235980259,6.050767724412348,1.2724996387644139,3.1689046199420954,5.02845851153426,12.711934599778289,0.02328005861096531,1.5950919714119043,0.01663745035499621,120.76126412696438,2.730860993997626,3.7231177417367416,0.010981147154246413,343.72577642282977,792.2435192270414,254.07038647543905,7.305664024934543,18.1583081403874,0.0,1.9947827612647206,0.0,0.5280878004413785,21.38086532194724,2.5269276398421443,10796.644562897103,1846.0,0.9935334460216283,0.026374334167759285,0.004686833346996654,0.02494870608908227,0.0023630564613436418,0.006416819215480555,0.0008155268157143177,0.43629461884843823,0.0,0.5637053811515618,0.0,0.5637053811515618,0.0,0.17195702820559497
108,spinup,10.67907841910285,1.1056173445853412,9.57346107451751,9.489036871631871,0.000171486065986976,5.997618526069784,1.2619342581027997,3.1122265524833543,5.020247425158627,12.759439399388631,0.007478545238933242,1.8298328137953501,0.02871348877510125,121.19225031503309,2.736158680113595,3.762376082063601,0.00974497186507147,331.91035708069865,778.0736917907957,255.01992740170618,7.305062319590322,15.27175633716594,0.0,1.6675619348554584,0.0,0.4504108853064317,21.027680145918502,2.492150110316418,10811.926230290252,1841.0,0.9937931441073349,0.02637137639338006,0.004686519958572723,0.024908614754300118,0.002366383251591729,0.0064135576902062215,0.0008153236700774709,0.5284489137337918,0.0,0.47155108626620834,0.0,0.4715510862662083,0.0,0.1291718180692992
109,spinup,10.92170915750633,1.5005292232476914,9.421179934258639,9.202350806329509,0.00023994776433445978,5.964712743708942,1.2552583375336641,3.0641480074849006,4.978790351109857,12.808896477135294,0.019580734351562847,1.4798987218846484,0.008024613865810859,121.62085521120848,2.7392717928702317,3.640657095175526,0.009887634863456845,341.01207500602266,766.0537920913259,256.00858113767515,7.312553414345295,18.965988915885585,0.0,2.146260936188386,0.0,0.5345536803921276,20.74446028703867,2.47423411258119,10819.038534620075,1839.0,0.9936574014843678,0.026380794334600496,0.004684740791197035,0.024939309560028457,0.002364398577654131,0.006415056780571142,0.0008155092117019016,0.4086392811295571,0.0,0.5913607188704428,0.0,0.5913607188704427,0.0,0.16862137636956676
110,spinup,10.931658407402029,1.4788105158215685,9.452847891580461,9.237414436562124,0.00024267881048485197,6.053252119222938,1.2728682131810862,3.1547271688808567,5.009444258846407,12.804021833271257,0.024120314675653353,1.429258534151606,0.009354087516967292,121.69489015710337,2.7316742076413583,3.700384406641416,0.010684204348340576,345.92065580646147,788.6990787753655,255.91106363543472,7.31508143506185,19.380402482758683,0.0,2.116614420135074,0.0,0.5661959607393884,21.344352604060226,2.5264688102774757,10862.830519114055,1838.0,0.9936188861366264,0.026388316195304136,0.004685399541124735,0.024955969397774634,0.002361480016067079,0.006416843510148791,0.0008156051810386174,0.40556218498827656,0.0,0.5944378150117234,0.0,0.5944378150117234,0.0,0.1765530285281137
111,spinup,10.91239067523443,1.348349957575857,9.564040717658573,9.345083747098192,0.0002146273512185519,6.033181346908313,1.2693871317443577,3.1311962247737704,5.0160833652905845,12.837412872245876,0.018209781619270327,1.8822958926921436,0.01934112752369435,121.97373450061573,2.733989856388944,3.726630539357185,0.008025188912743194,335.6906281885616,782.8162138090878,256.57846029678103,7.315527513142513,18.11925728264601,0.0,1.9148513558861202,0.0,0.5086871412935061,21.233258167786133,2.513573400497749,10883.307764004554,1836.0,0.9936353131032419,0.02638321146297467,0.004685592726414237,0.024941416447926794,0.0023608593607702933,0.006415868326564779,0.0008155420333470747,0.4685378991748876,0.0,0.5314621008251125,0.0,0.5314621008251125,0.0,0.14999005242172098
112,spinup,10.998297467656872,1.3610678473900442,9.637229620266828,9.281337490856746,0.00020745693756339892,6.06442293964941,1.2755571978481446,3.117843563331528,5.012108531417913,12.85909147983747,0.021439861764783238,1.7656809537762372,0.009071270357422067,122.24310390059146,2.7340304786029344,3.7091235700986283,0.007942270536152431,341.04788386119964,779.4779752816552,257.0117797699378,7.319203238590639,18.31578797209429,0.0,2.037851658002597,0.0,0.5103472363937498,21.15631381614572,2.5104860831198303,10901.86319949677,1833.0,0.9936335439730436,0.026376508999377185,0.004684820949496271,0.024937469057158726,0.002360977318867039,0.00641437973538673,0.0008153490941916902,0.44351947917043977,0.0,0.5564805208295602,0.0,0.5564805208295602,0.0,0.15449104828346905
113,spinup,11.032132254139695,1.3910273322364097,9.641104921903283,9.282222109456761,0.00021218952077494506,6.076376299174514,1.2773757706061342,3.138865985844901,5.024362825931567,12.868906009687558,0.022630957492202702,1.7753396555629513,0.01074609544018264,122.477138902438,2.7322035963168343,3.7233932840353825,0.008305284330476795,341.80070708928645,784.7336961038795,257.2079175120574,7.32092656590164,18.49342592265176,0.0,2.001509073975238,0.0,0.5370490548315825,21.26629450791857,2.523791826668783,10931.595356629834,1832.0,0.9936181711253341,0.026377242640981763,0.004685007029239004,0.02492985028832303,0.0023606606571917772,0.006414643160088903,0.0008153667745707502,0.44540339647399246,0.0,0.5545966035260076,0.0,0.5545966035260077,0.0,0.16794057756749617
114,spinup,10.948876378072598,1.4405203243105689,9.508356053762029,9.35490914074163,0.00021675765641634528,6.074967752467214,1.2770762487650305,3.1520702232696287,5.037851116670321,12.88142012451628,0.017859866349113313,1.9278650217502697,0.01063919718766907,122.6850547449018,2.7310265726857574,3.7624200078025427,0.008508328620210273,339.5678688270352,788.0348278136332,257.45801075673734,7.322105837919571,19.81880200005845,0.0,2.075227598147988,0.0,0.5183785191571664,21.30730120439068,2.523715547324901,10952.266441624863,1830.0,0.9936681202264599,0.026388605880897857,0.0046862319795968384,0.02493544273355337,0.002359922287455036,0.006415543143127964,0.0008153279783871959,0.4293476771438252,0.0,0.5706523228561748,0.0,0.5706523228561747,0.0,0.16544710686221242
115,spinup,10.968194883915665,1.250606880673977,9.717588003241687,9.226361319907928,0.00020569469593177114,6.014570732514924,1.2646239327337918,3.0783761653093658,5.013112667317744,12.927824668274768,0.020422892916850264,2.780205217703859,0.02528291167172632,123.02165468463592,2.738344964489228,3.6627826178611453,0.007805596150394313,333.4192657905374,769.6109095116595,258.38560517138853,7.324580367437538,16.02360083573762,0.0,1.7252651490750088,0.0,0.49171574678700436,20.852351426582807,2.478938768497743,10953.951969841848,1828.0,0.9935808926465416,0.026377379614910774,0.004684126502850664,0.024891055520961557,0.002360517799372383,0.0064128343982739165,0.0008149959007686543,0.5138544510018183,0.0,0.48614554899818174,0.0,0.48614554899818174,0.0,0.14420274351846887
116,spinup,11.068981268738712,1.4807160834552522,9.58826518528346,9.146537865117827,0.00023570115649791283,6.053349908462366,1.2712981107263468,3.126277265410874,5.01749937520114,12.937620277919148,0.029186120618495213,1.8466106946447236,0.008552777940501877,123.30445092667179,2.7341407407155085,3.70664768044501,0.009786073538348697,347.77644010020566,781.5864470145709,258.5813862700191,7.325851731667094,18.834375084657317,0.0,2.1597559882373343,0.0,0.537816304539287,21.109798658327485,2.505061394656768,10995.67607863463,1827.0,0.9935361117596787,0.026381512982080642,0.004683375391209981,0.024906421871075172,0.0023584953620531123,0.00641330353628664,0.0008150252774799583,0.4093204648780772,0.0,0.5906795351219228,0.0,0.5906795351219228,0.0,0.17656021802909339
117,spinup,11.028028328725735,1.456326600834667,9.57170172789107,9.249436966327478,0.00022339870207401053,6.084783803960401,1.2784724377731613,3.146127340163617,5.034520974962201,12.94697377783812,0.022565957795685498,1.7492725716954198,0.009531255628078928,123.56130466893146,2.7316006453834683,3.7314297646377343,0.010429893541914174,347.1996499745245,786.5490744726735,258.7682959721502,7.32306525006124,18.399313634527132,0.0,2.0666102505432824,0.0,0.5517436221273437,21.250758601600513,2.5197508357075895,11024.221581260474,1825.0,0.9935313867215795,0.026384559647653287,0.004683875969322984,0.02490871193571164,0.0023583028876683577,0.00641275370192863,0.0008151696870092604,0.42443009157220263,0.0,0.5755699084277973,1.1102230246251565e-16,0.5755699084277973,0.0,0.16283514360232276
118,spinup,10.948405181848935,1.3842735342319945,9.56413164761694,9.306920228875557,0.00022850014478430574,6.085863321523422,1.2785851568409377,3.1764142391414865,5.063764116066741,12.957164418242018,0.023240531977529837,1.800914704918732,0.015860057474417776,123.79623718187926,2.729480510069376,3.7548745685852265,0.01099837975827712,345.0001601048608,794.1209651763892,258.9719048607693,7.325200134331254,18.245184936313336,0.0,1.9992972875908546,0.0,0.5296600673641931,21.42090346104868,2.5317550795142836,11057.176726445212,1824.0,0.9935746892490285,0.02639099006781963,0.00468442563015332,0.024916893307657197,0.00235676471999024,0.006413160836745305,0.000815135873766315,0.43489103228341414,0.0,0.5651089677165858,1.1102230246251565e-16,0.5651089677165858,0.0,0.17146953877525684
119,spinup,10.719705613361851,1.1089066399387357,9.610798973423117,9.518648737595996,0.00017173683854296618,6.029454392551756,1.2673458079536915,3.118661041369107,5.053492598454193,12.999693904153975,0.007422243498193345,2.0479476699837345,0.028710311508058885,124.22655400767586,2.734761305152323,3.793918117541507,0.009757972860465924,332.9493554595715,779.6823492704801,259.8220056387475,7.323325522178031,15.359105449650453,0.0,1.669057089137551,0.0,0.4524414973827523,21.075276419084815,2.498210710266263,11068.781591090898,1823.0,0.993837507315215,0.026384978763416604,0.004684933333835125,0.02488091333386149,0.0023613830674208036,0.006409662926689559,0.0008149516069896013,0.5275830521207328,0.0,0.47241694787926714,1.1102230246251565e-16,0.47241694787926714,0.0,0.1288025134192775
120,spinup,10.9529814752781,1.502470136529756,9.450511338748342,9.223273801329931,0.0002402979322032213,5.991322638474154,1.2595069941832815,3.0676360468015,5.008367439876148,13.04410342787335,0.01953211060912201,1.702939346197884,0.009457044543427145,124.65708926641649,2.73802067541939,3.6687137656709776,0.009893905272944356,341.7102767507208,766.9258210334384,260.70977969764454,7.322604303731565,19.026457363559373,0.0,2.1471171598244156,0.0,0.5357916318346428,20.793543247577926,2.4802461116750742,11071.717440922454,1822.0,0.9936995243079212,0.026389024297547907,0.00468314893874982,0.02490282507959449,0.0023595639270632897,0.006410584893330161,0.0008149691549354696,0.40824549104579544,0.0,0.5917545089542045,1.1102230246251565e-16,0.5917545089542046,0.0,0.16826949035883068
121,spinup,10.963572566927851,1.4829355688528278,9.480636998075026,9.256674857550138,0.00024306356436247455,6.079082433257027,1.2771657472648013,3.157271861906323,5.037190188085813,13.033188987376148,0.024074801607800587,1.6217793825207019,0.008357442511751866,124.73251321866067,2.730467936040984,3.7270563212885532,0.010693764886253907,346.6934382875966,789.335265975561,260.49154470237323,7.323845812942867,19.45027757862374,0.0,2.1163627790354624,0.0,0.5689238474819982,21.36065287931806,2.527678970017798,11111.693901586506,1821.0,0.9936592948192999,0.02639571830243457,0.004683424537016297,0.024920869139369334,0.002356831831543433,0.006412394839969313,0.0008151208483586491,0.40540590225735185,0.0,0.5945940977426482,0.0,0.5945940977426482,0.0,0.17555117710382862
122,spinup,10.943177604292469,1.3508244713486977,9.59235313294377,9.364833549384254,0.00021474840122475878,6.0589855411782105,1.273732127454764,3.133666215436959,5.043122114535555,13.062231273371784,0.018145723388238597,2.108045669665866,0.019169805452037877,125.00725180605671,2.732724087618528,3.752825055830784,0.00803231406174679,336.29368689061897,783.4337250093769,261.07202110911055,7.32336082324717,18.22918234659052,0.0,1.9178068779520145,0.0,0.5082247068314819,21.261854340847542,2.5161080539126677,11128.34386938383,1820.0,0.9936745441934032,0.02639467498691116,0.004682252979659394,0.02490746790544917,0.0023560351974596,0.0064107699727254785,0.0008149656268346669,0.46792980017732033,0.0,0.5320701998226796,1.1102230246251565e-16,0.5320701998226796,0.0,0.14980252448971756
123,spinup,11.026523166120244,1.3630647704784105,9.663458395641834,9.298654046397964,0.00020773794615500286,6.088509853433366,1.2795555328319375,3.1193887164271787,5.037571957033734,13.078741313793921,0.021360963682913743,1.9989425464655957,0.009122054262426342,125.27387566323287,2.7328112844321155,3.7341549473457487,0.007948036749518016,341.56892279784137,779.8642720223459,261.4020363864679,7.325232859590556,18.40080411055731,0.0,2.037872352844831,0.0,0.5112815920885649,21.186053909555273,2.5130827919715735,11143.03322804688,1818.0,0.9936721083358305,0.0263952543859681,0.004683171799911747,0.024900554591708157,0.0023572016083248087,0.006411111875602464,0.000814988646271986,0.44359154502507797,0.0,0.5564084549749221,0.0,0.5564084549749221,0.0,0.15364672913264646
124,spinup,11.062125919749285,1.3940191302333913,9.668106789515893,9.300251839765718,0.00021236377755674094,6.100607657933667,1.2814220770297262,3.1406911501808628,5.0496519579162475,13.085343854714228,0.022570221105632778,2.004570828625163,0.010344517724057546,125.50618194417954,2.731026813565383,3.7479728321628634,0.008312056049361768,342.34234772233833,785.1899971889898,261.53397387651825,7.327101671321025,18.591888573271873,0.0,2.003176279324875,0.0,0.5380886409708296,21.292645296221256,2.52557457094936,11169.05623575728,1818.0,0.9936568070442864,0.02639635844986668,0.004683274882235187,0.02489718633705758,0.002357146576866536,0.006410914426522795,0.0008149757413718358,0.4447079606778821,0.0,0.5552920393221179,0.0,0.5552920393221179,0.0,0.16740493819435528
125,spinup,10.976140065917782,1.441784958981571,9.53435510693621,9.37218411088489,0.00021689668382919323,6.098048045329989,1.2808739760758445,3.1533419065650956,5.061718381883429,13.092635054627795,0.017775948909332307,2.1622616887700916,0.011466245447586825,125.71104017116268,2.7298227063045464,3.786578613689403,0.00851362568847505,340.0647208504074,788.3527556057804,261.67967621126064,7.326304631718793,19.915809873936816,0.0,2.073371952762601,0.0,0.5209465048619721,21.339622752685216,2.5251454893360386,11186.047372582567,1818.0,0.9937076509158969,0.026403246129100767,0.004683580678421253,0.024912700455026204,0.002356141832591736,0.006411504096093364,0.0008150021974091319,0.4290376706735432,0.0,0.5709623293264567,0.0,0.5709623293264567,0.0,0.16417099351813538
126,spinup,10.99155252151753,1.2505928559622104,9.74095966555532,9.240897606063541,0.00020580999562533944,6.036163410299904,1.2681714587011104,3.0781925540516784,5.034477754571114,13.134230270179742,0.020345226761611213,3.0607794887077646,0.02696654930095884,126.04100233430229,2.7371949638274895,3.685383502621022,0.007806773204189843,333.7489042658593,769.5650056911265,262.5111493783952,7.323016527766258,16.123860934066702,0.0,1.726110881258232,0.0,0.4899813280555802,20.870358624086407,2.480612551826284,11183.803321696838,1816.0,0.9936196155988353,0.026388472337208313,0.0046819802052231515,0.024874262587439952,0.0023562944337343497,0.0064087166015426526,0.0008147447830407352,0.5139379628314935,0.0,0.4860620371685065,0.0,0.48606203716850654,0.0,0.1433770683630437
127,spinup,11.086383299518387,1.4787648695946702,9.607618429923718,9.156657357054614,0.0002356626161691593,6.073509849905084,1.274485878173487,3.1254978350877836,5.038168493118186,13.142531330338748,0.02908725508168694,2.1130562794382532,0.012032233066236495,126.32753421080555,2.7332309339553538,3.728053034193111,0.00978349846624506,348.1200021522988,781.3915851628535,262.6770595618126,7.322150107021246,18.87185501931265,0.0,2.151058280092469,0.0,0.5445664901338585,21.188063424075292,2.513468391560389,11221.863383517282,1815.0,0.9935717134965867,0.026390825035506174,0.004681298265434165,0.024888543372018592,0.0023542757312010505,0.006409118885162601,0.0008148375388082735,0.4099531653811409,0.0,0.5900468346188591,0.0,0.5900468346188591,0.0,0.17568750418133153
128,spinup,11.038881964471853,1.454042671520691,9.584839292951159,9.254179082818252,0.00022337570239494572,6.103163411827829,1.2810703340711118,3.144668436210869,5.053943919446561,13.149253045364429,0.02249512870084989,2.007715937544306,0.011802876968464165,126.58955055459207,2.7309214348987823,3.7521546947822517,0.01042353254529539,347.4022547835297,786.184340490317,262.81136897213946,7.3189935531252575,18.436961575218987,0.0,2.065378100573229,0.0,0.5495251026229775,21.29920005307287,2.5246577190521498,11246.787810321915,1813.0,0.9935638823489337,0.02639377289895993,0.004679609774662122,0.024886854006174203,0.002353795844266107,0.0064085632716583425,0.0008148780215236789,0.4255587227376864,0.0,0.5744412772623135,0.0,0.5744412772623136,0.0,0.16217623611087606
129,spinup,10.959865984744956,1.3835717056246448,9.576294279120308,9.310677397901845,0.0002285645974039664,6.105083981075294,1.2812683673683662,3.1748704987318126,5.0834483002791035,13.15806772309811,0.023143281195168255,2.0444971299426986,0.01681223548109221,126.82843238574938,2.7289782946481407,3.774966915227011,0.01099183415520581,345.22430723455614,793.7350216149338,262.98747462061857,7.318256517609538,18.282186973556378,0.0,1.997010043081929,0.0,0.5291211591652791,21.44547194283722,2.5329194269715876,11276.157149209155,1811.0,0.9936027480816028,0.026391343553622486,0.004679953569513793,0.024886463658271497,0.0023527104108917,0.0064085557161368155,0.0008148330847859734,0.43594140106294027,0.0,0.5640585989370597,0.0,0.5640585989370597,0.0,0.17076580921476414
130,spinup,10.73645373997175,1.1099339343324413,9.62651980563931,9.526814321148121,0.00017176735608787544,6.052065822299587,1.2707202151116146,3.1185210061988897,5.075128670789847,13.19984148400056,0.007336473749966569,2.2951696082904287,0.02917061402741576,127.25950488916386,2.7343774801073213,3.815247922266522,0.009755670012917406,333.4041580099508,779.6473397105929,263.822464744507,7.317722429715523,15.424576712083038,0.0,1.6658915649538408,0.0,0.453419340215552,21.095110596628302,2.498557112874182,11284.37293942563,1809.0,0.9938637174561198,0.026386983996889837,0.004679974804481151,0.024848812991970386,0.0023565006687141917,0.006404496082133651,0.0008141669727050698,0.5284892342454128,0.0,0.4715107657545872,0.0,0.4715107657545872,0.0,0.12797415487960098
131,spinup,10.975078136492348,1.5055810767198654,9.469497059772483,9.234187097368142,0.00024065390705796453,6.0154898977656295,1.2633160061450317,3.068501697189651,5.030692927296536,13.24074632406428,0.01947428422500583,1.9260088330075458,0.007948897309446038,127.69054834729107,2.7376264802392347,3.690114781368709,0.009895013555394284,342.2294334914864,767.1422383738702,264.640185851591,7.321864722564665,19.077496189058362,0.0,2.1484473209092956,0.0,0.5337495953866813,20.796791724585105,2.4784180943674463,11284.015346094158,1808.0,0.9937271430060501,0.026393044968497287,0.004677994402907567,0.02487402074213497,0.002354399519310368,0.006406834689241074,0.0008144931921061128,0.4089393202410575,0.0,0.5910606797589424,1.1102230246251565e-16,0.5910606797589424,0.0,0.16775213076682818
132,spinup,10.983439888524682,1.4843802355343454,9.499059652990336,9.26686861000182,0.00024303845847247797,6.103363624378921,1.280849942723559,3.158101824459086,5.059173233438145,13.225924407504653,0.023997058537414323,1.8515659632366503,0.008176257963195804,127.76485425691354,2.7301262585692694,3.748289811207492,0.010692666657408484,347.22928022144856,789.5427611615913,264.34384977709647,7.323691385724219,19.50735838414727,0.0,2.112009227243144,0.0,0.5722256193124521,21.373736591736783,2.529382049386603,11320.905279828354,1808.0,0.9936869984616545,0.02639911580106377,0.004677461554066218,0.02489416283363018,0.0023521690506585697,0.006408150688679943,0.0008146017676146501,0.4063191077969691,0.0,0.5936808922030309,0.0,0.5936808922030309,0.0,0.17482024830934886
133,spinup,10.960043402328907,1.3518093811944856,9.60823402113442,9.372933593327254,0.00021479352264530007,6.082171059333964,1.2771445810033466,3.133630122086191,5.06347576515241,13.250311739202889,0.018036676923885546,2.366402260150296,0.01901019385508866,128.03541787239416,2.732411056384262,3.7732937912317457,0.008029986138287194,336.6147126818938,783.4247014739088,264.83128814923197,7.322597695048197,18.31927362261906,0.0,1.9190478072683967,0.0,0.5055637953094564,21.26711362074127,2.515092580142098,11334.244617674543,1808.0,0.9937024673450165,0.02639599124468052,0.004677106887479161,0.024882095490008353,0.0023519770097046285,0.006407132988971038,0.0008144880343903627,0.46890743211311814,0.0,0.5310925678868818,1.1102230246251565e-16,0.5310925678868819,0.0,0.1491028957625959
134,spinup,11.04416229724603,1.3638055798543274,9.680356717391703,9.307064009146758,0.0002077418138662551,6.112811839874038,1.2832088066654026,3.1192514196471883,5.0576193936082054,13.263634319211926,0.021254206901391043,2.264900154727047,0.009082963137776054,128.29850074886383,2.7325250021519922,3.7539950202949477,0.00794510051216181,341.9606469363969,779.8299470750206,265.0975938076658,7.325082003125554,18.473111482556515,0.0,2.036095301445409,0.0,0.5108697882714187,21.194202251885663,2.5123613245927117,11345.623829868462,1807.0,0.9936997552531319,0.026399239397914047,0.004677174707875136,0.024880017917157875,0.0023524765257439085,0.00640653220435804,0.0008145337403346301,0.4446130724948236,0.0,0.5553869275051764,0.0,0.5553869275051764,0.0,0.15283225662380784
135,spinup,11.077528546868624,1.3942235261717584,9.683305020696867,9.306861385168945,0.0002123547726856197,6.124499051208297,1.2849124548736057,3.139844547893849,5.068529205313586,13.266759780207078,0.02244654719722551,2.278211386218788,0.0112058987518494,128.52812694438543,2.7307722520604933,3.767039502613932,0.008306676615209355,342.68143890650356,784.978341978218,265.16003517395495,7.3252659473944615,18.669212520557934,0.0,2.0013064768084354,0.0,0.5375143583172772,21.30068281071702,2.5246145105710003,11368.421603772867,1806.0,0.9936830391170047,0.02640093066363365,0.00467736572508461,0.024876741019681004,0.002352156139133159,0.006406398636667704,0.0008146064042650119,0.4460346921512174,0.0,0.5539653078487826,0.0,0.5539653078487826,0.0,0.1660398731634131
136,spinup,10.994980838055005,1.443480404346677,9.551500433708329,9.379468002495384,0.0002169297447337223,6.1231259910304585,1.2846479089788854,3.152724507311155,5.080454563312184,13.27172804475308,0.017665116778515216,2.44847955310771,0.01093394445265276,128.72940232502185,2.729597514031661,3.805698527234386,0.008510110943400933,340.50640762356915,788.1984024092112,265.2593074283289,7.326130849694836,19.994560898171244,0.0,2.0744509538231455,0.0,0.5186299508854378,21.335449553729312,2.525047496499055,11382.274929326493,1806.0,0.9937335977351128,0.026408093128305304,0.004677914686819278,0.024891667165229604,0.0023512526303105154,0.006407056783128683,0.0008146540467343293,0.4301250632092389,0.0,0.5698749367907612,0.0,0.5698749367907612,0.0,0.16283596872434547
137,spinup,11.015405565852085,1.2552686851657544,9.76013688068633,9.249358567754168,0.00020606184361553404,6.0620334633654895,1.272255794052648,3.0779272885031395,5.052734670977315,13.30909239283158,0.020264320440065615,3.3932659348505356,0.024071360875458504,129.0505175350365,2.7369487592664195,3.704324048136899,0.007807242218531725,334.21715119065396,769.4986878504501,266.0062159940627,7.325794311891586,16.2248210005407,0.0,1.7254207082931396,0.0,0.492140062740441,20.87481645866096,2.4783894604299217,11376.877780510978,1804.0,0.9936478477252655,0.026392426859167966,0.004675098518957235,0.024855842696542466,0.002352536846745216,0.006403690801485853,0.0008143103842304022,0.5140796460765406,0.0,0.48592035392345934,1.1102230246251565e-16,0.4859203539234594,0.0,0.14236033402157341
138,spinup,11.122215213283617,1.4859588771335106,9.636256336150106,9.173907470558326,0.00023585854546006143,6.102230425640771,1.2794732774541984,3.1270790132883204,5.057041457728564,13.311410598362658,0.02903051140025817,2.3655515384655383,0.0073135601411934955,129.33328694637206,2.7326945125320234,3.747686733209695,0.009791678649975294,348.95013591183454,781.7868883771677,266.0525401352047,7.3299646467201445,18.943682994699778,0.0,2.158438376786016,0.0,0.5403065103978362,21.109870268990225,2.5036040958504966,11412.212066504964,1802.0,0.9936013517142369,0.02639883723731079,0.004673778936434126,0.024875689983324067,0.0023505921743875156,0.006403666819398657,0.0008145363227287689,0.40960834897009496,0.0,0.5903916510299049,1.1102230246251565e-16,0.590391651029905,0.0,0.17478254768584914
139,spinup,11.08193167848751,1.4621940649672998,9.61973761352021,9.278589761105856,0.000223938628245174,6.133186109639038,1.286723653441243,3.1482121817142588,5.073742021021415,13.31376675353417,0.02249412552587551,2.2531170984663285,0.007065990669262935,129.58617878168687,2.730122652011681,3.7731420330937477,0.010439468412788035,348.4320163617392,787.0702962843735,266.0995888907143,7.333023716710263,18.528460210706093,0.0,2.0698737007530013,0.0,0.5497861846842413,21.285830499915598,2.521077074731906,11434.634016339964,1801.0,0.9935971297015217,0.0264041940022903,0.004673995201875004,0.024884573863108453,0.0023499848859304365,0.0064042385918570595,0.0008144771873134753,0.4246091764016013,0.0,0.5753908235983987,0.0,0.5753908235983987,0.0,0.161185583057213
140,spinup,10.999108652668678,1.3889935948298382,9.610115057838842,9.334283568630719,0.0002289858126625429,6.131467384700568,1.2863299773708141,3.178590167892295,5.102109345903134,13.316236618064885,0.023113967728994256,2.305775310741306,0.014273342644079026,129.81758594145452,2.7279604274905553,3.795955837867589,0.011007107343549637,346.15675424045367,794.66495928725,266.14887852348744,7.333228985201179,18.376703451036967,0.0,2.000359973272807,0.0,0.5303007256244312,21.461205195201384,2.5328164740738295,11461.469758463209,1801.0,0.9936382891804763,0.026410787879149206,0.004674971868824453,0.02489129242000727,0.0023487388448551,0.0064046971119990186,0.0008144643125505012,0.43486192149443487,0.0,0.5651380785055653,0.0,0.5651380785055653,0.0,0.16993932795907576
141,spinup,10.768951545191225,1.1143359013470495,9.654615643844174,9.546213394755796,0.00017203763464803236,6.073431079873117,1.274854487714613,3.1209219882581984,5.090903181969637,13.351286231159785,0.00725601736525473,2.5618668715063904,0.026392100840419794,130.2438894679665,2.7332512947802736,3.8354090790142976,0.00976720321157134,334.07527759194693,780.2475983817743,266.84947533897423,7.331165360144142,15.51574456269265,0.0,1.6691707549526162,0.0,0.452637484400086,21.118535664632876,2.499105653750742,11466.85490314813,1801.0,0.9938996703466568,0.026406317658859563,0.004675523629622864,0.02485380353860228,0.0023535420380224495,0.006401372848705727,0.0008142343237771289,0.5276957121868346,0.0,0.47230428781316536,0.0,0.47230428781316536,0.0,0.12690139677313994
142,spinup,11.002410013907653,1.5079976098024803,9.494412404105173,9.24949987475495,0.00024100855017412655,6.0327174257222405,1.266661782219499,3.0698970836642245,5.044071996514571,13.386387023418626,0.019443988900658946,2.187945453710076,0.006025072643593525,130.67247804563982,2.736474346277454,3.7082687106715153,0.009903869514786433,342.6608832767944,767.4910926386345,267.5511926077188,7.333106606742087,19.141740256350957,0.0,2.1494260115878348,0.0,0.5349735430881319,20.810912864525992,2.4790774684714654,11463.453853574529,1801.0,0.9937619718438813,0.026410667228258838,0.004674461346319953,0.024881436365203236,0.0023521957360516147,0.006402753219279597,0.0008144130001192906,0.40816078083426627,0.0,0.5918392191657338,0.0,0.5918392191657338,0.0,0.16691051571559473
143,spinup,11.009170222039579,1.4866528558632588,9.52251736617632,9.280872357866158,0.00024323248318397137,6.118855664431376,1.2838061441407904,3.159448106383149,5.071748340820831,13.367552135476107,0.023961594307804875,2.1066787747359403,0.007095243994144019,130.74502173560884,2.7288922847160126,3.765624649637256,0.01070139343119369,347.6534279224179,789.8793390196562,267.17464809314913,7.332720171483495,19.575614485026836,0.0,2.118108923922004,0.0,0.568224539105959,21.397363239903243,2.5292474852479563,11497.532662232148,1801.0,0.9937197989496597,0.02641783274612027,0.0046743242810778005,0.024900776168604602,0.0023499757235466035,0.006404293804009558,0.0008145123324621987,0.4055860926152125,0.0,0.5944139073847877,0.0,0.5944139073847877,0.0,0.17383088421344953
144,spinup,10.983401354530306,1.3520251210518333,9.631376233478472,9.387201893571609,0.00021500463981793055,6.097594183289402,1.2800732654837137,3.134956568064432,5.075916566136055,13.389900206737241,0.01796514666346091,2.648238153174146,0.019363781436085928,131.010839683718,2.7311974215455046,3.790295869891156,0.008034508252877794,336.86265542450326,783.7563202368253,267.621326416267,7.331039533272185,18.424859153508756,0.0,1.9145768090372584,0.0,0.5108544935107857,21.315864879509807,2.5175204568748373,11508.067804139597,1800.0,0.9937331419961597,0.026415144528825093,0.004674540546087973,0.024888899615838348,0.0023493698126742513,0.006403047996914495,0.0008143203586281888,0.4684841323043716,0.0,0.5315158676956285,0.0,0.5315158676956284,0.0,0.1476494279904773
145,spinup,11.063938594261563,1.3633601384657148,9.700578455795851,9.3189892848933,0.00020787308287426024,6.127330714192574,1.2858403863552015,3.1193022997802418,5.068774110791101,13.401127362427896,0.021201791071102514,2.5375630264640443,0.011245463551729102,131.2717160300006,2.7313924807388643,3.7699986726382066,0.007947483129047011,342.1612647697145,779.8426673870855,267.84575258284485,7.328208710831523,18.55463880786447,0.0,2.034647016131914,0.0,0.5119500895574356,21.239354744869885,2.51488326328722,11516.569831592396,1800.0,0.9937301788853196,0.026413465451945714,0.004674879575459954,0.024887257199643652,0.002350182041828894,0.006402892114221075,0.0008143570767758215,0.4445129600328597,0.0,0.5554870399671403,0.0,0.5554870399671403,0.0,0.15131373563724712
146,spinup,11.097725732081331,1.3946844596331385,9.703041272448191,9.31817180235331,0.00021242927223496697,6.1387272327689315,1.2874989336428457,3.13947617152347,5.078872805689232,13.401056477240518,0.02236131347407692,2.5386979497414006,0.012297483958477103,131.49956029409216,2.7297057401087046,3.7823105213750754,0.00830994247959066,342.8686416870589,784.8862458670784,267.84430810457764,7.32712820108302,18.758947890425663,0.0,2.0010366027494157,0.0,0.5376727516049455,21.330434971114997,2.526894159584207,11536.543770181703,1800.0,0.9937131333465862,0.026414183141849297,0.004675185022389748,0.024884917019969803,0.0023500725831165467,0.006402821252014954,0.0008143484216013043,0.44606932812843925,0.0,0.5539306718715608,0.0,0.5539306718715608,0.0,0.1643349649862692
147,spinup,11.013439198465761,1.4421516519352071,9.571287546530554,9.39093874002884,0.0002168660556394208,6.137861130679416,1.28726256145116,3.1521321234502633,5.090356938051757,13.404237393693888,0.017536614031907396,2.715875192505068,0.012771260321670844,131.6976750628177,2.728627795651505,3.8207359265101966,0.008512271374851261,340.7282576874068,788.0503031979783,267.9078563341368,7.327228063104849,20.094800849755806,0.0,2.06760995819198,0.0,0.5240608433972084,21.3819198011369,2.526062395650768,11547.630632182521,1799.0,0.9937615922788365,0.026420619363629546,0.004675842908408649,0.024902707727715148,0.0023488193155107506,0.006403624765067499,0.0008144107742829171,0.43053295868321234,0.0,0.5694670413167877,0.0,0.5694670413167877,0.0,0.16063597545692196
148,spinup,11.033916555501595,1.254321659315282,9.779594896186312,9.260213601896947,0.00020614222057261245,6.078175639126655,1.27510528995394,3.076433371885825,5.061514333895826,13.44011381557975,0.020181049821041935,3.7106833164870308,0.02658159756539022,132.01156559134478,2.7360242748010957,3.7187330821631357,0.007808359800982304,334.41725410215344,769.1252005100974,268.62502753782246,7.325349174425348,16.321004208922048,0.0,1.7284579231907855,0.0,0.48775538088643794,20.91247184852366,2.479990172215425,11539.41550254486,1798.0,0.9936779983321176,0.02640737011822552,0.004674782459041243,0.02486807839409009,0.0023493410399873784,0.006400855050611161,0.0008140333849725012,0.5143871853172958,0.0,0.48561281468270423,0.0,0.48561281468270423,0.0,0.14078318588288413
149,spinup,11.139275186599892,1.4851296962818255,9.654145490318067,9.182825664856027,0.00023576000426843443,6.1172787815395,1.2820397337948575,3.1247643228955173,5.064186969455914,13.43898722253408,0.028948206791912824,2.6292685995474643,0.008913678454163233,132.29673675312512,2.7318650345954905,3.76111145906462,0.009791347312439216,349.20869928709965,781.2082030954541,268.6025020594012,7.328264101109403,18.986516301240048,0.0,2.1564681069882097,0.0,0.5405136326673463,21.13499690606337,2.5045103424303505,11572.023973420535,1798.0,0.9936326471722001,0.026409845643186488,0.004674038948642244,0.024886384462886508,0.0023477199177247463,0.006401970687850715,0.0008141005991640408,0.41011187974389574,0.0,0.5898881202561043,0.0,0.5898881202561044,0.0,0.17268260577674002
150,spinup,11.097111753014216,1.4618433270215332,9.635268425992685,9.286084550896355,0.00022404913565609832,6.1471975780025945,1.289094853334282,3.1453909239579407,5.079354991924081,13.437240473088925,0.02245205717598897,2.501881734875496,0.007860911486173067,132.54931525842846,2.7293552777370786,3.785900304280549,0.01043688700298544,348.677579555149,786.3649663860086,268.5675467973624,7.330197188359026,18.581311127711494,0.0,2.068021139894828,0.0,0.5494525719199961,21.306715032221533,2.520619002657759,11591.721326947594,1796.0,0.9936253925080188,0.026415091129263893,0.004674507876730773,0.024902181182826888,0.0023468062441309363,0.0064019942888947955,0.0008140962813456354,0.42511485800705845,0.0,0.5748851419929416,0.0,0.5748851419929416,0.0,0.1591582812303975
151,spinup,11.016577072364147,1.3893013489248172,9.62727572343933,9.343446994781159,0.00022920398498729847,6.146099890684615,1.2888760411682747,3.1765659912912056,5.108496455468701,13.438793245476932,0.023054900652534818,2.5464265948867895,0.01468758648150336,132.77989167067662,2.7272251398639002,3.8089026003696276,0.011006205123386304,346.4472663958883,794.1589040453558,268.5985036182464,7.33178985585185,18.428759128013457,0.0,1.9993066893462903,0.0,0.5301510047341423,21.485269854465884,2.532417595440645,11616.023700364542,1795.0,0.9936655958544072,0.026420196292968757,0.004675396044581727,0.024909465413943628,0.002345494568949736,0.006402433436083219,0.0008141127146485709,0.4351622137215271,0.0,0.5648377862784729,0.0,0.5648377862784728,0.0,0.16794928298062195
152,spinup,10.785657824805257,1.1132576768594393,9.67240014794582,9.556620292712203,0.0001719869174839033,6.0884114490038375,1.2774853333696201,3.119243540965368,5.097875264175982,13.47312316854798,0.007156659571798974,2.8096265819820996,0.02709651126795654,133.2046724927597,2.7325864078722457,3.8488754372463183,0.009767045502565574,334.40882746534805,779.8279773613937,269.28471378199316,7.329793671318051,15.58797476541901,0.0,1.6652760857088036,0.0,0.45356640411453064,21.146031910559294,2.498663144860217,11618.909709946658,1794.0,0.9939247558252395,0.026418689301150215,0.0046765872378085795,0.02487310962643359,0.0023498509083002307,0.006399392582995176,0.000813878080926457,0.5284869468189992,0.0,0.4715130531810008,0.0,0.4715130531810008,0.0,0.12478477662396097
153,spinup,11.024178029954943,1.5089768016686296,9.515201228286314,9.262046599833086,0.00024133527429463265,6.04998551894939,1.2698552701389245,3.0684579683162854,5.051817131611619,13.508343330709314,0.019370849026930807,2.422794561515106,0.006680509063627133,133.63280622005146,2.7358544318345035,3.7215518248129715,0.009905461192149696,343.0988278858181,767.1313059159133,269.98881488200294,7.331145581877337,19.203836093429985,0.0,2.148715690896833,0.0,0.5342630592248288,20.845932166442932,2.4792785210476502,11613.006841987593,1793.0,0.9937873782297854,0.026418657370335448,0.004675145395960971,0.02490529665564933,0.002348007413366565,0.006400878016723855,0.0008139091191055721,0.40882273208887254,0.0,0.5911772679111275,0.0,0.5911772679111276,0.0,0.16440557988892046
154,spinup,11.033085201186971,1.4881950187949278,9.544890182392043,9.29521883871273,0.0002435587641220639,6.136414136197779,1.2872375641380047,3.1586597968614676,5.079707696159635,13.486791440412887,0.023933021757991158,2.3282191133291565,0.007111643524669016,133.70297713440564,2.7282557838397516,3.7791903895442025,0.010704288452924392,348.1809861749557,789.6822573196371,269.5579627658982,7.332346782604327,19.652847883242156,0.0,2.1144756616449456,0.0,0.5716934489424917,21.42042951089488,2.5282083182182458,11644.84321964402,1793.0,0.9937454263688317,0.026425546641533355,0.004675027437400059,0.0249253035608804,0.002345786548546813,0.006402498418558784,0.0008140049671524889,0.40567497227423077,0.0,0.5943250277257691,1.1102230246251565e-16,0.5943250277257692,0.0,0.1717411504938721
155,spinup,11.00798511644753,1.3527930547303624,9.655192061717168,9.403214245479294,0.00021526246191075137,6.115650639993575,1.2836330495539965,3.1346408655544726,5.08463334503016,13.507919655552374,0.017882743288169006,2.898932952944003,0.02059331324501895,133.96325597494143,2.7305821418516585,3.804051787350396,0.008038117112024802,337.29230003411317,783.6773928794212,269.98025672412484,7.330344207251708,18.539352444559352,0.0,1.9177332176996387,0.0,0.507033778694975,21.349303315196657,2.517729941756043,11653.104994403888,1792.0,0.9937582601490718,0.026424392974714342,0.004674859357151411,0.024911702428906515,0.0023454623407738453,0.006401345849611208,0.0008139107897224596,0.4688304601508607,0.0,0.5311695398491394,0.0,0.5311695398491393,0.0,0.14566120196918425
156,spinup,11.091599853733214,1.3651612636778332,9.726438590055382,9.335622985260397,0.0002082183328934267,6.146215293084578,1.2897239956722186,3.1192607106956833,5.0773063250096,13.516442765476892,0.021142921808094756,2.8051145912967765,0.010595659707382122,134.21844140936687,2.730812928731799,3.783680282577493,0.00795288033265574,342.7156261606478,779.8322698880552,270.1506353547276,7.330467624635341,18.654744764599062,0.0,2.034308822927576,0.0,0.5126012581232199,21.267249807990062,2.516123413737827,11659.328470517708,1791.0,0.9937544008935693,0.026422211179479214,0.004675497621999784,0.02491218626584529,0.0023460076270486246,0.006401663074519168,0.0008140822158018311,0.44460191098715035,0.0,0.5553980890128497,0.0,0.5553980890128497,0.0,0.14931100489629562
157,spinup,11.127109057819524,1.3964622452427258,9.7306468125768,9.33609925701705,0.00021261726031524545,6.158402508469645,1.291563715055469,3.1402150722619275,5.087660719602554,13.514665029710516,0.022300630995144618,2.8109154527756237,0.011018889323776579,134.44169066603584,2.7291255760940527,3.796383434784988,0.008316292243414541,343.44838315169505,785.0709751005526,270.1150739160543,7.331598687875806,18.863762651742924,0.0,2.0020103268988043,0.0,0.5380014853138785,21.370315090668093,2.52745097667175,11677.212299819525,1791.0,0.9937376398114361,0.026422566018970913,0.004675619416013741,0.024909471252407583,0.0023459814286369072,0.006401623581397946,0.0008140812564469222,0.44592452409380406,0.0,0.554075475906196,0.0,0.554075475906196,0.0,0.16163266945990148
158,spinup,11.04449706320719,1.4442293181981656,9.600267745009027,9.408741534663116,0.00021690678653161428,6.157339621103768,1.2913701889874958,3.1529831488706797,5.098281856318822,13.514110573464905,0.017466752921369535,3.00307034297692,0.010613234375125099,134.6342431817111,2.727999989597593,3.834818336442213,0.008519362817555314,341.33749068670164,788.2630642163376,270.1039624658813,7.331981029153968,20.20863936449218,0.0,2.0694889368536344,0.0,0.5244056700891275,21.404541312950087,2.526879313481194,11686.189100819147,1791.0,0.9937866601116533,0.0264289335697633,0.004676133549856457,0.024924711667679317,0.0023451301744387147,0.006402329901349981,0.0008141299108082004,0.42991640244384055,0.0,0.5700835975561593,1.1102230246251565e-16,0.5700835975561593,0.0,0.15828208792404347
159,spinup,11.06488978399737,1.2562655255538506,9.808624258443517,9.278194496958935,0.00020637104154670174,6.098415241911752,1.279334884587847,3.0775733331903696,5.068825311123998,13.546665291999444,0.020098047155762192,4.061277640575607,0.023904339943085395,134.93792952232818,2.7353363006088927,3.732636276965739,0.007815288640506884,334.98961081382305,769.410197082734,270.75474166606136,7.331231669276855,16.438355866646518,0.0,1.7270979564864886,0.0,0.4916856408135639,20.952092868513287,2.480452661841664,11675.806564394947,1789.0,0.9937021064551828,0.026418834384172613,0.00467461990777576,0.02489455022302376,0.0023451554911537147,0.006399414929170873,0.0008138625131042132,0.5136805148361652,0.0,0.48631948516383483,0.0,0.48631948516383483,0.0,0.13934063883655487
160,spinup,11.174194857456909,1.4872893465358143,9.686905510921093,9.203593508476818,0.00023589923205485276,6.139462610174633,1.2866398355596504,3.1272929846095043,5.0724267548130175,13.544485346786843,0.02887628672778216,2.936130554015737,0.007221610252447134,135.22281336437342,2.7311317306759886,3.775655889403435,0.009802467786050045,350.0205667322406,781.8403823799351,270.71115940856737,7.336337463135387,19.061377789881902,0.0,2.1627608326204935,0.0,0.5377086782531938,21.181778576277164,2.5060756672133087,11706.559992358303,1789.0,0.9936576996966571,0.02642153645598539,0.004673892461301648,0.024912392992018702,0.002343669319719243,0.0064005235077112844,0.0008139366866445116,0.4092996461752013,0.0,0.5907003538247986,1.1102230246251565e-16,0.5907003538247986,0.0,0.16985222698420938
161,spinup,11.128169018991095,1.463520001300378,9.664649017690715,9.304561215651423,0.00022427627132380336,6.1680385580171535,1.2933915055734326,3.1472403291650983,5.08560979446945,13.538351762646467,0.022399499113283948,2.7982533846868827,0.007044968356459993,135.47331049289158,2.7285803676340046,3.8002415109294394,0.010446413737988752,349.4310070142839,786.8273278217474,270.58852621743307,7.3360173344237225,18.660813642947566,0.0,2.0695870496192152,0.0,0.5500605488765884,21.351866841374942,2.5225548953422767,11724.372729632707,1789.0,0.9936520270136565,0.02642516559510917,0.00467411610326214,0.024923089079304857,0.002343359369605383,0.0064012629341395275,0.0008140094055377861,0.424720840984649,0.0,0.575279159015351,0.0,0.575279159015351,0.0,0.15720882527387328
162,spinup,11.045142321820133,1.3908566467964243,9.654285675023708,9.35974356491656,0.00022949835200796712,6.164895708396607,1.2927433225085574,3.1780649057744763,5.113278127156378,13.535991741805812,0.02300318672997422,2.836896738689327,0.014287856744466846,135.70210749761827,2.7264507135215617,3.8224342768536874,0.011013956361043489,347.0522395397342,794.5336408795835,270.5412787746791,7.335919547159057,18.503080383408655,0.0,2.0008945636070727,0.0,0.5308020970050167,21.526703555295136,2.5343804604059956,11746.652249585462,1789.0,0.9936913621159686,0.026431405110932147,0.004675147896897811,0.0249296125386044,0.0023421591500335254,0.006401792565786673,0.0008139965708210998,0.4344896388483655,0.0,0.5655103611516344,1.1102230246251565e-16,0.5655103611516346,0.0,0.16589436776140193
163,spinup,10.812045919691862,1.1146582445398778,9.697387675151983,9.57200542437841,0.0001720153976320141,6.105674501934807,1.2810934058490966,3.1206081471173945,5.10203504780972,13.56729996304228,0.007048872562720555,3.102134636673246,0.026477552677789458,136.124629656435,2.7318225288509157,3.862292810424354,0.009773535406435612,334.98107061068674,780.1691363768585,271.16709333975354,7.333788927296544,15.673968764537143,0.0,1.6654131719744314,0.0,0.454286731428388,21.18708043530281,2.5006221737681584,11747.50847318814,1789.0,0.9939497962114661,0.026426738722883113,0.004675721333116147,0.024892830559114898,0.0023468828335479193,0.006398480717699062,0.0008137592087608132,0.5280922626374628,0.0,0.4719077373625373,0.0,0.4719077373625373,0.0,0.12304099238975265
164,spinup,11.048710449747803,1.510301416985891,9.538409032761914,9.274630319766723,0.000241559973150553,6.065461539337645,1.273191736032755,3.0690297148431394,5.054436278327743,13.598365387594743,0.01930267604376438,2.70139414665145,0.005258335835221761,136.55154690966287,2.7351024153297145,3.733800636223593,0.009911556870763524,343.5453337732927,767.2742456805532,271.78815441468294,7.335610472651498,19.269476459474127,0.0,2.1499533668333597,0.0,0.5342064521539411,20.872905589710207,2.479394745097284,11739.466025385756,1789.0,0.9938127865073083,0.026429975312044295,0.004674700590549625,0.024921637708802586,0.0023456131128639568,0.006400044110164059,0.0008139400021031321,0.4083373582811411,0.0,0.591662641718859,0.0,0.591662641718859,0.0,0.16219709324540357
165,spinup,11.057277009867692,1.4897604273098888,9.567516582557806,9.307266214013033,0.00024374132954801085,6.1507219855032815,1.2903038556868622,3.1594303475521635,5.082184894848925,13.57432133880781,0.02388610044943112,2.6007197287940556,0.006477066994125771,136.61976303014436,2.7274724826073498,3.7910619545085384,0.010710511714687067,348.6396486303762,789.8748992145988,271.307489815484,7.336255842938948,19.721981676866022,0.0,2.1156694436153436,0.0,0.5720718818967536,21.444527424165827,2.529118380852255,11769.32582888556,1789.0,0.993769924255991,0.026436465629529976,0.0046746307676762975,0.02494133223954567,0.002343465930903602,0.006401731158176661,0.0008140463468598555,0.40511566626499373,0.0,0.5948843337350062,1.1102230246251565e-16,0.5948843337350063,0.0,0.16979611103998163
166,spinup,11.031531525250413,1.3542816124840076,9.677249912766404,9.414023354285275,0.0002152920389718099,6.128889623533306,1.2865272604042226,3.1352091361349776,5.086279913301935,13.591861372837336,0.017781410189858068,3.21381250758556,0.01860682238954826,136.87298323156762,2.7297764777793616,3.815469976286101,0.00804321147215812,337.5503033890826,783.819463638427,271.6580660477152,7.335197709037434,18.653885110711364,0.0,1.9190894213004088,0.0,0.5078443162657279,21.36239795078508,2.519168152986884,11775.57126100276,1789.0,0.9937828857161817,0.026433223838394394,0.004674443115849459,0.024929279116430815,0.002343328380130051,0.006400929425948093,0.000813933832673933,0.46806730635925076,0.0,0.5319326936407494,0.0,0.5319326936407491,0.0,0.14377550753731688
167,spinup,11.113350831413824,1.3658719524158438,9.747478878997983,9.34539496882461,0.00020815287059435688,6.159061639322588,1.2925242537386703,3.1195987183660154,5.078305588397788,13.597420277843273,0.021038027973560136,3.1349009600674154,0.008901896160480737,137.12210177458496,2.729979581239768,3.7944973252800955,0.007957082369454407,342.95012881057664,779.9167736577758,271.7691983885067,7.335567857984209,18.741222725191918,0.0,2.0357307378075005,0.0,0.5124729523278699,21.291243283342588,2.516103584988065,11779.734112391929,1789.0,0.9937790638797739,0.026430989198955777,0.004674504300138518,0.02492673460537958,0.00234430949250255,0.006400786214214951,0.0008139607890999249,0.4441615847973624,0.0,0.5558384152026377,0.0,0.5558384152026377,0.0,0.1472030457152378
168,spinup,11.147340678339253,1.396704647604719,9.750636030734535,9.344561161601737,0.00021246437641319588,6.170501287412369,1.2941852611661346,3.1401733723238343,5.087664079777428,13.59255174454496,0.022193750964076348,3.1443071904910163,0.010270800924528626,137.34085599427678,2.728261509197684,3.806624754624552,0.008319578420093504,343.62730334465914,785.0605498875315,271.6718613007784,7.335541866348032,18.956657935292498,0.0,2.0030866505052476,0.0,0.5383259560802969,21.392896578832385,2.528206550917384,11795.596312373806,1789.0,0.9937614676060225,0.0264312871152583,0.004674671410144981,0.02492391930379967,0.002344331870359949,0.0064007755875247225,0.0008139564884263028,0.44538427417416043,0.0,0.5546157258258395,0.0,0.5546157258258395,0.0,0.15968600103265265
169,spinup,11.065247440898828,1.4438797997459205,9.621367641152908,9.417488316809171,0.00021660679167522355,6.17107691474766,1.294301638977989,3.1526717428541766,5.097730452268316,13.589958194774734,0.01733003093043208,3.3423757440745043,0.010333044848331596,137.52839058544734,2.727137668069366,3.8448891505831577,0.00852268659588103,341.61340073066833,788.1852110058403,271.6199942884423,7.335781988469798,20.301431102521434,0.0,2.069627273378364,0.0,0.5249018626880193,21.4282608451145,2.528071872393706,11802.600897355944,1789.0,0.9938105464629603,0.026437468263916658,0.0046751947021513715,0.02493913139308238,0.0023435165693572405,0.006401513109414784,0.000814008336537386,0.42967938653447735,0.0,0.5703206134655225,1.1102230246251565e-16,0.5703206134655227,0.0,0.1560187727518616
170,spinup,11.082927975605658,1.2556608719142865,9.827267103691371,9.285193132338474,0.00020610888923537412,6.111463007321244,1.2820425301935532,3.0765547119146235,5.06702285313991,13.619686222503873,0.01996824440270304,4.455632195536406,0.023827561529097305,137.82340391559916,2.734485670583679,3.742164531132598,0.007817474908067815,335.1588556391097,769.1555361821886,272.2142774614881,7.33384677609612,16.53263134123714,0.0,1.7275273133046218,0.0,0.4922613282502359,20.97755147345529,2.4815625715779284,11790.191506076073,1789.0,0.9937292574720045,0.02642427201313614,0.00467402040003765,0.02490270614850977,0.002344536902966211,0.00639906044791529,0.0008137498408637297,0.5131418286386797,0.0,0.4868581713613202,5.551115123125783e-17,0.4868581713613202,0.0,0.13748802553640738
171,spinup,11.189074860485318,1.4861330020726788,9.70294185841264,9.207043801924195,0.0002355303044029629,6.150280754030782,1.288860933897123,3.12498947562623,5.0683592475713,13.613554273336536,0.028714527431155448,3.278169801825748,0.0072130774874791595,138.1091138262412,2.7302967178440656,3.7838100251355216,0.009802650836292266,350.16751318275817,781.2644925118732,272.09170936971714,7.336261407693153,19.10045106911045,0.0,2.1624888907632434,0.0,0.5377490592978175,21.19514044297034,2.506552781816259,11818.843259239016,1789.0,0.9936833390987971,0.026426867418250385,0.004673310080318691,0.024920845995124594,0.002343058031414064,0.006400181238239568,0.0008138270231227893,0.4091738236776404,0.0,0.5908261763223597,0.0,0.5908261763223597,0.0,0.16787159154456735
172,spinup,11.143045997576216,1.4626988401550685,9.68034715742115,9.308146861078102,0.0002240579558158858,6.178944755153804,1.295640132198652,3.144950390559578,5.081065357374825,13.60544257003466,0.022309587064216443,3.1256017004364267,0.007045591525562442,138.35788481981143,2.7277686487924275,3.8081134408204576,0.010446631187305376,349.5837840455803,786.2548306224834,271.9295391493867,7.335950518130008,18.713256312698825,0.0,2.06924078219951,0.0,0.5503231472090696,21.36674476718132,2.5230348709845094,11834.667835755059,1789.0,0.9936767207424667,0.02643031054725821,0.004673522114303971,0.02493161633898817,0.002342746937046144,0.006400939303143975,0.0008139026735777702,0.4243832957901379,0.0,0.5756167042098621,0.0,0.5756167042098621,0.0,0.15573286039288434
173,spinup,11.060258676939924,1.3902428921366887,9.670015784803233,9.36331149057796,0.000229259421918038,6.17573498985599,1.2949523387086508,3.1759937458722862,5.1082464499275675,13.601171816583125,0.022895009780782818,3.1585438511734063,0.014285305611686448,138.5846484393414,2.725636913336412,3.830277578843353,0.011014229980937797,347.26896614430575,794.0158395549659,271.8441016174165,7.335877913478994,18.55423537845594,0.0,2.0004426916769322,0.0,0.5317531702690863,21.541677792459435,2.53495086839752,11855.059226435545,1789.0,0.993715480237644,0.02643638671581186,0.004674555984378042,0.02493818111913265,0.0023415486605447185,0.00640147608399268,0.0008138913952485011,0.434008915948845,0.0,0.5659910840511551,0.0,0.5659910840511551,0.0,0.16435622398938807
174,spinup,10.825610145598155,1.1141591861877471,9.711450959410408,9.575580516921656,0.000171780134252825,6.11620548810547,1.2832397540140004,3.1187532263029265,5.096760146494124,13.630780132704217,0.006931313040281926,3.427786231921394,0.026477068216808876,139.00423278295025,2.7310278943205124,3.8701995556822673,0.00977386992426196,335.1234793866595,779.7053960090686,272.4359394122838,7.333747834763806,15.745374324328381,0.0,1.6653218736088748,0.0,0.45371004342947596,21.205422669983644,2.5012342333148108,11854.018471707159,1789.0,0.9939727342730499,0.026431740083046606,0.0046751464966309705,0.02490158454421936,0.002346239296288453,0.006398169324417312,0.000813655317555198,0.5280016616312722,0.0,0.47199833836872784,0.0,0.47199833836872784,0.0,0.1208874110141937
175,spinup,11.06407994178464,1.5098024537206434,9.554277488063995,9.278670530336095,0.00024157504598865546,6.076752319281014,1.27559283798318,3.06728728435433,5.04946645204804,13.661146068308641,0.01921157490640074,3.0128463541924906,0.00525561277488283,139.42949449542954,2.7343372696286727,3.7414925188068455,0.009912559951960404,343.74362903533734,766.8386285105771,273.0430183773699,7.336100381948812,19.31747229660595,0.0,2.144778315907786,0.0,0.5392983066494041,20.89127431515282,2.4799970167005903,11844.081840796001,1788.0,0.9938356205750942,0.026433723066311754,0.004674028567270364,0.024931984180183067,0.002344733401218723,0.006399862809542236,0.0008138016146286422,0.4081195209901925,0.0,0.5918804790098076,0.0,0.5918804790098076,0.0,0.1605902291027728
176,spinup,11.072361047347892,1.4893271338892486,9.58303391345864,9.31149728580128,0.00024373351971608995,6.161732984675283,1.2925773104106917,3.1578765258661647,5.077579834046229,13.635968337397497,0.023792441594608745,2.8999761920688725,0.006684685194338253,139.49591690953713,2.7267163262968936,3.7987276602754467,0.010710869222447546,348.8508021918933,789.4864352788214,272.53969292013,7.3369495694180955,19.777348844182377,0.0,2.1239262954172804,0.0,0.5636513934364917,21.466777481691302,2.5297252159819372,11872.204352754145,1788.0,0.9937922547888185,0.026440993510301453,0.00467411897089143,0.02495214192724298,0.002342495594148005,0.0064014228566236266,0.0008139244229025564,0.4050282945749074,0.0,0.5949717054250926,0.0,0.5949717054250926,0.0,0.1680918008850466
177,spinup,11.045083217515513,1.353158969278355,9.69192424823716,9.41823483363773,0.00021514331505174315,6.139554991840875,1.2886662461851088,3.133625314216044,5.081934891891248,13.652623088484122,0.01765800603377813,3.5329040916290837,0.019688550857354815,139.7442201849474,2.7290589321192336,3.8229391271730258,0.008042765471481922,337.6236276030292,783.4234994800271,272.8725735446448,7.3348019177505694,18.740068490138718,0.0,1.9149071224998306,0.0,0.511820986624364,21.386750480941284,2.519744958715325,11876.664581931152,1788.0,0.9938041452560684,0.02643852646468293,0.004674075359166294,0.02494051448440049,0.002342284994138324,0.0064005319351215,0.0008138322112929805,0.4679469463889618,0.0,0.5320530536110383,0.0,0.5320530536110383,0.0,0.14203823048818146
178,spinup,11.127381200048804,1.365142427323018,9.762238772725787,9.349552538915683,0.0002080277414935609,6.170739736711981,1.2948628063939898,3.1177081086826632,5.073922771754689,13.656974423541225,0.0209162816706674,3.4480584367958684,0.009695327319256687,139.98966148706936,2.72930749560159,3.801596661855319,0.007956792208409696,343.0840525270835,779.4441108772054,272.95956927084563,7.3353618459646786,18.81361417031198,0.0,2.034345594766795,0.0,0.5127869928941431,21.314657647553595,2.517024614462507,11879.011735733477,1788.0,0.9938002250800548,0.02643661381285317,0.004674181546624607,0.024938328440226816,0.0023432237663179927,0.006400325583851906,0.0008138689828169444,0.4444834642149894,0.0,0.5555165357850106,0.0,0.5555165357850106,0.0,0.14511446463081057
179,spinup,11.161940229711552,1.3960759700858425,9.765864259625706,9.348739956453302,0.00021222165050041066,6.1823322488290025,1.2965643997937597,3.138256099698894,5.083157912757362,13.65066796307763,0.02207437434375178,3.4536598534901004,0.010667316750255123,140.20477620086152,2.7276172789508455,3.813553266922721,0.00831933069858396,343.7451765111534,784.5812212254626,272.83349145888275,7.335440384629728,19.040438557214184,0.0,2.002886559147732,0.0,0.5384523653309692,21.411900442787452,2.5286615568906607,11893.142537062937,1788.0,0.9937824969275838,0.0264370325892119,0.004674379644568417,0.024935750994918543,0.0023432297228855982,0.006400286167792844,0.0008138758814579095,0.44523715844958295,0.0,0.5547628415504169,2.220446049250313e-16,0.554762841550417,0.0,0.15763532268552383
180,spinup,11.080540459116534,1.442738922878605,9.63780153623793,9.421738824437526,0.00021618860862272941,6.18334854675446,1.296787984559227,3.1506287839464426,5.092994559018118,13.646555270818663,0.017211180607907328,3.660118417288503,0.010548072747166688,140.3876370128961,2.726475259278737,3.8517865140457577,0.008522462289298269,341.80887375358225,787.674460084366,272.75126069432326,7.335739750012086,20.38157432724607,0.0,2.0743399335296493,0.0,0.5200026510703546,21.44907745640374,2.528348974686427,11898.45037326578,1788.0,0.9938312678594305,0.026443252746296463,0.004674914706903844,0.024951228731697396,0.0023424158260761615,0.006400996791994937,0.0008139329510218154,0.4295262255764799,0.0,0.5704737744235202,0.0,0.5704737744235202,0.0,0.154006716307691
181,spinup,11.097785934749341,1.2547248754312916,9.84306105931805,9.2896226961308,0.00020581699255966455,6.1244287561532795,1.28464461165524,3.0743753965755762,5.061986526797309,13.674720263820355,0.019822196186951437,4.80400855369045,0.023916796699132967,140.67530888810606,2.7338654134734393,3.748854734464871,0.007817299590844038,335.3173795430339,768.6106954057111,273.3143029974867,7.33385823240935,16.617234103769917,0.0,1.7229877243649132,0.0,0.49732263706378055,21.009873868202938,2.4818771636555326,11884.315500952749,1788.0,0.993750736958424,0.02643036814986989,0.0046737858050256344,0.02491502665467602,0.0023434518584585077,0.006398566835886646,0.0008136893570823253,0.5127865664600044,0.0,0.48721343353999547,1.1102230246251565e-16,0.4872134335399956,0.0,0.13606076145692558
182,spinup,11.20486051829822,1.4852592042865804,9.71960131401164,9.211563027238876,0.00023511557363601162,6.1634316871903785,1.2914717305629513,3.1226919342346857,5.062825787240539,13.666892206430177,0.02854662528431894,3.5732011058549875,0.007272497510687383,140.96161819284447,2.729678807249938,3.7901795486107828,0.009802326130655705,350.44005309870903,780.6900945744432,273.1578347220539,7.336294355220329,19.142971571961553,0.0,2.162124287587835,0.0,0.5379017478712111,21.212607514438332,2.5068268152310096,11911.311499692507,1788.0,0.9937046437888506,0.026433041435568665,0.004673092862508402,0.024933586127886057,0.0023419788460563467,0.006399681537474611,0.0008137748062997406,0.40914393995333564,0.0,0.5908560600466645,0.0,0.5908560600466644,0.0,0.1657734598201697
183,spinup,11.158451271218063,1.4618010501538283,9.696650221064235,9.312827066584877,0.00022381300361720038,6.19210203716219,1.2982303586549075,3.142679604961209,5.075220668173637,13.657130287829577,0.022202789407012764,3.407393543777394,0.007085310822646677,141.2082951336689,2.727160421274586,3.81441353401562,0.010446267723948188,349.81405762105976,785.6871217799577,272.96268110985176,7.336011379224296,18.77044696486275,0.0,2.0689305718770883,0.0,0.5504287850922209,21.38574232569419,2.5233000962360874,11925.549765376514,1788.0,0.9936976222529368,0.026436529636386895,0.004673340508508534,0.024944437301502965,0.0023416593433987316,0.006400455408015604,0.0008138579199164235,0.42423325920607563,0.0,0.5757667407939244,0.0,0.5757667407939244,0.0,0.15459906482581273
184,spinup,11.075610092047173,1.3897075220179689,9.685902570029203,9.367995105667825,0.00022902091381205093,6.188812209895455,1.297515397540627,3.1738454434377172,5.1020642841720685,13.651287120346746,0.022784045084417587,3.4298863637174275,0.014310563214387373,141.43273355364153,2.7250395484637635,3.8365479520430434,0.011013771915847502,347.57450585870936,793.4787521745454,272.84581533732444,7.335967294955738,18.608201123094872,0.0,2.0003059173956856,0.0,0.5319100231995497,21.560480985188406,2.53522183015847,11944.383796053387,1788.0,0.9937359367024459,0.02644259527316612,0.0046743926864178794,0.024951084238612278,0.002340453590776224,0.006400998406131932,0.0008138553704623385,0.4339838809522247,0.0,0.5660161190477753,0.0,0.5660161190477753,0.0,0.16276516204412428
185,spinup,10.838543830926827,1.1125834351723158,9.72596039575451,9.580254209495717,0.00017137590253465593,6.129374170040526,1.2857959693871237,3.1164851342012865,5.090274228845983,13.679769879493817,0.006824799832119356,3.703571909457366,0.027130675939348977,141.84975586025197,2.730459621909623,3.8765769542554946,0.009772403356818267,335.43621820461055,779.1383605554845,273.4151565078523,7.333154049989486,15.814799201301572,0.0,1.6636198101784752,0.0,0.45363960537212417,21.234972005701355,2.5012429612026628,11941.802669222903,1788.0,0.9939922769230515,0.026438799792108128,0.004675018433619822,0.024915240314620748,0.002344992547055909,0.006397922899866907,0.000813647859846719,0.5283268695518112,0.0,0.47167313044818887,0.0,0.47167313044818887,0.0,0.11898226161128003
186,spinup,11.0769875819242,1.5082923675380941,9.568695214386107,9.282341897400507,0.0002414524628655532,6.089821278707074,1.2781674102328713,3.064338539172363,5.042317188060277,13.708437811956292,0.01910628065773017,3.271435776125728,0.0061939790418533884,142.27381962928348,2.7338285483226787,3.74710684718294,0.009910563200502253,343.9593641946917,766.1014260572236,273.98829786879196,7.334500322517497,19.36068173670373,0.0,2.148061250301511,0.0,0.5345534055431032,20.909695929559724,2.479941075757823,11930.211914995069,1788.0,0.993855712489514,0.026442180732654322,0.004674070760101684,0.02494479772805632,0.0023436632823517446,0.006399583521838902,0.0008138416242940217,0.4084616766729224,0.0,0.5915383233270777,0.0,0.5915383233270777,0.0,0.15894183092711067
187,spinup,11.086987226197932,1.4893955272317183,9.597591698966214,9.315045718195666,0.00024377432530862353,6.174510679631215,1.295123316013817,3.155041600432665,5.070351293114969,13.681683448501818,0.023692353216350708,3.1423178085617165,0.0069606893644627845,142.33857963435509,2.726236280589305,3.804132695143535,0.010709467128244585,349.127278319664,788.7776883862679,273.453459145446,7.33533360068813,19.831497702446654,0.0,2.118543062967796,0.0,0.568371293622477,21.47807683464413,2.5295437764318986,11956.790060597556,1788.0,0.9938119889021629,0.026448735348448563,0.00467406579635952,0.024964614566061652,0.0023414678892071075,0.006401334474606987,0.0008139570621788813,0.4051769065494148,0.0,0.5948230934505853,0.0,0.5948230934505853,0.0,0.16613138348492587
188,spinup,11.059410595205764,1.3529930084811548,9.70641758672461,9.422118818648794,0.00021494005425553046,6.151862474648329,1.2911649523920234,3.131369324911835,5.075134783356102,13.696641004060035,0.017525709870015987,3.8060346863351757,0.01885713043266555,142.5804385400535,2.728571305747265,3.82843618058307,0.008042740107213477,337.79490172059093,782.8594897921187,273.75241532048193,7.334410991944701,18.829190250298343,0.0,1.9148835502464459,0.0,0.5118774386728209,21.39927480556446,2.51955145068053,11959.768954342422,1788.0,0.9938233366552331,0.026445748557951815,0.004673943113954714,0.024952668051727023,0.002341314179708547,0.006400597600747146,0.0008138582781493566,0.46777432481648173,0.0,0.5322256751835184,0.0,0.5322256751835183,0.0,0.14045488020594318
189,spinup,11.141191240358127,1.3646720255718374,9.776519214786289,9.353394460276549,0.00020779802018684314,6.183113304824037,1.297376054566758,3.1154732486982097,5.067199868705704,13.69952239948378,0.02078113810438697,3.7238577187194664,0.009033178161533907,142.82086827901972,2.728821044061716,3.806850216234027,0.007956628793644364,343.2537693931235,778.8853836350157,273.81002991343075,7.33485964542704,18.886430137068526,0.0,2.0337584010735057,0.0,0.5124641475049474,21.330046919319493,2.5161969739833525,11960.599513265373,1788.0,0.9938190485477442,0.026443561476577015,0.004674009915121099,0.024950482956150825,0.002342259943267762,0.006400493519216729,0.000813894077890928,0.44472548066124057,0.0,0.5552745193387594,0.0,0.5552745193387594,0.0,0.14318640877591998
190,spinup,11.175694058842867,1.3953525900497383,9.780341468793127,9.352639473912886,0.00021188174196278616,6.194750434050112,1.2990856363349914,3.1359968533599516,5.076385768276856,13.691849375176217,0.021953804143320623,3.7283633919620938,0.010341153292926139,143.03168801849603,2.727128346229641,3.818733482777534,0.008319038285717225,343.9249242496343,784.0163972610238,273.65663757325643,7.334905609831312,19.119518049095646,0.0,2.002502359481002,0.0,0.53838485963707,21.427966698491907,2.528268249581399,11973.282050701864,1788.0,0.9938010751588354,0.02644388938606919,0.0046741974141038655,0.024948018163080187,0.0023422783917821325,0.006400512206734639,0.0008139013700540162,0.4452036029088423,0.0,0.5547963970911576,1.1102230246251565e-16,0.5547963970911577,0.0,0.15561639915948355
191,spinup,11.09497606933025,1.441484887009605,9.653491182320645,9.425662232788806,0.0002157185435134349,6.196080452608421,1.2993994317127981,3.148157465644246,5.086058883477516,13.686425828551783,0.017068055963483753,3.9408812434402134,0.010380348889045352,143.2096630200054,2.7259935769508776,3.8568205503545867,0.008522080563101421,342.02410983214173,787.0566169670499,273.5482061055386,7.335193735762058,20.46046370129417,0.0,2.0735593829514873,0.0,0.5200207711627581,21.464506299378517,2.5280923486112123,11977.147192093968,1788.0,0.993849511522687,0.02644994310208164,0.004674709178382037,0.024963625353358672,0.002341476347063033,0.006401248802772798,0.0008139587515076428,0.42975174345816747,0.0,0.5702482565418325,0.0,0.5702482565418325,0.0,0.15139162659392477
192,spinup,11.111649089215321,1.2538117803599558,9.857837308855366,9.293371333862146,0.00020559993286183001,6.13757319802369,1.2873479410063844,3.07176080976641,5.05478014075285,13.71325748984823,0.019674697148112315,5.142536033785951,0.02379150650757678,143.4880072565141,2.7334004278270805,3.753732964520395,0.00781695254865177,335.51002335428086,767.9570343766027,274.0845987253245,7.333321801853295,16.70951834238054,0.0,1.7264751093376662,0.0,0.49365349008860293,21.024039698996187,2.4817122699579386,11961.55647787167,1788.0,0.9937694695645325,0.02643704167441384,0.004673588201949369,0.024927433926411904,0.002342528176574351,0.006398889134545738,0.0008137204968216362,0.5127895506494214,0.0,0.4872104493505785,5.551115123125783e-17,0.4872104493505785,0.0,0.13438922693142996
193,spinup,11.219697206117418,1.4842978038897081,9.73539940222771,9.215353769223114,0.00023472726883414123,6.176593643709698,1.2941678238424537,3.1200043724786832,5.0552808115224614,13.704048547966407,0.02838844736851467,3.863275220653305,0.007210584949746898,143.77389709581905,2.729207542189422,3.7947604482116817,0.009801776810318633,350.72497772523525,780.0181894087539,273.9005304746655,7.335773125910425,19.185000249669955,0.0,2.1581232423620254,0.0,0.5416640419599579,21.227577197024758,2.506735892287475,11987.137835148575,1788.0,0.9937231133817881,0.02643968759152359,0.004672892025562177,0.024946265624447253,0.0023410594259464443,0.006400041526844391,0.000813811752287189,0.40913762833165346,0.0,0.5908623716683465,0.0,0.5908623716683464,0.0,0.16372844447688023
194,spinup,11.172439613517232,1.4608054004115305,9.7116342131057,9.316792810451568,0.00022352022386425008,6.204942408919755,1.3008142953952389,3.1401486188050107,5.0674158440738175,13.692873491266708,0.022067923317450177,3.6875796580726186,0.007053678350611341,144.01801504489367,2.7266949048878897,3.8190809475161367,0.010445638766196988,350.109429482801,785.0543613721868,273.6771319917243,7.335500157618716,18.82492316359674,0.0,2.068580320784914,0.0,0.5504694110367059,21.40246510520288,2.5233092078170496,12000.054125312286,1788.0,0.9937155857624038,0.026443064606784167,0.004673139071879059,0.024957305280181398,0.0023407489184468604,0.006400853535752643,0.0008139016042968462,0.4241436864225742,0.0,0.5758563135774257,0.0,0.5758563135774258,0.0,0.1532358442565127
195,spinup,11.089935861547799,1.3888893226948755,9.701046538852921,9.372016629359424,0.00022879245400834978,6.201687147352679,1.300102292296546,3.171278303136555,5.093896827284954,13.685641510146947,0.022661711259359795,3.7013606694689023,0.014289347260700363,144.23955135671892,2.7245828586236165,3.8409860046163598,0.011013112319021934,347.8173585393,792.8369530324242,273.5325078232603,7.3354725758571675,18.66494884752323,0.0,2.000383522365313,0.0,0.5316516916230306,21.577300008274204,2.535222084372128,12017.552892383252,1788.0,0.9937534472474225,0.02644903916380088,0.00467418839654459,0.024964051148268607,0.0023395449473823443,0.006401427116617127,0.0008139055082381197,0.4340107936773222,0.0,0.5659892063226779,0.0,0.5659892063226779,0.0,0.16106798559534732
196,spinup,10.852875065891482,1.1125255889019754,9.740349476989506,9.584381884444706,0.0001710869092957357,6.14222318978717,1.2884041575455594,3.114241337051025,5.081829016250152,13.712471986657306,0.0067349631470664285,3.981361421579008,0.02650377349225281,144.65278318450757,2.7300004413042376,3.8812616318086577,0.009772969718431607,335.7575370840792,778.5773989728708,274.0688241886868,7.3333727790452725,15.888284408079528,0.0,1.6633288924503957,0.0,0.4541198811413475,21.247741384782863,2.5015195327263964,12013.678526645603,1788.0,0.9940099414401384,0.026444144182622954,0.004674763813872733,0.0249276001049222,0.0023441777397146604,0.006398136534671082,0.0008136801643712662,0.5282958698575936,0.0,0.47170413014240636,5.551115123125783e-17,0.47170413014240636,0.0,0.11754780227883162
197,spinup,11.09156128325715,1.5071996042646203,9.58436167899253,9.286248047067414,0.00024112921646571647,6.102872892176637,1.280857853872242,3.0619532130012805,5.033527703089854,13.739445058544094,0.01900472545265268,3.544251834887746,0.005254885915240751,145.07410292721136,2.733367942058775,3.7515330146671584,0.009910848331247777,344.25519597124094,765.505081443886,274.6080898854151,7.335202831651458,19.409644367146427,0.0,2.1436008471817667,0.0,0.5392941428239119,20.92299148918577,2.479772314890219,12000.769167291603,1788.0,0.9938735810820001,0.02644701206542937,0.0046738230075730434,0.024957270259147946,0.0023429056079769736,0.006399684492106731,0.000813863330949375,0.40830797398834673,0.0,0.5916920260116534,0.0,0.5916920260116533,0.0,0.15733686002263705
198,spinup,11.10237278462391,1.4886833913032573,9.613689393320655,9.319015990902795,0.00024344839537248787,6.18772785025153,1.2978507289620158,3.1525776071344933,5.061047082000133,13.711202883657522,0.02359953258389737,3.4055819717654274,0.006464213068958263,145.13612349297944,2.725759544037499,3.8084005704951354,0.01070957659846312,349.4694381795381,788.1616765600959,274.0435144300102,7.3359180210849635,19.889325605556593,0.0,2.1236004316611927,0.0,0.5636429752832586,21.49389275091636,2.5295343265420724,12026.09209154751,1788.0,0.993829442044593,0.02645319865222729,0.004673810544936022,0.0249770593314955,0.00234073573698721,0.006401395500496364,0.0008139773947320478,0.40514798659968454,0.0,0.5948520134003155,0.0,0.5948520134003155,0.0,0.1640688086369907
199,spinup,11.073797592670191,1.352017041854095,9.721780550816096,9.426238045331326,0.00021459635518382853,6.164961696112734,1.293854523247858,3.1290749573434335,5.065586438304264,13.724787405138484,0.01739054799578439,4.098468086789185,0.018607031507944898,145.37141997451926,2.728087307908671,3.8325887959181224,0.00804266645234043,338.0296741311458,782.2858853278656,274.31502728417735,7.334937806335346,18.92140361669053,0.0,1.9164638260015912,0.0,0.510769441282418,21.417378722549437,2.519864070497496,12027.821240772842,1788.0,0.9938405950949768,0.02645006052877311,0.004673685081704327,0.024965018203095643,0.002340608640202471,0.006400665790775032,0.0008138789312219972,0.46749316777266775,0.0,0.5325068322273323,0.0,0.5325068322273323,0.0,0.13884993544996066
200,spinup,11.15523396339713,1.363650580070067,9.791583383327062,9.357311010088921,0.00020755702657929378,6.196472301268586,1.300136591551324,3.113049465298396,5.0572842293934945,13.726319718170496,0.020638554121897454,4.023082195601459,0.008903882970403964,145.60652733018532,2.7283532308582212,3.8106844740659094,0.0079565229446341,343.4909086818207,778.2794245037662,274.3456776358199,7.335341929168445,18.9645051417232,0.0,2.0319459241270694,0.0,0.5138806498592212,21.346717111876305,2.5165697373227416,12027.364502826576,1788.0,0.9938362597345507,0.026447597888149196,0.004673734155055923,0.02496286063873118,0.0023415553441538802,0.006400574037096485,0.000813916751019267,0.44472507962669394,0.0,0.5552749203733061,0.0,0.5552749203733061,0.0,0.14153739941541216
201,spinup,11.18987947002655,1.3942563968225838,9.795623073203966,9.356626413258757,0.0002114738680882661,6.20835743997268,1.3018702601227623,3.133555755815524,5.066063359986423,13.71729290477549,0.021834217067822945,4.030333281118271,0.010273087826080047,145.81253716186345,2.7266661030655692,3.8225276285264544,0.008318953908400168,344.1973988739077,783.4061094987468,274.1652270856738,7.335360431949274,19.201886911005214,0.0,2.002709114628967,0.0,0.5385264250445787,21.445620787735177,2.528701931691157,12038.831284466894,1788.0,0.9938181672135139,0.02644779037754524,0.004673909817139426,0.02496049560054569,0.002341583553637365,0.006400623443070581,0.0008139314155935745,0.445081771938433,0.0,0.554918228061567,0.0,0.554918228061567,0.0,0.1538774933354609
202,spinup,11.10949239469504,1.439856675415682,9.66963571927936,9.42971767026064,0.0002152238498756055,6.210041124016256,1.3022164939291814,3.1455741847396297,5.0753455637568266,13.710594590400762,0.01695124034933319,4.25364997142192,0.01034112043951483,145.98508696151242,2.725560422393478,3.860434076569887,0.00852212385449299,342.30230199116886,786.4107825856215,274.0313168306342,7.335688912847978,20.544013500486173,0.0,2.0675082467131407,0.0,0.5263222456975969,21.481844465155557,2.5285729038034983,12041.48287202302,1787.0,0.9938656604724506,0.0264562797869139,0.004674782527921339,0.02497786566880479,0.002340530309592857,0.006400978645409006,0.0008140385897452531,0.42948637850943583,0.0,0.5705136214905643,0.0,0.5705136214905642,0.0,0.14959350076301228
203,spinup,11.127009524444674,1.2526058233396242,9.874403701105047,9.298413746249874,0.00020529852461863407,6.1526844402696925,1.2904250493872254,3.069249327670921,5.044183794514178,13.737096798332063,0.019513258714852624,5.517175889615479,0.023738592650147525,146.25334839509333,2.7329211261421924,3.7574362246105943,0.007817897247413854,335.8087844450938,767.3291500908831,274.5611240683133,7.334646494980282,16.808394746194534,0.0,1.7294121767117412,0.0,0.49149621750543737,21.042695096874116,2.48251380331737,12024.707347336971,1787.0,0.9937866160946762,0.026443423607982956,0.004673658639794239,0.02494181138472562,0.0023416154936930804,0.006398663585811462,0.0008138063740580055,0.5126773751314275,0.0,0.48732262486857253,0.0,0.48732262486857253,0.0,0.1326656959156858
204,spinup,11.23590424754333,1.483089698361444,9.752814549181888,9.220362760929609,0.0002343259755848612,6.191887164710259,1.2972613633808852,3.1172940801707107,5.044093273395692,13.726433771296124,0.028209151193560288,4.192013544831032,0.007192756444793826,146.53838834864425,2.7287688008466553,3.7982123646852575,0.009802992703300758,351.1342279630576,779.3406014805183,274.34799341038786,7.33708004755759,19.231762600577298,0.0,2.161537787569129,0.0,0.538600904785087,21.2467505315374,2.507511011729182,12049.114024390443,1787.0,0.9937404507438312,0.026445934196142745,0.004672944516262072,0.024960895087734157,0.0023401651698244756,0.006399844436371212,0.0008139004797952498,0.4090976497378737,0.0,0.5909023502621262,0.0,0.5909023502621263,0.0,0.16172712924704014
205,spinup,11.18827104554696,1.4594144512743936,9.728856594272568,9.32193381164948,0.00022319253319767716,6.2204830871178345,1.3039242926137877,3.137377915962598,5.055730243591618,13.71380473757631,0.021935137287484537,4.003398542259693,0.007049510474725877,146.77994313439387,2.7262591197629593,3.822506783080812,0.010446955165843801,350.50475920468233,784.3616704793178,274.09553442668516,7.336788993233544,18.880571618461094,0.0,2.069398695923827,0.0,0.5499780334475033,21.42270885187297,2.5240744378474407,12060.923711604655,1787.0,0.9937326370669147,0.02644917943930626,0.004673191767242097,0.024972057449994242,0.00233986908564561,0.006400689906178069,0.0008139951460205521,0.4240200315260517,0.0,0.5759799684739484,0.0,0.5759799684739484,0.0,0.15174812425195022
206,spinup,11.10584040377609,1.387804246249506,9.718036157526585,9.377048911233706,0.0002285232606446568,6.217222028800929,1.3031866362036544,3.1684605126729553,5.0817270660219735,13.70520423802414,0.022527696723262824,4.013317988189673,0.014290230994642236,146.9984555617088,2.7241873723386894,3.8443440796036996,0.011014520960873225,348.2637019150747,792.1324899762383,273.9235578522132,7.336735142560244,18.7247996974595,0.0,1.999560428755109,0.0,0.5329490153159026,21.59791488850584,2.5359371993435555,12077.322709617534,1787.0,0.9937703312810686,0.026455052209013615,0.004674229019310287,0.024978832185421164,0.002338670798760952,0.006401300669434325,0.0008140023509675389,0.433936836243076,0.0,0.5660631637569239,1.1102230246251565e-16,0.5660631637569239,0.0,0.1594838341625408
207,spinup,10.86757741774802,1.1116018157894876,9.755975601958532,9.589474976514811,0.0001707872961824433,6.157720271081892,1.2914465550094638,3.111552265097543,5.069199279218156,13.730652282871219,0.006654947116484731,4.297601325139444,0.02651529105377682,147.40781299265268,2.7295928269972713,3.884566215374705,0.00977427754411885,336.1569052411035,777.9051162495366,274.4322436499782,7.334611643061878,15.962436473879523,0.0,1.6636629265323983,0.0,0.4539478198907364,21.270634835915786,2.502273515809186,12072.342093638443,1787.0,0.9940265166242289,0.026449999453780147,0.004674783732500073,0.024942242456562992,0.0023433001058716933,0.006398051728151751,0.0008137845970157582,0.5281733144136102,0.0,0.47182668558638974,1.1102230246251565e-16,0.4718266855863898,0.0,0.11620198157967536
208,spinup,11.10611760061077,1.5054790962929354,9.600638504317832,9.29092191154551,0.00024077217448653077,6.118219430262711,1.2838483704748265,3.059054010019023,5.02058713441045,13.756324500204371,0.018912344361508834,3.850630578664566,0.005253038755615762,147.82689573378713,2.7329874694120906,3.7545471168167093,0.009912252544216347,344.6217557828361,764.7802648119298,274.9455089213186,7.3364060530803785,19.46010126148269,0.0,2.1482604515296546,0.0,0.5347118367747834,20.941866663636567,2.480400640803741,12058.299990357607,1787.0,0.9938902467051709,0.026452774101650776,0.004673842632578694,0.024972197991292095,0.0023420417511554967,0.006399618804164224,0.0008139685991028054,0.4082988306726949,0.0,0.591701169327305,1.1102230246251565e-16,0.591701169327305,0.0,0.15582421770203433
209,spinup,11.118087577145488,1.487440042140148,9.630647535005338,9.323919019939696,0.0002430930438847927,6.203357172039371,1.3009100806677063,3.1495841147208155,5.047691757677901,13.727042022027288,0.023491394002387353,3.7017569036914604,0.006457831768452469,147.88614505108563,2.725391416865385,3.811257409626513,0.010711390947338919,349.89642705256136,787.4132870536185,274.36014118255343,7.33726596204726,19.9488092171084,0.0,2.11890503803109,0.0,0.5686676349925858,21.514101247442902,2.5301526688901492,12082.543768327796,1786.0,0.9938451717447665,0.02646055194606231,0.0046738620718392064,0.024993136212103972,0.0023396783549999153,0.0064017784876221175,0.0008141269729588156,0.40519006923242257,0.0,0.5948099307675775,0.0,0.5948099307675775,0.0,0.16236988670010594
210,spinup,11.089660912539927,1.350729668491019,9.738931244048908,9.431886098016943,0.00021424055292411677,6.181013057601776,1.2970222545731565,3.126370714770547,5.052140561733043,13.739969763221094,0.017262259512993438,4.421472948959829,0.018600407063866536,148.1149945618454,2.7277142695538656,3.835497733502194,0.00804470680756719,338.4054504907356,781.6098098665517,274.61852666354923,7.336752555503215,19.013468658608225,0.0,1.9168643590667036,0.0,0.5111230516227145,21.440688769326282,2.520707459664638,12083.244587010775,1786.0,0.9938564519945563,0.026457331438872397,0.004673708025635269,0.024981086489316483,0.0023395827300496867,0.006401067171242749,0.0008140322184226672,0.4674165454699962,0.0,0.5325834545300039,0.0,0.5325834545300038,0.0,0.13745446595398159
211,spinup,11.1704561408012,1.3621049599760038,9.808351180825197,9.362778499930513,0.00020710681197661998,6.21266327959695,1.3032789411728096,3.1101722822118747,5.043398123445704,13.740082138911275,0.020510276114960403,4.35067110144077,0.008902446494537954,148.34491358411842,2.727988337155507,3.813300107695425,0.007958551637636419,343.83410686952965,777.5601129664036,274.62079673589375,7.33711951937591,19.043006936664693,0.0,2.032094905204074,0.0,0.5141413914595832,21.36818244235441,2.517386555882109,12081.711443634207,1786.0,0.9938521005494667,0.026454759452532124,0.004673738898388218,0.024979107671180237,0.0023405456255595498,0.006400979973764233,0.0008140691400588536,0.4445852466379582,0.0,0.5554147533620418,0.0,0.5554147533620419,0.0,0.14016101249586155
212,spinup,11.205232510880146,1.392884557366427,9.812347953513719,9.362077779887583,0.00021116015476947055,6.225014264230654,1.3050700320544262,3.1304577331591203,5.051668371414482,13.729650529311806,0.021705424315084,4.359055896262528,0.010271059904725982,148.5461620160912,2.726312566874564,3.824984992784459,0.008321051216850619,344.5799735553799,782.631586858807,274.4122687329977,7.337103675347339,19.286719839187164,0.0,2.0029049329498747,0.0,0.5387653768542076,21.467691003747795,2.5294699702556125,12092.130189407831,1786.0,0.9938340781300998,0.026454842800197602,0.004673906035284222,0.02497680794780552,0.002340591945477167,0.00640105653673188,0.0008140868120490822,0.4450788052789754,0.0,0.5549211947210245,1.1102230246251565e-16,0.5549211947210245,0.0,0.15210844727816158
213,spinup,11.125033412499933,1.4379273010190823,9.687106111480851,9.435006585526352,0.0002147484117644973,6.22709461228905,1.3055067154593243,3.142207888032322,5.060438579272531,13.72147694145396,0.01683636060578409,4.596109890011537,0.010345082282597728,148.71313709341698,2.725196776612861,3.8627264280429228,0.008524156904030952,342.7343483616999,785.5691899629294,274.2488723449778,7.337319044191336,20.63344099173478,0.0,2.073032904637011,0.0,0.5211020305103176,21.503076449822032,2.5292772866553377,12093.75605584173,1786.0,0.9938822481093426,0.026460662813990586,0.004674361825263038,0.024992721013520465,0.0023398432797783033,0.006401816185914057,0.0008141520396999044,0.4293801791830746,0.0,0.5706198208169254,0.0,0.5706198208169255,0.0,0.14765606971399353
214,spinup,11.141627823459364,1.25130612921617,9.890321694243195,9.302694924945516,0.0002049395724249684,6.169722388510501,1.2937236463669413,3.0654300171518445,5.028310358264031,13.745385738561616,0.019367931677229618,5.918715543144036,0.02369589921692607,148.97130991788734,2.732586603718089,3.759368268412461,0.007818891619392492,336.17149035153614,766.3743015329262,274.7268455402231,7.335437262131901,16.90560869273214,0.0,1.724970652587829,0.0,0.4972571408003141,21.062998693722342,2.4830885167500343,12075.90320764928,1786.0,0.9938037854454831,0.026447833955185414,0.004673231260251346,0.024956654535374236,0.002340969910209151,0.006399537469000452,0.000813926617310027,0.5123577085997515,0.0,0.4876422914002485,0.0,0.48764229140024856,0.0,0.13109227113605962
215,spinup,11.250888924694511,1.4813581631417716,9.769530761552739,9.224609397482682,0.0002339419306635178,6.209281260901919,1.3006630951474476,3.113218157684575,5.027748725358716,13.73334338274086,0.028018632762630395,4.546702188901263,0.007184258254349393,149.25562362421886,2.7284275346902658,3.799805667981958,0.009804185047563104,351.62801595273197,778.3215985246732,274.4861463649574,7.337843282999154,19.275425491361993,0.0,2.1610903710495855,0.0,0.538696915911665,21.26503348174448,2.508000194966267,12099.228921901866,1786.0,0.9937578183610496,0.02645023126781482,0.004672492799147843,0.02497596611953304,0.002339528705737782,0.006400731935636118,0.0008140246400428876,0.40948962315599896,0.0,0.5905103768440011,0.0,0.5905103768440011,0.0,0.15987324284887158
216,spinup,11.203070711240233,1.457581437845282,9.74548927339495,9.326213192333991,0.0002228584905492544,6.2377017070493395,1.3072924166524498,3.1333199022619658,5.038921664503723,13.7193068848376,0.021806805214212653,4.348911969288788,0.007049574849325529,149.49434879185227,2.7259262110122773,3.82406087622853,0.010448188952497401,350.95680647129234,783.3471448179808,274.20555647861914,7.337532137474489,18.937727954383867,0.0,2.0695714130005953,0.0,0.5501387891031956,21.441807080612783,2.5245733043836838,12110.053066741175,1786.0,0.9937495155336642,0.0264534191212919,0.004672737027813682,0.024987262810138713,0.002339250255900058,0.006401576068984706,0.0008141219875962068,0.4239123485882694,0.0,0.5760876514117306,0.0,0.5760876514117306,0.0,0.15009850526156365
217,spinup,11.120846172394412,1.386526690264305,9.734319482130106,9.381379181195005,0.00022824369371662875,6.234527083174426,1.3065438940421144,3.1644254789829143,5.064546884489303,13.709374520003182,0.022408078669167185,4.345311029244559,0.014280273554378232,149.71004507508525,2.7238492590767645,3.8458282831027732,0.011015780244889957,348.7796566134751,791.1237094434699,274.0069598075045,7.337437594323088,18.780473869425624,0.0,2.000360840438625,0.0,0.5328175053925037,21.617964564397745,2.5364643960899076,12125.462899687314,1786.0,0.9937870276630416,0.026459157492715168,0.00467374727668309,0.024994069772366536,0.0023380760832212625,0.006402206089521795,0.0008141358422063199,0.43383941478284316,0.0,0.5661605852171568,0.0,0.5661605852171568,0.0,0.1575557675176412
218,spinup,10.88092369618131,1.1101197100715379,9.77080398610977,9.593870369766613,0.000170471983854873,6.175091439648481,1.2947891337767956,3.1075799652837,5.051728479568936,13.733494499175233,0.006573904594536598,4.6416978065790895,0.026522468662308833,150.11534771076148,2.7292676124811397,3.886128352885245,0.009775411110221495,336.692107552532,776.9120195295723,274.48910123295445,7.3353099095258285,16.038974705889316,0.0,1.6628002488250422,0.0,0.45437522925458407,21.292217903271368,2.502784921844122,12119.539388391842,1786.0,0.9940428986844152,0.02645403572534112,0.004674309902851066,0.02495742099607296,0.0023426812713872114,0.006398985288924257,0.0008139282234242204,0.5282557710223976,0.0,0.4717442289776023,5.551115123125783e-17,0.4717442289776023,0.0,0.11497796892743116
219,spinup,11.119555767633429,1.503246863076561,9.616308904556865,9.2946659600851,0.00024037163542078697,6.135029540017553,1.287065390149541,3.0548406511207333,5.002782440043566,13.757925284652847,0.01882195328468449,4.190486756687106,0.005252833202847716,150.5319700151045,2.732689756114263,3.755671437219502,0.009913385691707384,345.02917581452687,763.726901999953,274.9775538735561,7.337091225721584,19.50729430547632,0.0,2.143240221866244,0.0,0.5396291201802564,20.959464928815724,2.4807110618929817,12104.469465481094,1786.0,0.9939066648696226,0.026456728025245527,0.004673377998553127,0.02498768290890324,0.0023414303735658274,0.00640054805972545,0.0008141176190901052,0.40841154409717695,0.0,0.591588455902823,0.0,0.591588455902823,0.0,0.1538374390317752
220,spinup,11.131989126724287,1.4857144641088085,9.646274662615479,9.327426668352041,0.0002427590995719307,6.220473306708641,1.3042032721350985,3.145059103541724,5.029301751507207,13.727144339980818,0.023372566091321566,4.027221765187587,0.006450873901378778,150.58842066396787,2.7250945826460504,3.8121297749399883,0.01071235964385606,350.36255072048937,786.2820094637206,274.36223662417945,7.337731700106019,20.00597002620106,0.0,2.123659766246716,0.0,0.5639205883258978,21.53131538984581,2.5303231365512566,12127.725148992808,1786.0,0.9938619984604243,0.026462678175591493,0.0046733232364533275,0.025007676223118176,0.002339276102126411,0.006402301750724358,0.000814241839547425,0.40532572534945105,0.0,0.5946742746505489,0.0,0.5946742746505489,0.0,0.1598671503785024
221,spinup,11.102293024628835,1.3488393767186069,9.753453647910229,9.435195131812026,0.0002138028329294115,6.198618341462281,1.30044593749204,3.121743404435498,5.0329653960115515,13.738006091680205,0.017128733922319762,4.7735031100240315,0.01859455225957848,150.8104174280003,2.727426532473992,3.836188807714036,0.008044888735615433,338.85912961158414,780.4529569271085,274.5793295811066,7.336736437066484,19.107338252465546,0.0,1.9168334112370475,0.0,0.5112988020343672,21.458571081818626,2.5207718714582583,12127.45954345392,1786.0,0.9938734827627478,0.026459548357750343,0.0046731557250005214,0.024995674885717033,0.0023391986999618058,0.006401618171503008,0.0008141540829282945,0.4674819970395532,0.0,0.5325180029604467,1.1102230246251565e-16,0.5325180029604468,0.0,0.1358272382205083
222,spinup,11.182994590273532,1.3600173129626678,9.822977277310867,9.365936353324921,0.0002066798995081963,6.230334906686784,1.306689398248896,3.1054032023750944,5.023883046169292,13.736840805228697,0.020353392460462937,4.7120442173680335,0.008899522218192738,151.0347427202835,2.7277103655819372,3.8136590076907226,0.007958742739840674,344.2561369947943,776.3678168746916,274.5560628739226,7.337102294833646,19.118150256324917,0.0,2.0315864716205234,0.0,0.5140293921019577,21.385368957120633,2.517433154217444,12124.923055424979,1786.0,0.9938691568421332,0.026456998417448273,0.00467318725376926,0.024993898102191416,0.002340168608235627,0.0064015400255710755,0.0008141925756563666,0.4449934180491892,0.0,0.5550065819508109,0.0,0.5550065819508109,0.0,0.1380882909484739
223,spinup,11.21790702025369,1.391161157802829,9.826745862450862,9.365274855901426,0.00021076595245124262,6.24294064512601,1.308525925418927,3.125596070563414,5.031783033145129,13.725144633231372,0.02156241103629048,4.72291419365379,0.010268510123021907,151.23112663437004,2.726037297778374,3.8252479054927786,0.008321245613709423,345.03559877649326,781.4161445700498,274.32226001017017,7.337103847932212,19.36643267242282,0.0,2.003043088699333,0.0,0.5388324051559172,21.4845965239377,2.5295314113067304,12134.382850321539,1786.0,0.993851264220619,0.026456986433415826,0.004673338123634176,0.024991618550758064,0.0023402286132477588,0.006401636614462619,0.0008142135602386688,0.4451735708433587,0.0,0.5548264291566414,0.0,0.5548264291566414,0.0,0.15012379873565185
224,spinup,11.137632085766986,1.4354540588919544,9.702178026875032,9.438072724788851,0.00021421557292969858,6.244431619315046,1.3088745569040878,3.1373251261454973,5.040295416531826,13.71572895865994,0.016726131880635448,4.975335725800983,0.010344700450650774,151.3924395256458,2.7249225669569794,3.8628604914908626,0.008524349830353842,343.1918357286653,784.3484727357768,274.1340376940364,7.337327604744659,20.714031413036345,0.0,2.0728528077268313,0.0,0.5211406987894154,21.520493641299346,2.5293815083893665,12135.077481621802,1786.0,0.9938990761337758,0.026462664047624953,0.004673795872699138,0.02500772322464271,0.0023394942475962266,0.00640239089828127,0.0008142804589788639,0.4294592414090669,0.0,0.5705407585909332,0.0,0.5705407585909332,0.0,0.1461068526912318
225,spinup,11.154030230052935,1.2495359870078981,9.904494243045038,9.305615110155076,0.00020439041570653613,6.186687679853004,1.2970515285719086,3.060579466942545,5.00793187039554,13.738299010802695,0.019224271149293457,6.344187227319334,0.023648768573561362,151.6420201068055,2.732307556321927,3.7594322007759704,0.007819088257693205,336.5607571128089,765.1616374016616,274.585252909686,7.335479311909704,16.989141959595717,0.0,1.725334495280746,0.0,0.4974530816153284,21.08844932254012,2.483293113336203,12116.290418850162,1786.0,0.9938211704237738,0.02644997371367808,0.004672667593449856,0.024971755034554916,0.0023406446245517313,0.006400163203792381,0.0008140639236151053,0.5122908979548398,0.0,0.4877091020451602,0.0,0.4877091020451602,0.0,0.12958257373870555
226,spinup,11.264106528114972,1.4792801362177277,9.784826391897244,9.227624509795353,0.0002334343026786844,6.226615913276248,1.304064370150504,3.1081023418824127,5.00711613171952,13.725108343969877,0.027843756501275244,4.9206156798726415,0.007174487161929224,151.9258282010339,2.728160776218775,3.7995435859506133,0.009804382112926911,352.1046896882674,777.0426165416507,274.3216021700882,7.337893354185118,19.32067070445672,0.0,2.1609377399395404,0.0,0.5384303351073971,21.281182507364676,2.5081228351643325,12138.642739845245,1786.0,0.993775932034967,0.026452393851917513,0.004671924740653732,0.024991319352745782,0.002339221126954039,0.006401386651831677,0.0008141681708048746,0.4097399376698042,0.0,0.5902600623301958,0.0,0.5902600623301957,0.0,0.1578692285718971
227,spinup,11.216350294101023,1.455582209002763,9.760768085098261,9.329441654211426,0.00022247073980995457,6.255289763560538,1.310744699798712,3.128219633790311,5.0180111461542145,13.70989921644967,0.021666890290822978,4.713525064524074,0.007049255309766214,152.1616535213177,2.7256706610045622,3.8238933112972013,0.010448377537388554,351.48743272019044,782.0720497527777,274.0175747081555,7.337597344336958,18.99059088726408,0.0,2.0690141383098415,0.0,0.5506370795928976,21.458998601382216,2.524725592972138,12148.604682013689,1786.0,0.9937685023275713,0.0264555898761133,0.004672155063521489,0.025002772365582262,0.002338957556192158,0.006402258395737054,0.0008142699181395354,0.424099226824703,0.0,0.5759007731752969,1.1102230246251565e-16,0.575900773175297,0.0,0.14809263733002284
228,spinup,11.134390250408316,1.384726548486418,9.749663701921898,9.384849930869862,0.00022783455301513244,6.252901800430995,1.3101568452568921,3.159159555132639,5.043418935076764,13.69887365818925,0.02229443560393995,4.6943912519580095,0.014278980113109782,152.37444801493783,2.7236121709088277,3.8455019808100515,0.011015954223782688,349.31461796079816,789.8071996258913,273.7971280539766,7.337494273696542,18.83344601519764,0.0,1.999560161879991,0.0,0.5335647246119303,21.635606471321015,2.5365943179497945,12163.131292861772,1786.0,0.9938078196984095,0.026461293787450775,0.0046731531631213265,0.025009695223262192,0.002337802698319926,0.006402917662662649,0.000814290939332035,0.43418739743002943,0.0,0.5658126025699706,0.0,0.5658126025699706,0.0,0.15557541404631828
229,spinup,10.892323740600967,1.1082483940581216,9.784075346542846,9.59707020551706,0.00017010068528383547,6.192199854916462,1.2981292982035855,3.102531438840492,5.0303779715739285,13.721825997889082,0.006499775702411562,4.999774278619027,0.026527788365774425,152.7761417012991,2.7290331695234205,3.885840648844012,0.00977559079269891,337.22220524112873,775.6498602550053,274.2559314945431,7.335363600079961,16.108267883224926,0.0,1.662549758144646,0.0,0.4536106637820559,21.31223436443474,2.5029100664687878,12156.36354570326,1786.0,0.994063904076923,0.026456147491524334,0.004673791876353963,0.02497302923117321,0.00234237380128247,0.006399702218375684,0.0008140783142193003,0.528507818384252,0.0,0.471492181615748,0.0,0.471492181615748,0.0,0.11416184546375252
230,spinup,11.13143415328492,1.5007756528867136,9.630658500398207,9.297242335879357,0.0002399584866652523,6.151080818831239,1.2902143392273393,3.049783892907838,4.981219118306411,13.745143141566118,0.018749185219818713,4.547030536286598,0.005253900244506146,153.1900359513382,2.732484982852302,3.755130637238909,0.009913561865305232,345.4516956106412,762.4626847378579,274.72212542055286,7.337175279438675,19.557194377348722,0.0,2.1475431106368004,0.0,0.5349306084969148,20.97671327498071,2.4806862077604404,12140.395227078945,1785.0,0.9939276470358129,0.026458772800363694,0.004672838904585208,0.025003633790375502,0.0023411315753282475,0.006401291038309484,0.0008142771500692154,0.4087167749053286,0.0,0.5912832250946715,0.0,0.5912832250946715,0.0,0.15211835303959043
231,spinup,11.144609769390287,1.4834714360968089,9.66113833329348,9.330264717428575,0.00024219429683651483,6.237674015175928,1.3075900482172946,3.1395780307086274,5.007406591699938,13.713379637893816,0.023263034251888786,4.374593627893077,0.006444515587746901,153.24342292294105,2.724903182999307,3.8114435465022716,0.01071252932667692,350.9096887232279,784.9117112215125,274.08716984468435,7.337818754253588,20.063139629193422,0.0,2.118298112014221,0.0,0.5686359364095553,21.547689287554512,2.5301457335972826,12162.787073988891,1785.0,0.9938832209337539,0.026464768445535983,0.0046727659484197825,0.02502383275609108,0.0023389876509942505,0.006403075234671491,0.0008144108118249885,0.40596883834129466,0.0,0.5940311616587054,0.0,0.5940311616587054,0.0,0.15772183566887552
232,spinup,11.115090082527962,1.3468023129109334,9.768287769617025,9.438149194183959,0.00021338654467161364,6.215861129033845,1.30384876845235,3.1163157605769687,5.01077056588737,13.723058893566112,0.017031113266497575,5.15188963798429,0.018590194272101505,153.45872797316702,2.727226769400254,3.835308671630161,0.008045070651150692,339.3161618280341,779.09601622131,274.2806280772738,7.336821865101562,19.194260412855886,0.0,1.9170191543479453,0.0,0.5113438519989317,21.47673979398693,2.5206382020419364,12161.677798108534,1785.0,0.993894264959351,0.02646160467760323,0.004672593679889719,0.025011800150996272,0.0023389309800054096,0.006402407083642555,0.0008143252994769548,0.46758978587482924,0.0,0.5324102141251708,0.0,0.5324102141251708,0.0,0.13443637556227897
233,spinup,11.195214401251627,1.3578109286904199,9.837403472561208,9.36873407804838,0.00020624629164430177,6.24735512041407,1.3100201648782837,3.1000310408826515,5.001536486727242,13.720788748938721,0.02023874581247464,5.094185943920174,0.008898496488791012,153.67792218726746,2.7275102829207194,3.8125278165114964,0.007958926179497047,344.67385156425246,775.0247470644341,274.2352780540407,7.3372212068592155,19.19126436019733,0.0,2.031202501639517,0.0,0.5139813742533121,21.40475691182725,2.517358035094227,12158.263978947121,1785.0,0.9938895831845894,0.026459025132336805,0.004672610574796135,0.025010088293221964,0.0023398978644885307,0.006402357885305099,0.0008143669933931971,0.44525598809391087,0.0,0.554744011906089,1.1102230246251565e-16,0.5547440119060891,0.0,0.1362111170518048
234,spinup,11.230391969331757,1.389223841335711,9.841168127996045,9.368172340859939,0.0002103448800940343,6.260314432831203,1.311914852264715,3.1202323813808133,5.009198944571483,13.708065238027647,0.021416740992568465,5.103714875507671,0.010268442026807217,153.86963338204583,2.7258413584973398,3.8240849154399332,0.008321425557972724,345.47356093497416,780.0751928836778,273.9809415518477,7.337269886188731,19.441323705617435,0.0,2.003004941581649,0.0,0.5388608240741684,21.502121942344836,2.5294849808124438,12166.891593743932,1785.0,0.9938716378626631,0.026458972455940744,0.0046727827990079955,0.02500785134393399,0.00233996272077878,0.006402470307760376,0.0008143874721048602,0.44541124276572486,0.0,0.5545887572342751,0.0,0.5545887572342751,0.0,0.14801747941104168
235,spinup,11.15032264623435,1.4328654308639204,9.71745721537043,9.440827230628367,0.00021384270935307097,6.261211151720975,1.3121591642570412,3.132065290717441,5.017487176134797,13.697621855176905,0.01658220090073885,5.368932374366352,0.010348940994750354,154.02571131980815,2.724730457242517,3.8616737379724575,0.008524533368823053,343.65561475652885,783.0334850571151,273.77217817784435,7.337530723205842,20.787556523005193,0.0,2.072115920203507,0.0,0.5214587709422449,21.538873888518854,2.5294053496761473,12166.796328058354,1785.0,0.9939183790904272,0.026464560750026483,0.004673266890461179,0.02502407767441925,0.002339227767553023,0.006403235622883178,0.0008144540876689214,0.42956854333067657,0.0,0.5704314566693234,0.0,0.5704314566693234,0.0,0.1447850588061006
236,spinup,11.167346780285103,1.2483542476950493,9.918992532590057,9.30839069330364,0.0002040902640698131,6.203532603649665,1.3004157704767487,3.0555396760767892,4.985049996763123,13.719068267509497,0.01910644579342743,6.783323129893367,0.023596250065781126,154.26687111378345,2.7321128294607995,3.758310246475478,0.007819275653498077,336.963304388304,763.9016620693249,274.2009344593762,7.335721996474089,17.07239447136851,0.0,1.7238832330816685,0.0,0.4999879298734308,21.105697682472535,2.4835086516474574,12147.230088898228,1785.0,0.9938400722950274,0.026451906512071237,0.004672112288539651,0.02498795468068623,0.0023404120781710214,0.006401068380599369,0.0008142478409110277,0.5120774140592175,0.0,0.4879225859407826,0.0,0.48792258594078264,0.0,0.12811897112072296
237,spinup,11.278178564443397,1.4772865207783659,9.800892043665034,9.230539412183022,0.00023304190757239958,6.243512959318031,1.3074621454847966,3.1030868509033147,4.984226955744003,13.704964008129213,0.027697907782601987,5.310333857845474,0.007166348287783887,154.54991661231577,2.7279294649600323,3.798313729796434,0.009804568057810955,352.613301019136,775.7887163141315,273.91902299575594,7.338155690109237,19.366734769566424,0.0,2.1634131571529096,0.0,0.535992258960561,21.297765581872284,2.5083904363876774,12168.774646227368,1785.0,0.9937940641873577,0.02645429225350193,0.004671367834916231,0.02500773908133235,0.002339007876724109,0.006402304911461933,0.0008143537375598981,0.4099811924713324,0.0,0.5900188075286675,1.1102230246251565e-16,0.5900188075286675,0.0,0.1561138642399048
238,spinup,11.230440663804995,1.4536362748079152,9.77680438899708,9.332502257138431,0.00022216104124385045,6.271775371918442,1.314090974946335,3.1232590047449458,4.995051141215319,13.688773664593601,0.021573843414847235,5.097051347240815,0.0070486623649517475,154.7826523166314,2.7254619021260784,3.8227738243651883,0.010448561162191578,351.9982451532363,780.8318653093119,273.5953833364183,7.337901118581033,19.041293275056166,0.0,2.0699267792349145,0.0,0.5498219145427455,21.476877571994585,2.5250331626779463,12178.024697563864,1785.0,0.993785457240467,0.02645752782679344,0.004671611068951086,0.025019268563157095,0.0023387584813748647,0.006403202456917227,0.000814458161128624,0.42425955124776205,0.0,0.5757404487522378,1.1102230246251565e-16,0.575740448752238,0.0,0.14655635064472117
239,spinup,11.148422793148756,1.3829839955055183,9.765438797643238,9.38782650386934,0.00022747826915338494,6.269046310178486,1.3133991428547274,3.1543015612377268,5.020346994448682,13.676764662420332,0.02220945636166638,5.068370207287872,0.014267128960342912,154.99261396431854,2.7234056264557056,3.844272419646176,0.011016137326532182,349.7923769976842,788.5926745324349,273.35528006646473,7.337826901551431,18.887185920314227,0.0,1.9993763659292223,0.0,0.5344051321991465,21.654117282275763,2.537001842593752,12191.811342525085,1785.0,0.9938226344227408,0.02646325926915822,0.004672616371516356,0.025026168427272136,0.002337626467961915,0.006403866038746961,0.0008144837743484941,0.4343133372581063,0.0,0.5656866627418936,1.1102230246251565e-16,0.5656866627418936,0.0,0.1547265784136054
240,spinup,10.904585188397169,1.1062920716963842,9.798293116700785,9.599903858080873,0.00016980538670282135,6.2077945459241315,1.3012079741863112,3.0978194911171144,5.0072276554666235,13.698651728845281,0.006404944530515457,5.3794906946172025,0.0265199212922919,155.3900216048905,2.7288472663482213,3.884481434478349,0.009775778161274902,337.63988724377566,774.4718475047036,273.7927912070095,7.33573142838095,16.182822665915403,0.0,1.6606267981054297,0.0,0.45512732164224756,21.332877916586863,2.503353649776534,12184.313560937993,1785.0,0.9940760761420415,0.026458217895332523,0.004673243176082481,0.024989533626315195,0.0023421821361878014,0.006400669924800673,0.0008142706467497418,0.5287624231478993,0.0,0.4712375768521006,5.551115123125783e-17,0.4712375768521006,0.0,0.11345134914423402
241,spinup,11.143805974348563,1.4982923034560287,9.645513670892532,9.299505115880821,0.0002396242264878605,6.166280888135307,1.2932202860972903,3.0448388340328165,4.957838746307263,13.720979497477856,0.018675677573076824,4.92131779110291,0.0052543215197498215,155.80138873654408,2.7323056028984554,3.7535977093914616,0.009913739834795288,345.83582853600194,761.2263929222959,274.2392102899698,7.33759068546066,19.60091506405823,0.0,2.148507685531354,0.0,0.5336029495275123,20.993083265371673,2.480961773459761,12167.586884932414,1785.0,0.9939391890380748,0.026460813148384256,0.004672312254220897,0.02502040196414842,0.002340951611026627,0.006402293999350415,0.0008144745536527105,0.4091109816184911,0.0,0.590889018381509,0.0,0.590889018381509,0.0,0.15119124092030323
242,spinup,11.157349175396469,1.481381067968475,9.675968107427995,9.3326159467121,0.00024181506740534215,6.2527672160211845,1.3105129082607976,3.1345629316610877,4.983861597476035,13.688438655752408,0.02319172514783192,4.737034386477915,0.006436466118402647,155.8521118774655,2.724746349294202,3.8098308689075493,0.010712701699472551,351.3606934165608,783.6579089790304,273.5887178539849,7.338247264769532,20.11723128526524,0.0,2.118237370071648,0.0,0.5687558092836427,21.564215787521036,2.5303759811166007,12189.243735216749,1785.0,0.9938943477268513,0.026466753630908352,0.0046722685430073355,0.025040736757954082,0.0023388181459833134,0.006404096293673723,0.0008146109683303442,0.40624447437378497,0.0,0.5937555256262149,1.1102230246251565e-16,0.593755525626215,0.0,0.15677337963992538
243,spinup,11.126955383439439,1.3443382398138384,9.782617143625602,9.440540738226998,0.00021310996569686954,6.230558606255953,1.3066403621991085,3.111407195321632,4.98707855788149,13.697190504244064,0.016911278735688377,5.5447727279009795,0.018586705649957392,156.06104204535023,2.7270799023167904,3.83348237595182,0.008045258806708614,339.629657880862,777.8688480106384,273.76363962017615,7.337280234619887,19.2710086384526,0.0,1.9167329202526227,0.0,0.5114639557366353,21.49506764116303,2.5208398905553357,12187.418713194427,1785.0,0.9939049150877008,0.026463752126484642,0.00467212767735779,0.025028750498260758,0.002338754707992188,0.0064034642305587615,0.0008145346640247975,0.4678169586939936,0.0,0.5321830413060065,0.0,0.5321830413060064,0.0,0.13357458818604837
244,spinup,11.207784511663933,1.3556943322782586,9.852090179385671,9.370942397486647,0.0002060954650208316,6.262705186411813,1.3130369210228643,3.0948998778707035,4.977637825954601,13.694009214681403,0.02012074586698929,5.485502049182938,0.008895546480546817,156.2757809060471,2.7273811386955007,3.810427945660013,0.007959120444896486,345.0212457718295,773.7419281948692,273.70007834095446,7.337714047089917,19.258377475034845,0.0,2.0305893839793194,0.0,0.5140002818370084,21.42156539589257,2.5174457358964344,12183.246090413717,1785.0,0.9939003929302286,0.02646106428375651,0.004672102423440992,0.025027095660446454,0.00233971937539571,0.0064034361586882815,0.0008145835643257132,0.44578356424443866,0.0,0.5542164357555615,0.0,0.5542164357555615,0.0,0.13457357533397304
245,spinup,11.24351375682791,1.3871839522241505,9.85632980460376,9.370492201973043,0.00020993201495543332,6.275848721620854,1.314980232127052,3.11512046915039,4.985105100874467,13.680416768762273,0.021309342166977302,5.4910386046753406,0.01026479626210267,156.46301340536465,2.7257064359819787,3.8219865488413642,0.008321624097779225,345.83540862862554,778.79718681498,273.428374236764,7.337800498090026,19.513776296843766,0.0,2.0036293402296272,0.0,0.5389665293139836,21.519653473890003,2.52963914201763,12191.167460184355,1785.0,0.9938823583956885,0.026461040424566505,0.004672265893230865,0.02502497634544495,0.0023397895787606853,0.006403566193253633,0.0008146062341585578,0.44534177689210747,0.0,0.5546582231078926,0.0,0.5546582231078926,0.0,0.14655701348417344
246,spinup,11.16405106995629,1.4304078611565099,9.73364320879978,9.443235393770383,0.00021346869766333633,6.276800373027879,1.315219925643616,3.126982461929044,4.993263363990466,13.669151322314622,0.016447580865634123,5.762455872506485,0.010348094559416904,156.6140857329783,2.724590487442078,3.8595450864197494,0.008524726499449898,344.07182904778824,781.7627500082885,273.20317994068273,7.338092121536363,20.860816875501307,0.0,2.0721126710769644,0.0,0.5215639156181977,21.557255188429046,2.529647969919364,12190.40148400054,1785.0,0.9939290277382521,0.026466582486591624,0.0046727336840693265,0.025041350429866924,0.002339066286839215,0.006404340903877797,0.0008146750139238538,0.42969016840306556,0.0,0.5703098315969344,0.0,0.5703098315969344,0.0,0.14333645977886672
247,spinup,11.179868405943882,1.2468868754836313,9.932981530460252,9.31063831543996,0.00020364595474400913,6.218970348369553,1.3034800541833045,3.050622947198445,4.960975717210571,13.689806577457276,0.018988453306957608,7.221379330553495,0.023552812496351706,156.8471722417156,2.7319696416775345,3.7562731712570594,0.007819467445358858,337.29969139420956,762.6724529081683,273.6161222876448,7.336308337763281,17.149081826040504,0.0,1.7242794407354194,0.0,0.5001746693215028,21.12403983324407,2.483826007204442,12170.181463586947,1785.0,0.9938509140790905,0.02645400149866772,0.004671624840836629,0.02500514053812132,0.0023402628518129154,0.006402182438130739,0.0008144683220168146,0.5120315600821521,0.0,0.48796843991784794,0.0,0.48796843991784794,0.0,0.1269134062903652
248,spinup,11.291580637969643,1.4751713812419096,9.816409256727738,9.232754882525738,0.00023254772202863707,6.25867520714137,1.3104959293820677,3.098160107736545,4.9602750970069955,13.675131286549627,0.027536885813101986,5.698468778537081,0.0071583902765256675,157.12966928732482,2.727794941934692,3.796076047028818,0.009804756889581122,353.01281779062344,774.5570035259946,273.32279680073736,7.338744446121336,19.412206793449386,0.0,2.163209497045941,0.0,0.5360644198436361,21.31470987535583,2.5086802443244065,12191.009018373443,1785.0,0.9938045478759829,0.026456395648358996,0.004670885044802734,0.025025168433598963,0.0023388593392492996,0.0064034280473695936,0.000814574965360891,0.41017857888543685,0.0,0.5898214211145631,0.0,0.5898214211145631,0.0,0.15399400179380698
249,spinup,11.243990942571864,1.4517273636687928,9.792263578903071,9.33487822327505,0.00022181730596740042,6.286875155812647,1.3171651763466792,3.118358313801391,4.9711323219678505,13.658284665081819,0.021475552988398292,5.477683792097295,0.007047821726523042,157.35925439291432,2.7253353220974406,3.820715728767078,0.010448742522674404,352.47719948459076,779.6066657197334,272.9860394709963,7.338512974463343,19.093711143217938,0.0,2.0697963491165146,0.0,0.5498737263213946,21.49433651445457,2.5253198757787003,12199.652533722618,1785.0,0.993795660603308,0.02645962056471307,0.004671152815526254,0.02503676742849279,0.002338613517814945,0.006404342092919313,0.0008146820160351831,0.4243180440859975,0.0,0.5756819559140026,0.0,0.5756819559140026,0.0,0.14545440548877706
250,spinup,11.1622520787697,1.3811191619836938,9.781132916786005,9.390117387373044,0.00022712395221363701,6.283772327455338,1.3164116435881754,3.1494507929056965,4.996388008086954,13.645566699375294,0.022089675053636775,5.443747145175789,0.01426064435960828,157.56619239532853,2.7232575526172726,3.8421322677074516,0.01101631323838504,350.221307511037,787.3799558692926,272.73176565947864,7.33845436301841,18.93838176039564,0.0,2.001742763539432,0.0,0.5324500558161831,21.672008717576716,2.537355696366343,12212.813668546662,1785.0,0.9938327002290426,0.026465346288866178,0.004672153211852333,0.025043714615617513,0.0023375028424033797,0.00640501961158031,0.0008147107302928479,0.43428355756654663,0.0,0.5657164424334533,0.0,0.5657164424334533,0.0,0.1538665250846707
251,spinup,10.917369156989496,1.1045953931524017,9.812773763837097,9.602143230871688,0.0001695043699817968,6.222386964428959,1.304204346127897,3.0930627856722728,4.983208173132952,13.666574189967932,0.006291324177624181,5.762266880610823,0.026516768158783625,157.95955724547764,2.728712915880714,3.88229596722877,0.009775948924008657,338.07511524498756,773.2826450787823,273.15169614231877,7.336371622889262,16.251787279906246,0.0,1.659638328258028,0.0,0.45598839712591355,21.35463591613202,2.503740768823633,12204.71570129999,1785.0,0.9940857819299838,0.0264603303603246,0.004672739702934015,0.025007003945054392,0.0023420444097301627,0.006401850277825154,0.0008145019605169655,0.5289113466291808,0.0,0.47108865337081923,0.0,0.47108865337081923,0.0,0.11225298525595513
252,spinup,11.156956415591427,1.4958694515539215,9.661086964037505,9.301421418140382,0.00023928586375488386,6.180887279439114,1.296264583213336,3.0399894222565207,4.933685750253019,13.688168162114394,0.018583977136856965,5.29219053133171,0.00525310970971635,158.3686039452252,2.7322178928109406,3.7513370966716804,0.009913897631599583,346.2363641479954,760.0140134055201,273.58344858201735,7.338248472732046,19.642806592992905,0.0,2.14693956421462,0.0,0.5350155724247501,21.009680478767805,2.4812289385568165,12187.359680506463,1785.0,0.9939488860626082,0.026462978924812818,0.004671832474627015,0.025038135875467396,0.002340823330005822,0.006403483957706556,0.0008147090644191722,0.40913962509469626,0.0,0.5908603749053039,0.0,0.5908603749053037,0.0,0.15038978216927196
253,spinup,11.170795469260003,1.4793217043954594,9.691473764864542,9.334504587793937,0.0002414198212692423,6.267171350623791,1.3134645442713746,3.1296791044164283,4.959589414511787,13.655089138540434,0.023095576547243764,5.095268684948614,0.0064265828900525995,158.4165835641641,2.7246619081828887,3.80747699050553,0.010712858837700658,351.78388242157655,782.4369254065817,272.9221993781431,7.338904405226851,20.174032002069836,0.0,2.1146442100261735,0.0,0.572603794251118,21.581075231641428,2.5306595540067947,12208.394470717676,1785.0,0.9939035526733169,0.026468948369341126,0.004671798430022344,0.025058603278832553,0.002338701522797651,0.006405312870223771,0.0008148505147406852,0.40630963304800355,0.0,0.5936903669519965,0.0,0.5936903669519965,0.0,0.1557821081847363
254,spinup,11.139619937132208,1.3423056177035286,9.797314319428677,9.442618718891518,0.00021280307616935196,6.244904450558551,1.3095683485039733,3.1066462133964143,4.9628051337100825,13.663093879559055,0.016790387225237364,5.9261984622280774,0.018575129927954577,158.61932062130614,2.7269800216707933,3.8310197637518515,0.008045432056345076,339.982512992861,776.6785764411899,273.08218808118187,7.337960521264012,19.34589155957196,0.0,1.9206488013723093,0.0,0.5078066753973132,21.514560022811615,2.5211470869511623,12205.983161121969,1785.0,0.9939139519072147,0.02646597235557789,0.004671665338229438,0.02504660441272618,0.002338638417452612,0.006404700061480113,0.0008147775420629863,0.4678708552259603,0.0,0.5321291447740398,0.0,0.5321291447740397,0.0,0.13260075763523885
255,spinup,11.220252714412224,1.3541454906975,9.866107223714724,9.373005002722257,0.00020583375057191706,6.276852555590212,1.3159817541291616,3.090273319610611,4.953526532679394,13.659408759357213,0.020013621177391663,5.861099616280166,0.008889487319609252,158.82980441133685,2.7272990161509916,3.807840061844923,0.007959298542104826,345.36049990915313,772.5852632782863,273.0085558707744,7.338393349026316,19.32619441393565,0.0,2.0303057204162673,0.0,0.5139693259345013,21.440223704227655,2.5176964882404835,12201.198408398172,1785.0,0.9939091874302629,0.026463255860690614,0.004671646975028057,0.02504491426809018,0.002339586849718973,0.0064046585207328515,0.0008148217723193204,0.4459345150740184,0.0,0.5540654849259816,0.0,0.5540654849259816,0.0,0.13337594529451235
256,spinup,11.256253694071603,1.3856197694332038,9.870633924638401,9.372575466831652,0.0002095818143435984,6.289814781882445,1.3179054488460393,3.110706100215796,4.961150095472006,13.645404217934967,0.021189056823339894,5.863869044917449,0.010258566257585642,159.01267378925874,2.7256354261992883,3.8195031042934846,0.008321802927918776,346.17541905057493,777.6935703924781,272.72861443884597,7.338480550456822,19.582934549994427,0.0,2.003605729190446,0.0,0.539283434230173,21.537148045074726,2.5298977056420915,12208.556359009226,1785.0,0.9938909404211415,0.026463145607445962,0.004671820928002534,0.025042771447821344,0.0023396520037314824,0.00640479477739279,0.0008148411216734909,0.4453949549548269,0.0,0.5546050450451732,0.0,0.5546050450451732,0.0,0.1450470474033317
257,spinup,11.17700239765738,1.4285580187184905,9.74844437893889,9.445334214579137,0.0002131725938295382,6.290741169140226,1.318173481838264,3.1227158170209917,4.969527533601435,13.633791348190424,0.016305488045786767,6.142301730232479,0.010349932877869,159.158640918267,2.7245176856312625,3.8571017259642018,0.008524897062761902,344.45604655070014,780.6960654018872,272.4964753008044,7.338768958074649,20.935428324494072,0.0,2.0718495165638133,0.0,0.5215388339058387,21.574574046508232,2.529898081132364,12207.261025633567,1785.0,0.9939373514783791,0.026468453903259283,0.00467229400915861,0.025059138554464885,0.0023389145550983745,0.0064055465381519325,0.0008149040388518764,0.4298276021513009,0.0,0.5701723978486991,0.0,0.5701723978486992,0.0,0.14136471805244796
258,spinup,11.192764358508974,1.2462578201044316,9.946506538404542,9.312817034162107,0.00020346200860749618,6.233464241018072,1.3065822650746404,3.046654104781114,4.937730923350711,13.654100737559903,0.018865609088672883,7.657205352676711,0.023501092820276164,159.3822491762875,2.7318899288846694,3.75410960497342,0.007819638592823745,337.6554505725738,761.6802205562774,272.90250319336315,7.336973348121789,17.241853749258002,0.0,1.7251038915378913,0.0,0.50038850244557,21.1404518682683,2.4841642450120247,12186.558872710795,1785.0,0.9938597186717394,0.026455837991598917,0.004671210364203509,0.02502274016242627,0.002340133455271823,0.006403393302367524,0.0008146957569063985,0.5118175314223671,0.0,0.4881824685776329,0.0,0.48818246857763276,0.0,0.12574962077216179
259,spinup,11.305091365745461,1.4739182177700438,9.831173147975418,9.235069455820522,0.00023226083872730812,6.272436268389477,1.3135099742974314,3.0943624504875737,4.937596456723586,13.639285700756332,0.02739508952784958,6.088773655777518,0.007148285346692915,159.66350318025272,2.7277158417609955,3.79383649264094,0.009804911549791176,353.41239719179254,773.6075684042145,272.6063829381411,7.339380936899593,19.45597093428405,0.0,2.1634129625024525,0.0,0.5361703604581795,21.331250757427217,2.5090587927651047,12206.834940040222,1785.0,0.9938128855978335,0.026458115790958216,0.004670483883467729,0.025042861964382282,0.00233873049952431,0.00640462415598522,0.0008147981338785808,0.4101990336762524,0.0,0.5898009663237477,0.0,0.5898009663237477,0.0,0.15246618406937512
260,spinup,11.257739129941466,1.4504589368251473,9.807280193116318,9.33754194038491,0.00022163409571817092,6.300647940790101,1.320194640162326,3.1146733211246156,4.948906202870605,13.622209039841524,0.021349655403314065,5.8587002770809,0.007047512962034939,159.8897512518606,2.725259233545358,3.8187056065909846,0.01044888724851023,352.9399419044314,778.6853973583563,272.2650263777708,7.339147216683044,19.148218575997358,0.0,2.069745862914863,0.0,0.5499870837699006,21.512299216167747,2.5257274462283807,12215.0317933863,1785.0,0.9938037620991352,0.02646134357669664,0.00467078518687101,0.025054441583255094,0.002338482301270652,0.006405530455477827,0.0008148961278909165,0.4245217740234561,0.0,0.5754782259765439,0.0,0.5754782259765439,0.0,0.1440192205969945
261,spinup,11.176272605406965,1.3799176325007465,9.796354972906219,9.392653312723372,0.0002268895143873205,6.297062471245238,1.319352039725513,3.1458347171181993,4.974447249996115,13.609258396138214,0.02197898780248937,5.826993091020874,0.0142609002650804,160.0934159483322,2.7231897620766667,3.840191789523032,0.011016453586745774,350.678412886517,786.4759171078699,272.0061010541605,7.3390737501348715,18.991215413407602,0.0,2.0018271260449985,0.0,0.532672833454668,21.689688411828616,2.5377935802102947,12227.742275108578,1785.0,0.9938404191838051,0.026466959256842757,0.0046718122965611055,0.025061355766497224,0.0023373851406464797,0.006406182188225979,0.0008149178848389448,0.4342069189643403,0.0,0.5657930810356596,1.1102230246251565e-16,0.5657930810356596,0.0,0.1526849165628349
262,spinup,10.929355718450187,1.1032450533060458,9.826110665144142,9.604389915077299,0.0001692582064952773,6.234851866594148,1.3070191005652003,3.0895980717826643,4.9615091235798054,13.629847797062538,0.0061750489561604146,6.151851832398622,0.02651781327550671,160.48298856322222,2.7286638549005895,3.8802187966383372,0.009776092381665585,338.4624862905631,772.4164476212305,272.41767416506826,7.336990957651581,16.319746903897826,0.0,1.6585441261626115,0.0,0.45600700942340533,21.37564032542564,2.5041434008435055,12219.1780451156,1785.0,0.9940934231344957,0.026461878764520778,0.004672414921093231,0.02502446723941025,0.002341892702861472,0.006403018384582078,0.0008147155611407775,0.5292983698645396,0.0,0.4707016301354604,0.0,0.4707016301354604,0.0,0.11066568451433947
263,spinup,11.169792728201971,1.4937932761646628,9.675999452037308,9.303291002511013,0.00023892842741447012,6.193924644093195,1.2992139160806417,3.036210788603503,4.912028195884929,13.651095893569147,0.01849301594503766,5.669975309956353,0.005252233924364463,160.88969466166222,2.732199475591119,3.7491256645003452,0.009914022425333681,346.6038653611529,759.0693342869698,272.8425131833742,7.338855410770543,19.68211589210183,0.0,2.1467715891499646,0.0,0.5350300493660973,21.025171262798178,2.4813840071387503,12201.330674065053,1785.0,0.9939564747693197,0.026464569382820692,0.004671530923949933,0.025055870006497463,0.0023406769748147743,0.0064046533397177415,0.0008149189657629806,0.40927030916377727,0.0,0.5907296908362227,0.0,0.5907296908362227,0.0,0.14876312083872154
264,spinup,11.184173086582,1.4775404342902911,9.70663265229171,9.33630975761018,0.00024096448808035755,6.279856952247834,1.3163101956968504,3.1257661632145157,4.937916982725002,13.617829555963255,0.02299584685762563,5.463778533138823,0.006416566622529668,160.93470590916797,2.72464841970165,3.80519375018652,0.010712979111541558,352.19816922080406,781.4586686648602,272.17752001683357,7.339494011859614,20.23198112857447,0.0,2.114792308666261,0.0,0.5727006744057865,21.597014911129108,2.530823221766137,12221.879577050797,1785.0,0.9939108823401959,0.026470605080607543,0.004671511111793981,0.02507647971140027,0.0023385648220186892,0.006406469410977352,0.0008150570043120222,0.4063026598546308,0.0,0.5936973401453692,0.0,0.5936973401453692,0.0,0.1542574820388281
265,spinup,11.15218127564351,1.3405020688885991,9.811679206754912,9.444498754124565,0.0002123840351130443,6.257409320584924,1.3123763243459798,3.102860871831578,4.9410802428590985,13.625356145525979,0.016644612527804525,6.326227550739457,0.018560713238877796,161.13064802833813,2.726961444337359,3.828630403642598,0.008045581594182219,340.3272148319977,775.732220307929,272.32795164741077,7.3385543211241275,19.430896714103632,0.0,1.9209281549212829,0.0,0.5079503077297696,21.532466599662197,2.521416381141083,12219.012807737128,1785.0,0.993921175681765,0.026467667162352264,0.004671357610288751,0.02506446290152599,0.002338510707426755,0.006405855197659679,0.0008149824268732888,0.46790416090813164,0.0,0.5320958390918683,1.1102230246251565e-16,0.5320958390918683,0.0,0.1313380513145363
266,spinup,11.232417694171668,1.3525708122617228,9.879846881909943,9.374789670947576,0.00020539131025428217,6.289494299739215,1.3188338824585861,3.0863729782295284,4.931852126084497,13.621316196697753,0.01987332952555498,6.268189319652804,0.008880076356463895,161.33582874601555,2.727289254913795,3.80524140904554,0.007959449628878618,345.68529573259985,771.6101565608135,272.2472270401259,7.338990759928324,19.397706686832382,0.0,2.029983356925091,0.0,0.5139710755870296,21.456619251811166,2.5179141772101175,12213.735036857217,1785.0,0.9939160141213267,0.02646491781053882,0.004671314595318167,0.02506285413414594,0.002339454198421534,0.006405808161679268,0.0008150234758778118,0.44622276546634454,0.0,0.5537772345336555,0.0,0.5537772345336555,0.0,0.13180957640536756
267,spinup,11.269237077457127,1.3841762264834956,9.885060850973632,9.374501876605384,0.00020917316628443267,6.302917827573046,1.3208905294202,3.106722993653736,4.939489073640563,13.607022392801193,0.02105530065132513,6.273230194438157,0.01024888994537945,161.51364782879642,2.725628110621776,3.8169088257779116,0.008321953157841235,346.5420709019714,776.6977719262434,271.96150383877216,7.339089647177675,19.657873312946503,0.0,2.0038552746848466,0.0,0.5393765948793056,21.553466503672873,2.530114604660599,12220.629282867021,1785.0,0.9938979161876818,0.02646473706593129,0.004671470296399362,0.025060698278086393,0.0023395259246695283,0.006405950630847295,0.0008150419769558671,0.44550548008978175,0.0,0.5544945199102184,0.0,0.5544945199102184,0.0,0.14322189629690807
268,spinup,11.190332895694661,1.4264913245349617,9.763841571159702,9.447431776362043,0.00021273772321948057,6.304119386418541,1.3211999486913966,3.1186993946356023,4.94790933300614,13.595156566922533,0.01617188794014544,6.563158612121119,0.01034809753132995,161.65387260320813,2.724510667620173,3.8544811945596287,0.00852504011645774,344.8657433430731,779.6919377972633,271.7243085361608,7.339397603061169,21.011728945306714,0.0,2.071708842382101,0.0,0.5216671341917373,21.591881076155012,2.5301627802366053,12218.907256890696,1785.0,0.9939441258756568,0.026470043546036777,0.004671933920616257,0.025077253669417633,0.00233880174213266,0.00640669008396456,0.0008151005340913313,0.4298931563109692,0.0,0.5701068436890309,0.0,0.5701068436890309,0.0,0.13953448315925734
269,spinup,11.205743049034101,1.2455573508496403,9.960185698184464,9.315040214396777,0.00020320343395071594,6.247497746875964,1.309784297690065,3.0427337948827473,4.916477850839753,13.615148206742216,0.01873023245191844,8.12672578420182,0.02343377409728906,161.8686508131219,2.7318671360399507,3.7516837649610326,0.007819789517929382,338.05171691479393,760.7001216000644,272.1239843015262,7.337616460912112,17.325081343297242,0.0,1.7261662108751967,0.0,0.5005857650277289,21.160074932002814,2.4845684471944587,12197.809521928526,1785.0,0.9938671832087062,0.026457437672515252,0.004670827187101738,0.025040669675595886,0.0023400539415712996,0.006404536216499505,0.0008148918018881765,0.5116295542008349,0.0,0.4883704457991651,0.0,0.4883704457991651,0.0,0.12476985079579853
270,spinup,11.318795956764804,1.472298929732327,9.846497027032479,9.237299122651013,0.0002318251282739406,6.286124199896463,1.316702398434843,3.090348656569207,4.916650220732072,13.600264343751256,0.02721328122536883,6.511109420055634,0.007137037234321593,162.14913285720127,2.727695730629331,3.791253445100889,0.009805035759128049,353.88205915791457,772.6040979307497,271.8264875196112,7.3400096576573794,19.499908464728975,0.0,2.1634131218459225,0.0,0.5362911911021488,21.34746489498094,2.509470271329598,12217.612104449745,1785.0,0.9938201162422765,0.02645973422082811,0.00467009469288961,0.025061039704578104,0.002338654270482229,0.006405755610935267,0.0008149905382721493,0.4104347531476682,0.0,0.5895652468523318,0.0,0.5895652468523318,0.0,0.15049483705845304
271,spinup,11.27165972151845,1.448951633928512,9.822708087589938,9.339953416112877,0.0002212896340265074,6.314364319820371,1.3233917819805556,3.110635873182244,4.92817993190574,13.58306644701368,0.02125301615354582,6.274220405937477,0.007043361902927361,162.3720400581156,2.7252427908806354,3.8162266374308,0.010449002489112034,353.4312415812018,777.6760132492759,271.48270711474146,7.3397876287245385,19.201082248577947,0.0,2.0699226354298803,0.0,0.5500860881662069,21.529714779623703,2.52614987224373,12225.42480148915,1785.0,0.9938108474878928,0.02646304429149231,0.00467040421698124,0.025072657504081587,0.0023384149942811978,0.006406659171517642,0.0008150818943855422,0.4245858589798982,0.0,0.5754141410201018,0.0,0.5754141410201017,0.0,0.14259757664994013
272,spinup,11.19037715586969,1.3783054873446647,9.812071668525025,9.39494937307282,0.00022641901980979438,6.3104140501227,1.3225019419412147,3.1417143804104235,4.953759021942528,13.569913924049764,0.0218518982108983,6.243633161603221,0.014247994580613944,162.5724523594934,2.7231796363144865,3.8377438758385276,0.011016563147040173,351.2081152560238,785.4458103532439,271.2197465561442,7.3397186658942815,19.04396031986554,0.0,2.001823324910144,0.0,0.5328601981375329,21.707308620799473,2.5382447472450202,12237.745716164163,1785.0,0.9938471602577993,0.02646869305163906,0.004671424921046512,0.025079715387919636,0.0023373360158982313,0.006407300452877809,0.0008151049323450646,0.43418051296049726,0.0,0.5658194870395028,0.0,0.5658194870395028,0.0,0.15106018177491032
273,spinup,10.942620962435884,1.1021616405168615,9.840459321919024,9.606645866414905,0.0001688679246392895,6.248066042106727,1.3101385873248628,3.085501781747947,4.940848038833706,13.590132587486162,0.006066010792849845,6.581417778185276,0.02650978775162149,162.95796125891792,2.7286542175006945,3.8776825229829077,0.009776219319012873,338.98323360344295,771.3923526666345,271.62390935022984,7.337639869982662,16.38690613950789,0.0,1.6586743783775217,0.0,0.4561603804628195,21.39552310779598,2.5046366053792557,12228.80354753828,1785.0,0.9940999595691081,0.02646370383880362,0.004672020719954961,0.025042743157125957,0.0023418471222225092,0.0064041481302977085,0.0008149022152226723,0.5292783135596049,0.0,0.47072168644039514,0.0,0.4707216864403952,0.0,0.10892105863847414
274,spinup,11.183511467124243,1.4918459432164555,9.691665523907789,9.305228691413811,0.00023873153374907806,6.207447096097235,1.302507855134459,3.031946884130074,4.89152947686908,13.611207246425941,0.01838561100687937,6.090418278804304,0.005250556764069481,163.36222892553573,2.7322141179385673,3.746485767408501,0.00991412717449994,347.08503991038395,758.00333480424,272.04528128142186,7.33949656445797,19.725201895395053,0.0,2.1462527079646065,0.0,0.5350696403180004,21.041705064971996,2.4817395134043605,12210.542196946504,1785.0,0.9939633289875951,0.026466253198244218,0.004671128941783592,0.025074310237730456,0.0023406366282267546,0.006405785644202676,0.0008151062791682102,0.4097119926300915,0.0,0.5902880073699085,0.0,0.5902880073699085,0.0,0.14723507323233978
275,spinup,11.198918279280491,1.4754756751028415,9.72344260417765,9.33800527741782,0.00024045591841578322,6.292931328913026,1.3195781677420968,3.1212141735950403,4.917198134046072,13.577772571040915,0.02286970792155939,5.877258292434013,0.006406962334219843,163.40429778384333,2.7246788373748756,3.802457526365846,0.010713075803510061,352.71989701935115,780.3206463170355,271.37692400826575,7.340126134715268,20.285460366563797,0.0,2.1148687065370786,0.0,0.5727769549242769,21.61349756162312,2.53113587703157,12230.67928567305,1785.0,0.9939174904864954,0.026472320387673907,0.004671130503464167,0.025095050589449476,0.0023385415619189306,0.006407579300390603,0.0008152392787688725,0.40635189490482004,0.0,0.59364810509518,0.0,0.59364810509518,0.0,0.1532263680122452
276,spinup,11.165423947687477,1.3386502496037473,9.826773698083732,9.446251209668262,0.00021177955841201223,6.270219467385686,1.315510276231156,3.0984739250501927,4.9202729661137425,13.584875632885417,0.016511252397686728,6.7689427518351,0.01853807084489127,163.59358684875178,2.726987610240739,3.8257408878477723,0.008045723382141117,340.76523082842675,774.6354595739908,271.518890475484,7.339184661488511,19.516730610328235,0.0,1.915101401133225,0.0,0.5145719541076537,21.55002360290232,2.5218474327082916,12227.41847620334,1785.0,0.9939275245407724,0.026469458273119625,0.004670949347493011,0.025083056963022217,0.002338505024549094,0.006406978465333281,0.0008151674141907132,0.4677570158893928,0.0,0.5322429841106073,0.0,0.5322429841106073,0.0,0.13029599768959108
277,spinup,11.245086449860358,1.3512568302626493,9.893829619597712,9.376497966250106,0.0002050394573596198,6.302797151486825,1.3220573500013721,3.0819818595751194,4.9111283401611745,13.580666636124446,0.01973321134716235,6.716609907340916,0.008869936022123878,163.79359227499853,2.727304930131601,3.802205626805169,0.007959587223135615,346.11030382051104,770.5123528357598,271.43478673625094,7.339617711287372,19.46501168312451,0.0,2.0363021267139563,0.0,0.5074238820334303,21.473905278945438,2.518301959930783,12221.725550547611,1785.0,0.9939223250904394,0.026466660981010637,0.0046708858657567255,0.025081385290653402,0.0023394398783124944,0.006406936843847482,0.0008152069563270241,0.4465859834871019,0.0,0.5534140165128981,0.0,0.5534140165128981,0.0,0.13047788600893956
278,spinup,11.28203219551398,1.3827876699624246,9.899244525551552,9.376326711724262,0.00020865037681109795,6.316752617351612,1.3241933882491776,3.1023173669261945,4.918829362815106,13.566285802517198,0.020905102482838413,6.72367614900768,0.010237861948428831,163.96660468545653,2.7256659227469373,3.8139565594124054,0.008322084146834708,347.00705596079325,775.5963411034083,271.1473238233922,7.339727986609545,19.73163571400044,0.0,2.0032620488428114,0.0,0.5403693748200573,21.570328853515086,2.530483853630593,12228.243052344133,1785.0,0.9939043037433444,0.026466472921633177,0.0046710375610516984,0.025079199794567644,0.002339500500874494,0.006407083128340903,0.0008152250133587912,0.44550485354250835,0.0,0.5544951464574916,0.0,0.5544951464574916,0.0,0.14144369534360887
279,spinup,11.203872642826761,1.425019649675622,9.778852993151139,9.449416017509938,0.00021240244001535514,6.318284112701938,1.324578056362366,3.11437496017426,4.927441183209325,13.554435026012959,0.016043171768422116,7.022102877339341,0.010342986323052757,164.10148637414636,2.724547533186381,3.851530433819687,0.008525165353000217,345.3776335815089,778.6108054858771,270.91042880107744,7.340050378932624,21.087013000316354,0.0,2.0724591029080632,0.0,0.521184632158081,21.60896903065544,2.530545740004845,12226.17489034953,1785.0,0.9939506130710063,0.026471685743365555,0.004671501973124595,0.025095740147613534,0.0023387813383489997,0.00640781205382565,0.0008152819721909488,0.430016299252043,0.0,0.5699837007479569,1.1102230246251565e-16,0.5699837007479569,0.0,0.1374263997907588
280,spinup,11.2181581769696,1.244844733625643,9.973313443343958,9.317008097491547,0.00020284453506946845,6.261524656019493,1.313165541426073,3.038845329562426,4.896595493779693,13.574437221501224,0.018583710775604573,8.63735551985206,0.02336932012464286,164.30768228859196,2.7318761240467384,3.749087949455274,0.007819925425387219,338.5120518915422,759.7279839628576,271.3103139483919,7.33827689533537,17.399310079881577,0.0,1.7341480346550349,0.0,0.4932707967237445,21.175881099424092,2.485029520168533,12204.790789828006,1785.0,0.9938740135325057,0.026459021128104093,0.004670428803742984,0.025058932181984565,0.002340038091106322,0.006405656326399207,0.0008150735614784239,0.5115908430270113,0.0,0.4884091569729886,1.1102230246251565e-16,0.4884091569729886,0.0,0.12373230293785589
281,spinup,11.331780190241565,1.471106496417132,9.860673693824435,9.239279870966882,0.00023139749104504942,6.299511686992376,1.3199622015214512,3.086485839224066,4.897119982088222,13.559660665613949,0.027053335274425504,6.973485591918604,0.007126338519362407,164.58734022524465,2.727747874132197,3.7884783636076054,0.009805132261657737,354.3490984509535,771.638372427878,271.0149610403566,7.340659436596166,19.544263056777808,0.0,2.1563273217878662,0.0,0.5435104980772079,21.363157825861744,2.5099030491934666,12224.199961305949,1785.0,0.9938265786628526,0.02646135171111759,0.004669714601370834,0.025079503132512233,0.002338640115214585,0.00640683777175018,0.0008151673888987529,0.4106380448538399,0.0,0.58936195514616,1.1102230246251565e-16,0.5893619551461601,0.0,0.14858399704875308
282,spinup,11.284722550189931,1.4476932441196355,9.837029306070296,9.342205286072192,0.0002210136519182085,6.327879518356954,1.326655358382402,3.106860329243078,4.909060179837485,13.542559189313234,0.021095845010129313,6.7290467335878805,0.007038247701029042,164.8067646949655,2.7252829694340406,3.8136404088497526,0.010449086732204797,353.94431444546603,776.732106576119,270.6731067486526,7.340437412185943,19.25509265435229,0.0,2.0707829158216096,0.0,0.549376847522334,21.546723017030097,2.526561942517369,12231.72102270942,1785.0,0.9938170286340855,0.026464638573389335,0.004670027724978858,0.025091154597029795,0.002338401066396124,0.006407732539636669,0.0008152561674057833,0.42492335984798435,0.0,0.5750766401520155,1.1102230246251565e-16,0.5750766401520155,0.0,0.14118217770619484
283,spinup,11.203942344578914,1.3771577818622036,9.82678456271671,9.39721877395267,0.00022601842053123983,6.323528224433318,1.3257134762830345,3.137874198567816,4.934860262079034,13.529445562351755,0.021733783657103337,6.695796239061782,0.014235145979883108,165.0038764176207,2.723222546774749,3.835204122159128,0.01101663717502088,351.7423354577689,784.4857438500384,270.4109230324564,7.340363424288946,19.09515453056958,0.0,2.0010198443140546,0.0,0.5340324287810345,21.725694842111828,2.5386799745816386,12243.741336756653,1785.0,0.9938530523413418,0.02647039998409101,0.004671070808440026,0.025098235859588546,0.002337340656835213,0.006408365402328772,0.0008152781672377436,0.4342351484772836,0.0,0.5657648515227164,0.0,0.5657648515227164,0.0,0.14976608701520452
284,spinup,10.95485619733503,1.101919677815324,9.852936519519703,9.608959385176373,0.00016878565956300143,6.261243521293961,1.3133623807881063,3.081868168303348,4.922234593480726,13.5495990029413,0.0059667121993242965,7.044106452242929,0.02651262693426988,165.38552993960454,2.72871997981475,3.875192973387449,0.009776323479287662,339.548613484298,770.4839293948377,270.81378138174983,7.3382778676453215,16.45031756676085,0.0,1.6569697843689442,0.0,0.45750285595686285,21.41606582630787,2.5050941234785973,12234.526339542304,1785.0,0.9941059860678376,0.02646529183221578,0.004671677627474618,0.025060784290821116,0.0023418234230342116,0.00640520510482098,0.0008150753193823745,0.5295813288190582,0.0,0.4704186711809417,1.1102230246251565e-16,0.4704186711809417,0.0,0.10674958509576604
285,spinup,11.19606737955892,1.4901842214439875,9.705883158114933,9.307644719836729,0.0002383499270979743,6.222352264630769,1.3060054757030524,3.028234805352162,4.8732348421942895,13.570832317094924,0.018287834027702034,6.534716817164735,0.005248351871994212,165.78787568180914,2.7322777908619154,3.7440694398006698,0.009914215014606088,347.6352189628511,757.0752947691591,271.2383236159141,7.340128034539883,19.76104558609524,0.0,2.142429453282049,0.0,0.5387252372513328,21.058346554186755,2.4819803611662854,12215.9844318502,1785.0,0.9939701525276148,0.026467919346100856,0.004670827123528776,0.02509261956361879,0.002340615783982901,0.006406820380760287,0.0008152767502631318,0.4099782489162092,0.0,0.5900217510837907,1.1102230246251565e-16,0.5900217510837907,0.0,0.14564603263126094
286,spinup,11.21246377962234,1.4738959448545386,9.7385678347678,9.340100851500488,0.00023994577031647587,6.306720175198155,1.3229012410968761,3.1173266017892702,4.89891117435824,13.53751282140431,0.02275501462818902,6.311969233532804,0.006396736600443385,165.82753053644933,2.724767660924847,3.7999683055208937,0.010713161303072687,353.28236261660453,779.348732063363,270.572268515353,7.340759369026113,20.337541460606325,0.0,2.1191101349730683,0.0,0.568785838027879,21.630348122610197,2.5313553049805417,12235.817748952188,1785.0,0.9939238017952459,0.026473991280172707,0.0046708565610811565,0.02511351159585148,0.0023385361185420594,0.006408593435889929,0.0008154083836481368,0.40656064728312513,0.0,0.5934393527168748,1.1102230246251565e-16,0.5934393527168748,0.0,0.15154682058585878
287,spinup,11.177805416028162,1.3378466646501965,9.839958751377965,9.448274786512131,0.000211518569913677,6.282831968542914,1.3186476940681564,3.0949105331698554,4.90218028940588,13.54449666322741,0.016367717547624883,7.233180440976758,0.01852086822847314,166.01067221992903,2.72706927899465,3.8231608715620107,0.0080458484252186,341.2264171673832,773.7445920780435,270.7118514998741,7.33982057774773,19.588828418020825,0.0,1.9162027128771966,0.0,0.5139684308907294,21.56842373989214,2.522187188912194,12232.277149820846,1785.0,0.9939332072225249,0.026471102327733302,0.004670710199961188,0.02510127124145361,0.002338498250311876,0.006407985146069066,0.0008153366241097235,0.4676938300201154,0.0,0.5323061699798847,0.0,0.5323061699798847,0.0,0.12885736548469665
288,spinup,11.256999071357924,1.3505914629227935,9.906407608435131,9.378520241105207,0.00020483173686226613,6.315141237770696,1.3251630028699206,3.078730799283141,4.8935394919511275,13.540487785193918,0.019581291432960224,7.1713987840402735,0.008859516703102612,166.20696097232317,2.727398125087601,3.7995662357615787,0.007959707048997169,346.5017033629365,769.6995699483456,270.6317463234721,7.340238390058729,19.523475173445547,0.0,2.0359943426121814,0.0,0.5075239856552209,21.49176403630376,2.5185873440748,12226.289473235038,1785.0,0.9939276157041563,0.026468218754092464,0.004670654069900514,0.025099408687864602,0.0023394143003136513,0.006407915728454352,0.0008153730261517868,0.4468444663079998,0.0,0.5531555336920003,0.0,0.5531555336920003,0.0,0.12893600787346376
289,spinup,11.2942955642872,1.3823452630728332,9.911950301214366,9.378580685602001,0.00020845530271323555,6.329168749988202,1.3273035106766131,3.0993137663314703,4.901638011132169,13.526334271999943,0.02077281778228947,7.174510346373273,0.01022513453340852,166.3755366477046,2.7257588310469822,3.8115186275295243,0.008322197206997535,347.43302597630515,774.8454244962812,270.34882596744814,7.340346637881803,19.80098762083653,0.0,2.0035905703896124,0.0,0.5404360336439894,21.587930288948524,2.5307751405387378,12232.55860410331,1785.0,0.9939095185227372,0.026467958693148014,0.004670813494613196,0.02509695180485963,0.002339466330894215,0.00640805662004084,0.0008153895990101176,0.4456543797539117,0.0,0.5543456202460882,1.1102230246251565e-16,0.5543456202460882,0.0,0.1395887139868842
290,spinup,11.217102274165343,1.4245425558454305,9.792559718319914,9.45203718386273,0.00021237199539866382,6.33107364363557,1.3277757326840733,3.1116425862570396,4.910730436273282,13.514738505878618,0.01594034013875606,7.471568228773461,0.010327899273755832,166.5058012975722,2.7246314750484237,3.8492456888367537,0.008525273885590087,345.8578935440828,777.927697034332,270.1170267372861,7.340658225224464,21.148767120536036,0.0,2.0729286766194397,0.0,0.5213702231775956,21.62723955859294,2.5309218274816416,12230.28557234208,1785.0,0.9939559419067812,0.02647299873505593,0.004671278357532672,0.025113181601698578,0.002338759045012942,0.006408774079682678,0.000815443598566277,0.42998788345676675,0.0,0.5700121165432331,1.1102230246251565e-16,0.5700121165432331,0.0,0.13545210262563498
291,spinup,11.230328788521803,1.2446908267544137,9.98563796176739,9.319884734645184,0.00020271586329366012,6.274920551777775,1.3164084714706419,3.0364179719969835,4.880502411935298,13.53484141744785,0.018477238448555984,9.113817601302088,0.02330545716325788,166.7051018885649,2.7319424059683475,3.7471647635712255,0.007820041596398954,338.95301437157246,759.1211312706163,270.5189232914553,7.33887815704312,17.471307055283987,0.0,1.7351276209522957,0.0,0.4936423894516653,21.20722904875852,2.485561678924857,12208.748327027628,1785.0,0.9938799731012417,0.02646031435121422,0.004670216094149197,0.025076109913033717,0.002340029808401923,0.006406621509537864,0.0008152361403020961,0.5113572242317191,0.0,0.4886427757682808,5.551115123125783e-17,0.4886427757682809,0.0,0.12277925205622454
292,spinup,11.344278474363096,1.4703682367706155,9.873910237592481,9.242200138903797,0.00023125706228714957,6.312077293450802,1.3230302061738834,3.0841485236957302,4.881515752914099,13.520399141825395,0.026906091879395307,7.395440920507233,0.007113602313866875,166.9847400703268,2.727810424889972,3.786395189129591,0.00980521611486627,354.78190548694516,771.0540307383048,270.23025058692076,7.341239059769091,19.588458339718663,0.0,2.156649011808209,0.0,0.5434825509296876,21.37972264527504,2.5104131603179276,12227.887599498526,1785.0,0.9938323297617468,0.026462614681945676,0.004669526697116644,0.025096681668592878,0.0023386256980497447,0.006407772918627575,0.0008153271679264322,0.4107104384959211,0.0,0.589289561504079,0.0,0.5892895615040789,0.0,0.14690230147868835
293,spinup,11.297080537541708,1.4470680852524815,9.850012452289226,9.34531980154549,0.00022096649023606088,6.340592528940671,1.329733441853646,3.10455495243846,4.893808555082496,13.503595235556382,0.020995886153884577,7.1443815230831245,0.007032329437045992,167.20097776716162,2.7253610254001823,3.8117296495725452,0.010449163419190985,354.40086987111306,776.1557497424863,269.89434311321736,7.341004012784969,19.304921141160957,0.0,2.0705737986705173,0.0,0.5495015253039454,21.563845724851152,2.5269906362403627,12235.233841629646,1785.0,0.9938224881641516,0.02646585804830498,0.004669864089343786,0.025108272208742025,0.002338367955528424,0.006408651446849602,0.0008154127095667972,0.4251991040081044,0.0,0.5748008959918955,0.0,0.5748008959918955,0.0,0.13923028506323024
294,spinup,11.216821486052813,1.3767870610865944,9.840034424966214,9.40031603842604,0.000225946277871082,6.335803900112627,1.3286650363870534,3.135673433815378,4.920050654743083,13.490843178556373,0.021621559967778543,7.106116396281759,0.014221981556062847,167.39483788039755,2.7233022345623255,3.833358513811203,0.011016706497909676,352.2163108582844,783.9355406026793,269.6393851908526,7.340934277679342,19.148837457726408,0.0,2.0015367084340934,0.0,0.534294673888902,21.744345372068207,2.539156984323297,12247.06213249555,1785.0,0.9938582254217169,0.02647165215039996,0.004670939119772671,0.02511528600111516,0.0023373147558613324,0.006409261570157776,0.0008154286290704088,0.43429550515531806,0.0,0.5657044948446819,0.0,0.5657044948446819,0.0,0.14845513888120643
295,spinup,10.966128329297213,1.1017538581126174,9.864374471184595,9.612120466583134,0.0001688101206612992,6.2730427866199525,1.3162340423716419,3.079868858754582,4.907850691089522,13.511181123649424,0.005881771495224304,7.463857400604873,0.026509927680698306,167.77259102700714,2.7287704684191514,3.873428455682777,0.009776410838573462,340.02652485801275,769.9840910522847,270.0459302221213,7.338856250424478,16.516717132699956,0.0,1.6582867508695993,0.0,0.4557550192230745,21.437203331012263,2.505602357389663,12237.689648049542,1785.0,0.9941110937157139,0.02646649907794091,0.004671556944277854,0.025077429864872273,0.002341775506739487,0.0064061005396361045,0.0008152217291928046,0.5299068953872655,0.0,0.4700931046127344,5.551115123125783e-17,0.47009310461273457,0.0,0.1054514739406464
296,spinup,11.207657252926445,1.4891078541248244,9.71854939880162,9.310423194009987,0.0002381979040985922,6.234694587443567,1.3090147519522868,3.025998711955074,4.859085664396052,13.53266581511295,0.01820738312012664,6.946118628103955,0.0052465801671007905,168.17268302956805,2.7323893082812862,3.742228127753014,0.009914284400233208,348.0656135971557,756.5162591670515,270.4754963040277,7.340702219768313,19.798307824514154,0.0,2.1406453481127334,0.0,0.540405506114346,21.07563236221049,2.4822511032937395,12218.953027454483,1785.0,0.9939754494994986,0.02646913461300731,0.004670762466081392,0.025109491468090106,0.0023405692559207766,0.0064076823826843265,0.0008154177324314136,0.4102050214238949,0.0,0.589794978576105,1.1102230246251565e-16,0.5897949785761051,0.0,0.14400420699958608
297,spinup,11.224714107283637,1.4730066908954949,9.751707416388143,9.342789670736984,0.00023968020845966021,6.318140335580726,1.3257253935938562,3.115030083687198,4.884934980642532,13.499772856381178,0.022664865621942726,6.713141491543328,0.00638373775018636,168.209801224269,2.7248830764390983,3.7981062883271877,0.010713235533655174,353.73415281702864,778.7745899539082,269.8179662836556,7.341323850778033,20.388115654120526,0.0,2.119204559358984,0.0,0.5689323627328415,21.646482088569293,2.531617167766519,12238.583704360917,1785.0,0.9939284297111002,0.02647525950239295,0.004670840192180622,0.025130460417715602,0.002338493203018924,0.006409435707574991,0.000815545233102664,0.4066521218541037,0.0,0.5933478781458963,0.0,0.5933478781458962,0.0,0.1500135542280076
298,spinup,11.189511590105898,1.3374905385271143,9.852021051578786,9.451140423742057,0.00021155840792655528,6.294014571728517,1.3214776694303603,3.092815202830492,4.888472939062865,13.50690221833807,0.016253512338993435,7.661108540937067,0.01850401640512924,168.38679176363058,2.7271770549438656,3.821259426835511,0.008045960448761389,341.6186089283857,773.220748011689,269.9604571659783,7.34038945739807,19.66519640683451,0.0,1.9167006214043742,0.0,0.5141210383644611,21.586983433053028,2.5225256930770135,12234.868993289298,1785.0,0.9939376710033225,0.026472393899805696,0.0046707022217242974,0.02511783907021577,0.002338459871952336,0.006408837106472295,0.0008154749352764247,0.4677348340202485,0.0,0.5322651659797515,0.0,0.5322651659797515,0.0,0.12756762648584724
299,spinup,11.26828067178914,1.3501014086271639,9.918179263161976,9.381368922686717,0.0002047761249569109,6.326689769207412,1.3280680297252918,3.076656628479472,4.880206193330002,13.503201661785738,0.019471382779620437,7.593587014200012,0.008851752212098747,168.57897538400263,2.727530350217949,3.7975502299849415,0.00795981595197474,346.8520881060665,769.18101588186,269.886513647163,7.340792032268416,19.583218573211653,0.0,2.028242432802001,0.0,0.515189214422149,21.512590732332477,2.5188728314700652,12228.681261062244,1785.0,0.993932103934854,0.02646944161729791,0.004670644159461092,0.025115838359204574,0.0023393581921851204,0.006408751730758208,0.0008155069343134902,0.44710922650922025,0.0,0.5528907734907796,1.1102230246251565e-16,0.5528907734907798,0.0,0.12746081736815856
300,spinup,11.30578973132702,1.381883767429076,9.923905963897946,9.381515981008045,0.0002083632696411333,6.340805662349379,1.3301854541098674,3.097274749748557,4.888570886709683,13.489396417855104,0.020642721804113532,7.592923059195656,0.010214587701996887,168.74336041247432,2.7258485076101264,3.809595545998428,0.008322301541892034,347.8072013200087,774.3356591776144,269.6105537139265,7.340895356695713,19.869388856370676,0.0,2.011592197988475,0.0,0.5328986182305048,21.60510543180387,2.5310484045110653,12234.776164386762,1785.0,0.9939139936317405,0.02646921735262045,0.004670818258142881,0.025113223740803176,0.0023393987225604146,0.006408895905560666,0.00081552474505755,0.44571860880588315,0.0,0.5542813911941169,0.0,0.5542813911941169,0.0,0.13798167549055623
301,spinup,11.228988717442853,1.423592155050146,9.805396562392707,9.455048802828152,0.0002122736733865937,6.342990859003996,1.3306928586489548,3.1095992921542015,4.8978977021576116,13.478126589720484,0.015815286908536737,7.896929565786171,0.010322383183931636,168.8687067294321,2.724734039855786,3.847338434501011,0.008525377477677279,346.2837312732497,777.4168623122447,269.3852686394908,7.341200998675967,21.216725013085888,0.0,2.072560400308945,0.0,0.5217369777283211,21.64553628053098,2.531190994201408,12232.351396043698,1785.0,0.9939605100359751,0.026474196981094066,0.004671272620232535,0.02512933963772282,0.0023386902970202435,0.0064095954638775324,0.0008155759615174386,0.430207212865015,0.0,0.569792787134985,0.0,0.5697927871349849,0.0,0.13355692624937654
302,spinup,11.241621137297646,1.2442630783009012,9.997358058996744,9.323011397986136,0.00020251776772644962,6.288106671604696,1.319523404306159,3.0342694890582864,4.867805286541947,13.498289228331227,0.01836025400918039,9.580691249849334,0.023234852774894038,169.06031595316907,2.7320429681064184,3.745430870527804,0.007820158546429253,339.37734024084693,758.5839987631746,269.78835863725277,7.339417424224622,17.545176905397824,0.0,1.7364682063670513,0.0,0.4935454532062812,21.225691811887483,2.4858916163285123,12210.694351021073,1785.0,0.9938854076602637,0.026461548124666404,0.004670230172637393,0.0250921535040884,0.002339980857732257,0.006407451489414063,0.0008153709234466822,0.5111019994378072,0.0,0.4888980005621927,1.1102230246251565e-16,0.48889800056219274,0.0,0.12178918234883811
303,spinup,11.356122717739265,1.4694245800783978,9.886698137660868,9.24530275092024,0.00023101857318208121,6.324751222866543,1.3260077212200436,3.0819770233597596,4.868935033593682,13.484128379514512,0.02674271840558413,7.814716049817351,0.007099446019106794,169.33937961905343,2.7279016229837327,3.7844306346804606,0.009805313077900115,355.1852272431182,770.5111437554194,269.5053107288454,7.341756097675177,19.628877891709,0.0,2.156523279604113,0.0,0.5436998908930804,21.395071548508827,2.5107532686921585,12229.603909850519,1785.0,0.9938376227142172,0.026463874551279236,0.004669547824454161,0.025112903615722607,0.002338573953282101,0.006408580167179725,0.0008154588186104869,0.41079820692272223,0.0,0.5892017930772777,0.0,0.5892017930772778,0.0,0.14502015912430496
304,spinup,11.309249730464822,1.4466010996121985,9.862648630852625,9.348591919640409,0.00022099543062757161,6.353608643162156,1.3327992167203853,3.1023236818335747,4.881355012053152,13.46761400699014,0.02089457370493426,7.557584285993862,0.007023297478726184,169.55231825966985,2.7254604779686717,3.80992838182717,0.010449260110429395,354.871561570086,775.5979198648565,269.1751900620134,7.341491765155511,19.354324553723803,0.0,2.069690323555407,0.0,0.5505080891769252,21.58063986956751,2.5272638689410436,12236.818458743379,1785.0,0.9938278327626352,0.026467083136292875,0.0046698974954724115,0.025124328268599692,0.002338304450434636,0.006409438306437669,0.0008155412548163719,0.42539987931984025,0.0,0.5746001206801598,0.0,0.5746001206801598,0.0,0.1376852135568708
305,spinup,11.229415839705826,1.3765027949507096,9.852913044755116,9.403644530796607,0.00022589815751842402,6.348477847523891,1.3316339005664808,3.1336252017554975,4.907807755914889,13.45521761991077,0.021513911231563373,7.508643451976503,0.014201209157322836,169.74316025312788,2.723398110882436,3.831581016091154,0.011016804729896693,352.6670274757056,783.423471364274,268.9273406375737,7.3414328641011375,19.199763891400263,0.0,2.0033448279311923,0.0,0.5334032457679632,21.761699932305685,2.539549638874067,12248.495144031393,1785.0,0.9938634865362378,0.02647282822934209,0.004671002567332683,0.025131259895587954,0.002337251327006083,0.006410040614626446,0.0008155487288126987,0.43421794824296817,0.0,0.5657820517570319,0.0,0.5657820517570319,0.0,0.1470839733361209
306,spinup,10.97715142230723,1.1013886467494727,9.875762775557755,9.615414808139779,0.00016870632817237837,6.285975507774857,1.3192381291566404,3.077953805496296,4.895861220780177,13.47581462390989,0.005779679835795005,7.878069627184494,0.0265097063062829,170.11685114636305,2.728865579489375,3.871831446812654,0.009776513766419468,340.5419173301102,769.505317244041,269.3390630039339,7.339380140530112,16.58480632803215,0.0,1.6577018204055385,0.0,0.4557841695453727,21.45661655368219,2.506013691911022,12239.027132641722,1785.0,0.9941165214056843,0.026467585013394298,0.004671596378020315,0.025093100583611687,0.002341682934628218,0.006406880204555952,0.0008153344522209252,0.5302881603539868,0.0,0.46971183964601315,0.0,0.46971183964601315,0.0,0.10401851203593529
307,spinup,11.21926780610181,1.4881612115325697,9.731106594569239,9.313455800657502,0.00023810433698807955,6.248616311662961,1.3122185004831255,3.0237525372254357,4.847108794987051,13.497560006655924,0.01812524472042264,7.352740048665051,0.005245870288566818,170.5145768636461,2.732509472847682,3.740560600958672,0.009914367840205034,348.5551654678558,755.9547031765654,269.7738397076689,7.341224276479449,19.8335717484115,0.0,2.140601525687496,0.0,0.5404584854311324,21.091868838130942,2.4824554333311144,12220.151876109196,1785.0,0.9939814836433765,0.02647029500232444,0.00467086209574212,0.02512533897683489,0.0023404833986540564,0.006408445622305295,0.0008155258000470767,0.4105042864887205,0.0,0.5894957135112795,0.0,0.5894957135112794,0.0,0.14220546474791215
308,spinup,11.236849139344987,1.4726091728308024,9.764239966514182,9.345870374440768,0.00023962005540811133,6.33126426132884,1.3287734260600108,3.1128789148568825,4.8730572380079655,13.46510440981181,0.022597863292240672,7.108785062732793,0.006373311645887839,170.54905428931346,2.7250025173090435,3.7964855677774896,0.010713322286104464,354.24677921693296,778.2367859588443,269.1250513365783,7.341844306696592,20.439526765110443,0.0,2.1195135230336524,0.0,0.5690321330378084,21.66223171233569,2.5318818030795542,12239.641928339743,1785.0,0.9939342654562628,0.026476520311604863,0.0046709815336521705,0.025146218720155024,0.0023384069283785814,0.006410189818851289,0.0008156505984638622,0.40676777097414196,0.0,0.593232229025858,0.0,0.593232229025858,0.0,0.14872507965133439
309,spinup,11.200900055818924,1.3367302946419177,9.864169761177005,9.454367548191575,0.00021141342439557175,6.306621891825085,1.3244266532399267,3.0908446875815296,4.87681077242607,13.472398691566992,0.016139816591128415,8.085043279810465,0.01849562959799467,170.71984672368748,2.7272922959830463,3.8195997240680977,0.008046076514187967,342.04817099852164,772.7281084018679,269.27083801991495,7.340916013030241,19.741909318929395,0.0,1.9169667101803918,0.0,0.5144904364962732,21.604833739369468,2.5228825651704714,12235.813685482586,1785.0,0.9939431765151192,0.026473675722678225,0.004670842993080259,0.025133477735328924,0.002338382166042166,0.006409598823083196,0.0008155812317919794,0.4677272363916372,0.0,0.5322727636083628,0.0,0.5322727636083628,0.0,0.1264517013790844
310,spinup,11.279137874509496,1.3495579068818342,9.929579967627662,9.384402138647227,0.00020465359797705829,6.339386149575977,1.3310326922411104,3.0745909840046006,4.86862373973054,13.46892395525833,0.019370663030539734,8.021571550349998,0.008846658289638695,170.90737968090403,2.7276466326184976,3.7956739266131296,0.007959927707783226,347.2202912382447,768.664593444294,269.2014079424335,7.341309779490665,19.647656427501424,0.0,2.0283095141680425,0.0,0.5150443671939445,21.528447742593034,2.5191830498904526,12229.461373543225,1785.0,0.9939373691252754,0.026470619505087695,0.004670769390461379,0.025131441405646555,0.002339267745687875,0.006409495039984253,0.0008156103125521445,0.4473126941998924,0.0,0.5526873058001076,0.0,0.5526873058001075,0.0,0.12599186315591335
311,spinup,11.316929106575847,1.3812623564434796,9.935666750132368,9.384548030075347,0.00020819843579088527,6.353802586231893,1.333222278212666,3.095155968672773,4.877023923517421,13.455395575616889,0.020517508831670882,8.025396596942112,0.010207807555279502,171.06687212577586,2.725965893102635,3.807783687788353,0.008322409571000711,348.2295369578425,773.8059522986546,268.93098183189704,7.341413068304166,19.940839688832433,0.0,2.0119243871046213,0.0,0.5329940871827147,21.62145499062448,2.5313379664979125,12235.41857442247,1785.0,0.9939192687254368,0.02647037228739252,0.004670941803114209,0.02512878279633729,0.002339302204636424,0.006409630371902991,0.0008156278166342234,0.4458480461600226,0.0,0.5541519538399775,0.0,0.5541519538399774,0.0,0.13612922321959794
312,spinup,11.240483933185542,1.4222961624197887,9.818187770765753,9.458212016620756,0.00021194082988963483,6.357061208512442,1.3339188284523265,3.1072712087468504,4.886255190722938,13.44436851757251,0.015657585239228687,8.339739254800934,0.010321089072600941,171.18702613213227,2.7248554409932475,3.845532655951681,0.008525482460211732,346.7956376147298,776.8348287035066,268.7105494692837,7.341722662565282,21.285124443400896,0.0,2.072180720674707,0.0,0.5217737234752895,21.66163698860045,2.531420258841271,12232.884208490117,1785.0,0.9939662216091285,0.026475236433599444,0.004671383722602042,0.02514495457320484,0.0023385902967329518,0.006410313162944424,0.0008156779876707638,0.43052849944450083,0.0,0.5694715005554992,0.0,0.5694715005554991,0.0,0.13137103507062867
313,spinup,11.25305341514522,1.2438129378368352,10.009240477308383,9.326250424773574,0.0002022320505199234,6.303217475240724,1.3229279976520172,3.031832999956321,4.856096724547084,13.464521940635857,0.018224816355421003,10.058661799102047,0.023168272039718576,171.37154455861474,2.7321595821520077,3.743765586725121,0.007820273225512354,339.88134018612664,757.9748631367654,269.1134554488905,7.339944649222536,17.60978192534637,0.0,1.7352159957276205,0.0,0.496166514012069,21.251870425583853,2.4861957379166135,12211.143329355975,1785.0,0.9938920915078476,0.026462757379820956,0.0046703520775702905,0.025107688777671666,0.002339912046784855,0.006408170556067754,0.0008154730503800226,0.5108978222049504,0.0,0.4891021777950497,0.0,0.4891021777950496,0.0,0.12059045220270291
314,spinup,11.368096874503765,1.4686063340078113,9.899490540495956,9.24858395523558,0.00023068897528450495,6.3395729135751475,1.329340313101744,3.079563537223417,4.857164869841106,13.450567967553907,0.026570592191886483,8.235106123205824,0.0070870767275131785,171.65076605003463,2.7280104484838392,3.7825504092976807,0.009805415876804497,355.6711960994048,769.9077589964625,268.8345427086806,7.34226663094351,19.66855417515916,0.0,2.1591463484519324,0.0,0.5413509119488691,21.410794686932643,2.511121938801333,12229.86149520401,1785.0,0.9938442233164647,0.02646507236492203,0.004669666419174684,0.02512861931644341,0.00233849826383741,0.0064092812950402095,0.0008155594819978804,0.4109292694327728,0.0,0.5890707305672274,0.0,0.5890707305672273,0.0,0.14263686369899034
315,spinup,11.321065392918566,1.4457965315636463,9.875268861354916,9.351922724382847,0.00022081430157637423,6.3680820136244245,1.3360632635609329,3.099929196632789,4.869581352011359,13.434256446982625,0.020789833484594473,7.973400706514984,0.007015621645340312,171.86036895609115,2.725568358858539,3.8082147605932746,0.01044936024511147,355.40215584117686,774.9992854439056,268.5084766243187,7.341986338944838,19.406562954648386,0.0,2.069644766024191,0.0,0.5506145454447678,21.59807005543166,2.5275994964853323,12236.983756345919,1785.0,0.9938341081922666,0.02646832369118532,0.004670030055334132,0.025139993790203423,0.0023382167658535296,0.006410134312598482,0.00081564128102546,0.42559026562382646,0.0,0.5744097343761736,0.0,0.5744097343761735,0.0,0.13595364773445226
316,spinup,11.241978709840755,1.3760757667246604,9.865902943116094,9.406933170773856,0.00022571785101762023,6.363331516356752,1.3349320028948546,3.1312890286442787,4.89597057385387,13.422087132679003,0.021393215201134543,7.919690647093944,0.01418526653735873,172.04799845700947,2.723498285774021,3.8298843923628194,0.01101691519325535,353.1897033900581,782.8394152852403,268.2651660686069,7.341926509583949,19.249373836751833,0.0,2.0040563229612616,0.0,0.5334874425769623,21.778763337193915,2.539911238198565,12248.548378237183,1785.0,0.9938699869898405,0.02647408047396945,0.0046711243202667,0.025146891842363482,0.002337150193853346,0.006410739410123422,0.0008156475849473326,0.4343509185586285,0.0,0.5656490814413715,0.0,0.5656490814413716,0.0,0.14489945351841935
317,spinup,10.98912227953973,1.1011048142757,9.888017465264033,9.61926626966146,0.0001684337816561127,6.302781040142753,1.322873044903323,3.0756017762762595,4.8840432197362516,13.442818647973823,0.00568870856201254,8.290193299545304,0.026508800435665753,172.41763972682926,2.728963934508878,3.8703318806433162,0.00977662962025703,341.2106865363783,768.917297050918,268.67957697307736,7.339866853830703,16.653675997816762,0.0,1.6576423611535187,0.0,0.45597234043528506,21.4781113416298,2.506440246918922,12239.023353277536,1785.0,0.9941239328247907,0.026468745125943778,0.004671709757479542,0.02510845709408978,0.0023415790635426302,0.006407554883099616,0.0008154291561295708,0.5305031435296411,0.0,0.46949685647035894,0.0,0.46949685647035894,0.0,0.10222928954422766
318,spinup,11.231231707754317,1.4872237022033792,9.744008005550938,9.31678906656257,0.00023790597613883527,6.264707020425496,1.3157756156721343,3.0212547754598984,4.8353798114705056,13.464698158799246,0.01803446821588899,7.758416039904062,0.005245865552359839,172.8130547955427,2.732622225359721,3.7389926121497865,0.00991446913878912,349.13510014141923,755.3302490485154,269.1170343641393,7.34168396280757,19.868743420535285,0.0,2.140710757842975,0.0,0.5403624822721973,21.10903205899914,2.4827859390956686,12220.048674781034,1785.0,0.993989149616987,0.026471544377122173,0.004671011940872466,0.025140883072876194,0.002340385010061485,0.006409113173597568,0.0008156137818961181,0.41080054806902777,0.0,0.5891994519309722,0.0,0.5891994519309722,0.0,0.1399465625370291
319,spinup,11.249494045418185,1.4723343830282967,9.77715966238989,9.349229878004012,0.0002395515394912283,6.346945650896695,1.3322602141956295,3.110430722475465,4.861358842906222,13.43258751860886,0.022514942223491558,7.501902753382279,0.006363745087139211,172.84516745985778,2.7251128352902727,3.794986602757744,0.01071342644943134,354.8773312555366,777.6247244484432,268.47514084862587,7.34233042292856,20.487737390792027,0.0,2.1198492868252377,0.0,0.569306287407428,21.679180188334474,2.5322547096146524,12239.43901992011,1785.0,0.9939416793972461,0.026477888745552597,0.004671178636421127,0.025161729637403783,0.002338306086189443,0.006410874821886146,0.0008157361027902193,0.4068678707692698,0.0,0.5931321292307302,0.0,0.5931321292307302,0.0,0.14665314122810072
320,spinup,11.212339249413503,1.335989851112165,9.876349398301338,9.457819140493248,0.00021120744111383381,6.321164144457142,1.3277028975361447,3.088668030982982,4.8653750695789775,13.440013364274114,0.01601957775310157,8.504586717996887,0.018492406665893333,173.01005399644737,2.7273989242493983,3.818068225489644,0.008046187012982013,342.569573160003,772.1839323250844,268.62355649179494,7.341419601288623,19.81585398482365,0.0,1.9173677705220933,0.0,0.5146782595695796,21.624718439627884,2.5233504065353705,12235.53582880974,1785.0,0.9939498627821293,0.02647504697782621,0.0046710616810360355,0.0251488898278453,0.0023382853261081846,0.0064102898590709745,0.0008156659196048763,0.4677390112668107,0.0,0.5322609887331893,0.0,0.5322609887331893,0.0,0.1247308304941399
321,spinup,11.290056094017066,1.3489463247792504,9.941109769237816,9.387570475735957,0.00020439275548783407,6.353695929723154,1.334281586316096,3.0723159600399947,4.857218932971274,13.43666850013857,0.019269831870931155,8.431062767429532,0.00884274787046219,173.1944306596682,2.7277663995785417,3.7939098013060577,0.00796003385982528,347.6804898597627,768.0958249869846,268.55672219431233,7.341809360096703,19.695548222145543,0.0,2.028012509462733,0.0,0.5151480851284858,21.554034563443494,2.519564882891572,12229.054381487571,1785.0,0.9939436161186181,0.02647196340759751,0.0046709831261768755,0.025146859754226716,0.002339164459209014,0.006410159344810687,0.000815691063664513,0.4474941251277993,0.0,0.5525058748722006,1.1102230246251565e-16,0.5525058748722007,0.0,0.1242002507736612
322,spinup,11.328190698686965,1.3806193507592197,9.947571347927749,9.387689157120297,0.0002078844216024177,6.368108278093375,1.3364648977853228,3.0928481049068166,4.865618942743104,13.423308328345582,0.020397815058662106,8.42601285842527,0.010202056298589396,173.3504900711416,2.726087522429449,3.8060436304025047,0.008322513192056388,348.70679733549684,773.2289737110594,268.289658196245,7.341920805275637,20.005305175749452,0.0,2.012210561956842,0.0,0.5331020555632542,21.6388132878495,2.531691448321549,12234.900690803655,1785.0,0.9939253528013823,0.026471678669587998,0.0046711468496109226,0.025144208757347006,0.0023391956291082226,0.006410289120698217,0.0008157084133951545,0.4459532198562312,0.0,0.5540467801437687,0.0,0.5540467801437688,0.0,0.13357962267033135
323,spinup,11.252311092748952,1.4211355923864648,9.831175500362487,9.46140964980564,0.000211501232786309,6.371962837637656,1.3373008412715606,3.104835187997024,4.874760258608536,13.412422105074283,0.015517966135926216,8.742098003251506,0.010317096326661829,173.46647051875402,2.7249896642405296,3.843795067900468,0.008525581956391042,347.35811873360575,776.2258101676981,268.0720410630661,7.342233849560776,21.345913078165765,0.0,2.0671738427447757,0.0,0.5268288510039923,21.682729817484933,2.531738832803586,12232.286484180551,1785.0,0.9939724291784502,0.02647638696418011,0.004671564249427999,0.02516038738072937,0.002338487166623729,0.006410960091757777,0.000815758060362813,0.4307743959419194,0.0,0.5692256040580805,0.0,0.5692256040580806,0.0,0.12891562117619454
324,spinup,11.263820757453196,1.2431661408786674,10.020654616574527,9.329169725686778,0.00020187477173039828,6.317943828878757,1.3262392147463147,3.029376262212123,4.844610761640153,13.432557619608309,0.01807859898351442,10.489063987944014,0.023110332348129214,173.64493710808756,2.732226551988591,3.7421229672415524,0.007820379043141513,340.36784194706667,757.3606652388444,268.4745890652631,7.340452866586365,17.675049886477947,0.0,1.7437234170112355,0.0,0.4884933499932742,21.284538161294936,2.486552809431153,12210.4830264906,1785.0,0.9938986026850856,0.026464016727994408,0.004670575331836466,0.025123051840404927,0.0023398207474610326,0.006408827753769854,0.0008155552237477043,0.5107934192880778,0.0,0.4892065807119223,0.0,0.48920658071192225,0.0,0.11891512694838041
325,spinup,11.379544202041401,1.4679680899544587,9.911576112086943,9.251505070102892,0.0002303500256160319,6.3541245163752444,1.332656782325552,3.0771031493092442,4.845618403926577,13.418784838623434,0.026418164574930028,8.60814246095991,0.007075797849843933,173.92458578862198,2.72814288317146,3.7806647382867036,0.009805509881171995,356.15616095955426,769.2926485360459,268.199298129737,7.342756631377723,19.706516428502333,0.0,2.1556601528234367,0.0,0.5450447097923262,21.426091454843714,2.5114805541872807,12229.02691838398,1785.0,0.9938504837308806,0.02646626381044286,0.004669888405414201,0.02514408309261719,0.002338396647742492,0.006409928842005805,0.0008156418306192372,0.41109380791752564,0.0,0.5889061920824743,0.0,0.5889061920824744,0.0,0.14046660840274028
326,spinup,11.332359111380418,1.4450388349969054,9.887320276383514,9.354986168081522,0.00022059856644714038,6.382466189140611,1.3393307696246501,3.0975274554309045,4.8580913603070615,13.402637657074976,0.02064620413154869,8.33917040691098,0.0070089887819453165,174.13111163493875,2.725700116423745,3.8065141368282776,0.010449450919962515,355.93599204572064,774.3988369829202,267.87651667334194,7.342465309633252,19.453951707868196,0.0,2.0705805193906968,0.0,0.5499732151645984,21.614659079566728,2.5279493767866836,12236.082607598068,1785.0,0.9938400786240191,0.02646953820849285,0.004670261953912274,0.025155419204609508,0.0023381051184291754,0.006410789986475623,0.0008157236496512179,0.42570156019232425,0.0,0.5742984398076757,1.1102230246251565e-16,0.5742984398076757,0.0,0.13403739015807384
327,spinup,11.253798605656305,1.3756333418481932,9.878165263808112,9.409993745626876,0.00022556784237565982,6.378291501294154,1.3383084617015504,3.1288433305549743,4.884465032019546,13.390673640976145,0.021256738125529286,8.280720158977552,0.014170709392653762,174.31570480442164,2.723622567600565,3.8282664788256686,0.01101701031514237,353.7680427932114,782.227977361535,267.6373096283809,7.342385629814073,19.29856253808296,0.0,2.0042580031604267,0.0,0.5335286653197485,21.795116042607518,2.5402232580507587,12247.569716143593,1785.0,0.9938760826417432,0.026475213703154067,0.004671339960210127,0.025162224127501118,0.002337028633596237,0.006411395324513519,0.0008157279349096471,0.43454971619930305,0.0,0.5654502838006971,0.0,0.565450283800697,0.0,0.14273701918983706
328,spinup,10.999976707486855,1.1004743416274678,9.899502365859387,9.622368724533523,0.00016797452340182323,6.318040674430379,1.3262061643575567,3.073196576924605,4.872568504856004,13.411451798550099,0.005620645234985009,8.660542559110215,0.02649038034524364,174.68128631487625,2.7290933281846725,3.8687213577794455,0.009776739376449841,341.79627635154145,768.3159840335411,268.0526527270217,7.340327917524735,16.722828581696106,0.0,1.657467632062149,0.0,0.4561734503955257,21.498302233347435,2.5067451860407237,12237.985458254667,1785.0,0.9941302034631044,0.026469819737035334,0.004671903353928811,0.025123609678563388,0.0023414474121137905,0.006408197626198819,0.0008155033482133761,0.5306382907973034,0.0,0.4693617092026965,1.1102230246251565e-16,0.4693617092026965,0.0,0.10070106429284566
329,spinup,11.242258429964314,1.4859638534703548,9.75629457649396,9.319376957032299,0.00023762196243595562,6.279919685852298,1.3190740694981393,3.018617428487322,4.823891358692528,13.433414645401394,0.017919605363622023,8.123431275686299,0.005245516236803953,175.07424463842628,2.7327629302890415,3.7372061572511956,0.009914577590810367,349.6315391783908,754.670897853838,268.49177586304415,7.342119464538765,19.902755659888463,0.0,2.1405400953344484,0.0,0.540234867438577,21.124549620092363,2.482908618420921,12218.900354210704,1785.0,0.9939957232276658,0.02647259182627369,0.004671205228709633,0.025156317580675432,0.002340242464036713,0.006409766107797819,0.0008156896020752211,0.41126845453978894,0.0,0.5887315454602112,0.0,0.5887315454602111,0.0,0.13802763011428407
330,spinup,11.261734258019692,1.471978821564929,9.789755436454765,9.35195137513262,0.00023939021635441162,6.363093083581716,1.335807857670439,3.107657908192364,4.849653711043794,13.401553656762937,0.022409733233112385,7.853361679695766,0.006356260562712836,175.10369309285537,2.7252355952135336,3.7932736520132906,0.010713546111453242,355.49637884645017,776.931505683832,267.85487293641506,7.342749473759629,20.53813923908261,0.0,2.1211117168991205,0.0,0.5684253405340605,21.694043264758506,2.5323490829865873,12238.19154391374,1785.0,0.9939486407091105,0.026478950686313167,0.004671368784799342,0.02517714419421885,0.0023381606687083336,0.006411530983851003,0.0008158077195625032,0.4071016497760855,0.0,0.5928983502239146,0.0,0.5928983502239146,0.0,0.1441288745663938
331,spinup,11.223872112612696,1.3353647299010964,9.8885073827116,9.460878877955121,0.00021084751429084554,6.337142082814333,1.3312454952799981,3.086160875324361,4.8537714332017945,13.409027144217815,0.01588125279356276,8.876892296942582,0.01847876525631006,175.26287699725623,2.727524703793438,3.816492334282677,0.008046310467313059,343.17358863405036,771.5571296722886,268.00424055841995,7.3418676798577165,19.88603403516536,0.0,1.917151627740471,0.0,0.5155737085694405,21.643354355729805,2.523620849982787,12234.250297983415,1785.0,0.9939568232919853,0.026476081750356817,0.004671240961111573,0.025164208835013264,0.0023381513583293767,0.006410937992536336,0.000815735892473054,0.4675872507344271,0.0,0.532412749265573,0.0,0.5324127492655729,0.0,0.12273012487664667
332,spinup,11.300895409003605,1.3482682607353325,9.952627148268272,9.390468612989322,0.00020398095257723788,6.369563047568996,1.3377746276083318,3.069770563990789,4.8456391105242185,13.405758606300239,0.01913318123141362,8.803104611396483,0.008837684879095786,175.44326568375718,2.7278973096628385,3.7921430945871464,0.007960157742006662,348.20281701730914,767.459462027002,267.93893179219583,7.342267162451364,19.75574708432135,0.0,2.0279026360373225,0.0,0.5152936721530437,21.570838762706902,2.519839173093354,12227.67369690078,1785.0,0.9939504473717855,0.02647302211512316,0.00467117326256258,0.025162182303909292,0.0023390255403342598,0.0064107894697092655,0.0008157586012577594,0.4476770663135796,0.0,0.5523229336864204,0.0,0.5523229336864204,0.0,0.12225191109360563
333,spinup,11.339302264865557,1.3799996757485617,9.959302589116993,9.390646812623627,0.00020746305370124705,6.384108294939589,1.3399540403056291,3.090291813218154,4.854037939245401,13.392513871188608,0.020274970961323812,8.801570873838454,0.010195817281440136,175.5946396258702,2.726216464785668,3.804333043486454,0.008322638392078393,349.261190983158,772.5898867815091,267.6741751275736,7.342385919931068,20.074449981972904,0.0,2.012499477673412,0.0,0.5331679427548071,21.65545249887775,2.5319743254765994,12233.43611208053,1785.0,0.9939321918017041,0.026472727655096374,0.004671347992107997,0.025159522541957875,0.0023390569599537284,0.006410907330326618,0.000815774419676962,0.4460182143908619,0.0,0.5539817856091381,0.0,0.5539817856091381,0.0,0.13148095591750078
334,spinup,11.263971889997071,1.420019040121631,9.843952849875437,9.464445463188596,0.00021104148007193552,6.3881561230221315,1.3407779398883062,3.10219812272676,4.863182030348109,13.381735863756148,0.01540666464225266,9.127999559909052,0.010313454955065464,175.70558397179047,2.7251183130675325,3.8420256752114743,0.008525705935140328,347.94393056191734,775.5665294001427,267.4587209879496,7.342695821160665,21.41551288280535,0.0,2.0668059552739124,0.0,0.5271937418941766,21.69984420257074,2.532013211090659,12230.757630102842,1785.0,0.9939792226890225,0.02647730077501345,0.0046717550311051,0.025175727897371946,0.0023383508208672916,0.006411553435511887,0.0008158209313443804,0.4309783534565881,0.0,0.5690216465434119,0.0,0.5690216465434119,0.0,0.12682658804576863
335,spinup,11.274689756367232,1.242761675508496,10.031928080858737,9.332093427586853,0.00020152600589940235,6.33328174676812,1.3295271362287755,3.0268317185846647,4.83322672608585,13.401867748208238,0.01793479366634257,10.925236478228419,0.023047438081080885,175.87601691503863,2.7323521977915832,3.7404506986106303,0.007820507627642892,340.8661268333186,756.7245153889692,267.8611959012085,7.340908549239197,17.748583110038275,0.0,1.7402766121908648,0.0,0.4930659583602727,21.306197349123103,2.486931817897691,12208.908758793248,1785.0,0.9939054418664641,0.02646510013885388,0.004670798087172505,0.025138297623035082,0.002339700706370986,0.006409433729099566,0.0008156215346611753,0.5106061221587153,0.0,0.4893938778412847,5.551115123125783e-17,0.4893938778412847,0.0,0.11752263196773914
336,spinup,11.391120375871399,1.4673195041823657,9.92380087168903,9.254506083462735,0.0002299552797374058,6.3691577458358255,1.3359069474777288,3.074547581735902,4.834330884077582,13.388252560801131,0.026248804641013496,8.991002097383483,0.007064099689713887,176.155635080114,2.728254176834939,3.778735094153841,0.009805633883475861,356.63507813549853,768.6537426392937,267.5890546571769,7.343200198279049,19.742899184446635,0.0,2.161499004958838,0.0,0.5394844793765116,21.44117351602975,2.5118601947598207,12227.294933853638,1785.0,0.9938569419958071,0.02646727192408318,0.0046701144945221545,0.025159414133658037,0.0023382736951476,0.006410512437207411,0.0008157042333767253,0.41119819607332747,0.0,0.5888018039266726,0.0,0.5888018039266725,0.0,0.1382748754293997
337,spinup,11.343870814814117,1.4443194191358768,9.899551395678241,9.3582591066731,0.00022030272272168569,6.397586617018146,1.3425867449109854,3.0950109982973903,4.846938862698289,13.372245273358393,0.020495320652214016,8.71170988823855,0.007003831113999943,176.35911115107095,2.7258091490931586,3.8047532206842347,0.0104495679939528,356.4650886563044,773.7697089104331,267.26906901263794,7.342900715085387,19.499809191997493,0.0,2.070884924533358,0.0,0.5499390294466869,21.63121837959349,2.528315959337057,12234.29631482953,1785.0,0.9938463021517369,0.026470511300153807,0.004670492872736661,0.025170730875490807,0.0023379744017162658,0.006411374389360019,0.0008157845362684355,0.4258269796798864,0.0,0.5741730203201136,0.0,0.5741730203201136,0.0,0.13234075245844815
338,spinup,11.265902117701412,1.3751384402621036,9.890763677439308,9.413310573115158,0.00022527151781153067,6.393577393300563,1.3415674526414958,3.126300134630586,4.87331211186068,13.360414224983444,0.021115268303240266,8.648882398869954,0.014156306980719732,176.54070127184215,2.7237379056916353,3.8265839897824825,0.0110171345814457,354.32394676301806,781.5921644448125,267.03251970676433,7.342814482720582,19.348122138541076,0.0,2.003418871544023,0.0,0.5347044842049418,21.81189313885718,2.540583349367734,12245.72260898555,1785.0,0.9938822249061827,0.026476168950275943,0.004671550630552851,0.025177427828902206,0.002336898537221872,0.006411964873580865,0.0008157874254957806,0.43464318104526944,0.0,0.5653568189547304,1.1102230246251565e-16,0.5653568189547306,0.0,0.1410743841452058
339,spinup,11.010842557335108,1.1002131395039194,9.910629417831188,9.62571125206572,0.0001676664966119759,6.333146977413819,1.3293597137956565,3.070837689513959,4.8615349727407144,13.38121600237093,0.005564858203008813,9.039061884815125,0.026465577058617632,176.90216846906458,2.7292153538693826,3.867049852426809,0.0097768638414162,342.3532552389619,767.7262492551856,267.44833458779954,7.340765184508742,16.792337223737782,0.0,1.657524417593165,0.0,0.45635309905395144,21.518053474171683,2.5071422378102834,12236.089067713556,1785.0,0.9941363046418488,0.02647065723602197,0.004672126076264365,0.025138494633748117,0.0023413130566775123,0.006408765554239956,0.0008155641181261314,0.5307460929312233,0.0,0.46925390706877673,0.0,0.46925390706877673,0.0,0.09963400731941673
340,spinup,11.253033860249667,1.4847828452287721,9.768251015020898,9.322193937860865,0.00023727930534686353,6.2940376580047905,1.3220303563933606,3.0162431458162198,4.813024568303685,13.403294432902495,0.01781129188861338,8.497885582740205,0.00524638776416832,177.29275231803354,2.7328997754655138,3.73542825890329,0.009914693968925747,350.0653591459346,754.0773141760094,267.8897675359172,7.342538391857616,19.934746670302808,0.0,2.140161988412257,0.0,0.540215986996862,21.140903490265742,2.4831892606451196,12216.920988538563,1785.0,0.9940015723269541,0.026473283000620133,0.004671417963384284,0.02517146885472875,0.0023400987676920164,0.006410322550696354,0.0008157461103075528,0.41163095229974556,0.0,0.5883690477002546,0.0,0.5883690477002546,0.0,0.13596531533491857
341,spinup,11.273667919649336,1.471171089384514,9.802496830264824,9.354785271140711,0.00023898971155125991,6.3784094413752275,1.3389602863317303,3.1049979168446895,4.838589023773876,13.371663530693183,0.022271727396702825,8.21448429549278,0.00634533045592722,177.3197755348337,2.725381250991215,3.791469406611121,0.010713680682693901,356.0225031999273,776.2664932712993,267.2574640821788,7.343156375862012,20.58791166800892,0.0,2.121409151541827,0.0,0.5685059497127682,21.709113302349323,2.532517615498798,12236.118089888982,1785.0,0.9939546931101119,0.02647975038425572,0.004671553828717415,0.025192387909902813,0.0023380061260560056,0.006412094501165805,0.0008158627515286472,0.4072964816276697,0.0,0.5927035183723303,1.1102230246251565e-16,0.5927035183723303,0.0,0.14246031998477
342,spinup,11.23483997768697,1.3345279594526442,9.900312018234327,9.463838906654622,0.00021040784815255607,6.353173888121275,1.3344423611906298,3.0835476519667453,4.842644639914411,13.379165149840906,0.01574143353640252,9.265902094337296,0.018467421686961822,177.47294945356575,2.727664043499512,3.81472894836246,0.008046450706721912,343.7076012510767,770.9038095135388,267.4073941659919,7.3422866617826985,19.962202190301696,0.0,1.917411448841544,0.0,0.5156511718205625,21.66182126918149,2.5238399911100737,12232.128330017262,1785.0,0.9939633363157625,0.026476918721737824,0.0046714272496409665,0.025179384750927306,0.0023379978223348093,0.0064115027376871365,0.0008157906319478215,0.46770075409838696,0.0,0.5322992459016129,1.1102230246251565e-16,0.5322992459016131,0.0,0.12065644959884615
343,spinup,11.31144104643215,1.347569133961347,9.963871912470802,9.393291293781168,0.0002036072714494957,6.385418541882214,1.3409298974171098,3.067099766270667,4.834564871819783,13.375986484752547,0.018982972967644424,9.19605811074885,0.00883007325131302,177.6490114735355,2.72804433968512,3.7901492630624625,0.007960298950992775,348.64384227623106,766.7917479621426,267.34388161990694,7.3426873128567305,19.812655207232908,0.0,2.027671328262455,0.0,0.5153421871581119,21.589452443996343,2.5200210851760696,12225.450846957829,1785.0,0.9939569414756186,0.02647385081424608,0.00467136548643051,0.025177349605813158,0.002338866994108572,0.006411348503555459,0.0008158129593754113,0.44794817780615137,0.0,0.5520518221938486,0.0,0.5520518221938486,0.0,0.12033820228268315
344,spinup,11.350006188243135,1.3793957282896674,9.970610459953466,9.393703333870903,0.00020704336586853568,6.400363861896565,1.3431845840154073,3.0875808140308125,4.842988430697978,13.362853120593167,0.020132567071888242,9.191691918788429,0.010187439640617277,177.7961359991615,2.7263614263067217,3.8024076829452915,0.008322781223254383,349.75710763220525,771.9121221295579,267.08135095266744,7.342810613071334,20.142282246751265,0.0,2.0127702018519957,0.0,0.5332109180289613,21.672166827609068,2.532155119003763,12231.130499755247,1785.0,0.9939388938774991,0.02647354549905699,0.004671547553939373,0.02517463681915958,0.0023389027408430166,0.0064114670138564235,0.0008158298423898218,0.4461525478329274,0.0,0.5538474521670725,1.1102230246251565e-16,0.5538474521670727,0.0,0.12940314212694967
345,spinup,11.274739283348843,1.4189938489274314,9.855745434421415,9.467624925532599,0.0002107034514780442,6.404413819047337,1.3439848597458317,3.0994484949712886,4.852234687288494,13.352195156670142,0.015294094448294448,9.526241497636656,0.01030978942222695,177.90225925633973,2.7252645689485955,3.8400708335403997,0.008525845318304732,348.4717251233809,774.879107394491,266.86829594422255,7.3431256457302965,21.47964625728186,0.0,2.0665517563811377,0.0,0.5272782656742989,21.7175977244005,2.5322058762138866,12228.392169639925,1785.0,0.9939858274115984,0.026477956106895198,0.004671974106153404,0.02519077429947575,0.0023382066329984616,0.006412088654338894,0.0008158739857956792,0.4311301452351446,0.0,0.5688698547648554,0.0,0.5688698547648554,0.0,0.12519775310356449
346,spinup,11.285072491313352,1.2424235595674868,10.042648931745866,9.334983045335598,0.00020126075053200594,6.3483019343160425,1.3325580329253666,3.024198979427778,4.8225215784936255,13.372320481493075,0.01780933987470331,11.363704028383191,0.022977882466654456,178.06592431334215,2.732492896902382,3.7386096170211505,0.00782063780604045,341.309784846323,756.0663161734635,267.2706390818493,7.341345487856031,17.812638178894122,0.0,1.7411084255909945,0.0,0.4931967489900674,21.332035907709088,2.4872098457444167,12206.505837646871,1785.0,0.9939119031297161,0.026465793986720644,0.004671034890122616,0.025153209947814854,0.0023395792464373953,0.006409977110441984,0.0008156780408524009,0.5106192894087198,0.0,0.48938071059128013,5.551115123125783e-17,0.48938071059128013,0.0,0.11637828538475228
347,spinup,11.402050232321715,1.4666468430568769,9.935403389264838,9.257464670851158,0.0002296272781462715,6.38348607030744,1.3388042891597463,3.0719581206519067,4.823802639777963,13.358861106114968,0.026112491490891992,9.371487007302774,0.007052154835145131,178.34593015442115,2.728387863092923,3.77658906660428,0.00980576067239303,357.02359999383407,768.0063631791556,267.0016117000057,7.343632358368866,19.77868892486519,0.0,2.1617130283181547,0.0,0.539464405835901,21.455890089355698,2.512163309821918,12224.732540106514,1785.0,0.9938628921124801,0.026467846315304105,0.004670346517827117,0.02517441823829444,0.0023381558414539245,0.006411035213732117,0.0008157574072717997,0.411317454084612,0.0,0.5886825459153879,0.0,0.588682545915388,0.0,0.13608819835479083
348,spinup,11.354716373288236,1.4436745031840317,9.911041870104206,9.36155470475646,0.00022010130953071185,6.411772018330367,1.345478034007188,3.0924451663612493,4.836609556114676,13.34301721082729,0.020401347733799417,9.083486443827553,0.006998247354217239,178.54615335438055,2.7259458592663943,3.80279347688914,0.010449682792074484,356.90961045559635,773.1282368667368,266.684891367721,7.343322171813826,19.54807647004253,0.0,2.071036398898431,0.0,0.5500891014549041,21.647280820941777,2.528610472549487,12231.681578218977,1785.0,0.993851862108696,0.026471027310849216,0.004670738522627456,0.025185717756978906,0.002337859941023189,0.00641188767425239,0.0008158346445568162,0.4258910471714077,0.0,0.5741089528285923,0.0,0.5741089528285923,0.0,0.1303089074999579
349,spinup,11.27718661411844,1.3747437653101704,9.90244284880827,9.416960220029441,0.00022501318020405953,6.408781131289066,1.3446246553223307,3.123651612805497,4.863070673645241,13.331361655128957,0.0210049289718745,9.010784146263369,0.014141048668174365,178.7248597638163,2.723876949964831,3.824715990959179,0.011017250508662346,354.8297850532359,780.9300194757737,266.4518495413762,7.343238427647994,19.394871755562207,0.0,2.0035090851661996,0.0,0.5348170623506365,21.828690358188883,2.540876422995203,12243.05133772596,1785.0,0.9938880888107247,0.026476629050393302,0.004671777272093606,0.02519229152542085,0.002336792348391322,0.006412465583531294,0.0008158366422850538,0.43478334752442555,0.0,0.5652166524755745,0.0,0.5652166524755744,0.0,0.13846265857174736
350,spinup,11.020663818133581,1.0996153712837073,9.921048446849873,9.629167656676902,0.00016729881091088355,6.347271760347423,1.3321916308734354,3.06837912499632,4.851449433280803,13.3522285330056,0.005503989054480535,9.4143299806119,0.026436559307472348,179.08232102161793,2.729363104770455,3.865209378951041,0.009776971537911294,342.8395156862911,767.1115946538944,266.86896521410375,7.341184572736581,16.862175484586814,0.0,1.6570785107702615,0.0,0.45636754012529274,21.53816992949543,2.5074437571355466,12233.378440697765,1785.0,0.9941416840180056,0.026471035264830016,0.004672368026968274,0.0251531078734485,0.002341193030946347,0.006409287621057355,0.0008156123282539445,0.5309751024844963,0.0,0.4690248975155037,0.0,0.4690248975155038,0.0,0.09839665723216848
351,spinup,11.263236951492651,1.4838494147809231,9.77938753671173,9.324917733020856,0.00023707473121445266,6.306640687406282,1.3246154423288778,3.0138162830002266,4.803083261363188,13.374453899289875,0.017733885549161957,8.870534851842402,0.005245822013192952,179.47083309263516,2.7330653775935967,3.7334463505282245,0.009914788172995284,350.416702505372,753.4705851738412,267.31333469620375,7.342934538244855,19.95900459651434,0.0,2.1400858666304052,0.0,0.5402509494034957,21.15656697808523,2.4833700786938095,12214.124183592721,1785.0,0.9940063856947514,0.02647343830625526,0.0046716611308605166,0.02518620116622755,0.002339976571511972,0.006410824113346579,0.0008157910556741585,0.41178250041036135,0.0,0.5882174995896386,0.0,0.5882174995896386,0.0,0.13416480178751225
352,spinup,11.284632945390996,1.4704939792242515,9.814138966166745,9.357585290554798,0.00023862629383124845,6.391253505649537,1.3415652656146504,3.102506031223862,4.828629043351315,13.3430863952712,0.02217310018323044,8.570434826323604,0.006330550788240554,179.49581871447648,2.7255681987089684,3.7894912259368856,0.010713784910769464,356.421360124742,775.6435082116251,266.6862960551335,7.343548891473626,20.63506541515925,0.0,2.120653413967881,0.0,0.5694306308290812,21.724576983042446,2.532683334613848,12233.234156992687,1785.0,0.9939592054653634,0.026479817848105356,0.004671776772113268,0.02520709984714973,0.002337878057427435,0.0064125834953669,0.0008159060836011089,0.4074953876387397,0.0,0.5925046123612602,1.1102230246251565e-16,0.5925046123612603,0.0,0.1399017908865992
353,spinup,11.244951407725994,1.3338834749450466,9.911067932780947,9.467066784786695,0.00021010327443228728,6.366713939515717,1.3371450514758125,3.0811080892196894,4.8328475375301645,13.350670929377044,0.01562537116443184,9.643828333580469,0.01844627009109474,179.64313731334053,2.727815698841564,3.8128041974719675,0.008046556910033953,344.12508671936394,770.2939054590148,266.8378829843404,7.342703298197384,20.038806451550847,0.0,1.9190220092107513,0.0,0.5145640864043766,21.680195185008255,2.524076098379606,12229.201151093033,1785.0,0.9939681514180461,0.026477042080265193,0.004671662901458179,0.02519392582376963,0.0023378823240200104,0.00641200606491488,0.0008158361449052449,0.46769617569860383,0.0,0.5323038243013961,1.1102230246251565e-16,0.5323038243013961,0.0,0.11934714663584775
354,spinup,11.321055018766938,1.3469116821415714,9.974143336625367,9.396353555579205,0.00020328114599123652,6.398681121597614,1.3436177769401925,3.064568951459007,4.824914168383266,13.347636465825572,0.018864063527916666,9.5715587795479,0.00881923631601389,179.81553841175136,2.728215506480556,3.7880137811710672,0.007960400391168673,348.97235915395555,766.1590303914452,266.7772523152337,7.343103573062984,19.859963553727155,0.0,2.027012380145485,0.0,0.5156833941804574,21.6109219913985,2.5201934883233403,12222.43159982754,1785.0,0.9939616927439033,0.026473951769198194,0.0046716035708204,0.02519186607553721,0.0023387493228684154,0.006411844908995686,0.0008158569497632756,0.4481880198116728,0.0,0.5518119801883272,0.0,0.5518119801883272,0.0,0.11883843234942243
355,spinup,11.35975166686969,1.3788305651149897,9.980921101754703,9.396818029753707,0.00020669126316177748,6.413407336509217,1.3458394973595866,3.085054249029611,4.8334544634761745,13.33466564246427,0.02000845958089754,9.558795300424151,0.010174860154963937,179.9592840722174,2.72653169909985,3.8003104052360825,0.008322878261583172,350.11724223146535,771.2804670347625,266.5179701684136,7.34323149852678,20.20203302923018,0.0,2.0130168373690083,0.0,0.5332416371376139,21.688626436617717,2.5323224541060805,12228.029926053108,1785.0,0.9939435514397974,0.0264736854252774,0.004671789831937021,0.025189039956521646,0.002338789249654147,0.006411966744323438,0.0008158733110959547,0.4462471102512791,0.0,0.553752889748721,0.0,0.553752889748721,0.0,0.12732572735867143
356,spinup,11.285135778910808,1.4180392389478689,9.867096539962935,9.470767691223607,0.00021037431692232127,6.417545517119998,1.346680204183572,3.096890928636054,4.842772552014082,13.32415210414376,0.015180685002830244,9.897473751931715,0.010299038639248716,180.0612627602577,2.7254344464007767,3.8379777235972234,0.008525934664818388,348.88404849419925,774.239701796313,266.3078017195971,7.343554803539723,21.540839612049865,0.0,2.066410568394636,0.0,0.5273777544788096,21.735587533928197,2.532367291105715,12225.240528958608,1785.0,0.9939904853785576,0.02647797104578293,0.0046722037936331885,0.025205122087356757,0.0023381055262943545,0.006412579994269442,0.000815916092304593,0.43132746647786413,0.0,0.5686725335221359,0.0,0.5686725335221359,0.0,0.12309211451712464
357,spinup,11.294989057780018,1.2420402242506223,10.052948833529397,9.33792451117271,0.00020101768075323428,6.3608869363995275,1.3352042455019781,3.021721053124771,4.813228529221851,13.344311568153,0.017695104557749884,11.76359986857341,0.02290198880063642,180.21893865186874,2.732657857892575,3.736670452057095,0.007820723976904281,341.66729399225795,755.4468210197358,266.7108267631807,7.341772859397555,17.874755343692208,0.0,1.741452026579136,0.0,0.49396700255706427,21.365924124227995,2.4874523422740022,12203.331626021198,1785.0,0.9939166041171945,0.026465798071989358,0.004671257333339798,0.025167446245436872,0.002339500151715478,0.006410463962201115,0.0008157217243506819,0.5104519988935651,0.0,0.48954800110643504,0.0,0.489548001106435,0.0,0.11505305290578922
358,spinup,11.412573251143016,1.46602029177956,9.946552959363457,9.26064553221165,0.00022926676312136351,6.396432210939188,1.3415392026922126,3.069399953435763,4.814563080738397,13.331012459583189,0.02597538372118375,9.710915825481095,0.007037602988859054,180.4996689702671,2.7285416935671294,3.774398307894614,0.009805841406126642,357.37350517722496,767.3668073574581,266.44500262268707,7.3440536911862955,19.809930739548456,0.0,2.1623016541859053,0.0,0.5390377479108904,21.47008735886841,2.51239879034972,12221.42126078346,1785.0,0.9938677625254708,0.026467733656636346,0.004670556407589881,0.025188762816239652,0.002338081639993202,0.006411494905055458,0.000815797628569067,0.4115313820605862,0.0,0.5884686179394137,1.1102230246251565e-16,0.5884686179394137,0.0,0.13369750122337548
359,spinup,11.365312132181426,1.4430666216294805,9.922245510551944,9.364991569004284,0.00021992596756206854,6.424492629128062,1.3482074838763034,3.0899250980389956,4.827505733065308,13.315340072409748,0.020330503828767763,9.415107164842135,0.006992912035733756,180.69674024914644,2.7260974787561207,3.800789291481069,0.010449756947784111,357.30155123484235,772.4982059772774,266.1317099961301,7.34374241564157,19.598216259779942,0.0,2.071445336334883,0.0,0.5499988564513362,21.662900190110562,2.5288515029987857,12228.334915377369,1785.0,0.9938565414842311,0.026470860057304688,0.004670953449293857,0.02519997373529264,0.0023377852564752297,0.006412340416805997,0.0008158722531455816,0.4259913837469072,0.0,0.5740086162530929,0.0,0.5740086162530929,0.0,0.1284025923089331
360,spinup,11.288028038280212,1.3743878833725867,9.913640154907624,9.42049324964827,0.00022477134970248623,6.421341913305746,1.3472949999049693,3.1212354293334985,4.854107269112662,13.303874096567917,0.020912911020406027,9.335653842561449,0.01412484805620842,180.87254618174558,2.7240276832689085,3.8228256041176443,0.011017321429849593,355.2668674916607,780.3259603681224,265.9024570778381,7.343669325339253,19.438824565543115,0.0,2.003446557626371,0.0,0.535229435715803,21.844910110769746,2.5411651404867444,12239.660635051405,1785.0,0.9938926664254936,0.02647635718423337,0.004671983954975997,0.02520642509195815,0.002336725047232525,0.006412922467044339,0.0008158763804152376,0.4348864179276002,0.0,0.5651135820724,0.0,0.5651135820723998,0.0,0.13677213760743956
361,spinup,11.030086909530667,1.0989758260874158,9.931111083443252,9.632488505958936,0.00016697517074896708,6.358793796630492,1.334614850025263,3.066192809883918,4.8426693241013545,13.324840215061764,0.0054256821326305795,9.753884381740425,0.02641735960946916,181.22624315763974,2.729517092840758,3.863375444459981,0.009777040000630047,343.24543423825764,766.5650038957226,266.3215558547883,7.341606769031066,16.929041103440262,0.0,1.656949487038572,0.0,0.45615102440453414,21.559826408299816,2.507766240599275,12229.969495238509,1785.0,0.9941462755855413,0.026470738148261924,0.004672593457914393,0.025166950029596208,0.002341110417869811,0.006409748903384942,0.000815650881845536,0.531150518834728,0.0,0.46884948116527203,0.0,0.46884948116527203,0.0,0.09704199794637595
362,spinup,11.27297599562686,1.4829132665789386,9.79006272904792,9.327505827558891,0.00023686414827241948,6.317329411172007,1.3269059630487292,3.0115083871442936,4.794366266229324,13.347292959092563,0.01765357260730904,9.204493161203995,0.005244387171794228,181.612887436558,2.733244228410947,3.731405911984476,0.009914845500947426,350.6876517411555,752.8935985635762,266.7704699547692,7.343328102855736,19.98571999004848,0.0,2.139986511487657,0.0,0.5402497526677923,21.17098522000307,2.4835052146485794,12210.63581595021,1785.0,0.9940104827402346,0.0264729366951927,0.0046718811234973635,0.02520013526152679,0.002339896250275251,0.006411265499399973,0.0008158249138892956,0.4120012166083062,0.0,0.5879987833916939,0.0,0.5879987833916939,0.0,0.13214778122399773
363,spinup,11.295102136091142,1.4698533995071128,9.82524873658403,9.360422463355334,0.0002382819233797144,6.402643728263579,1.34398330995972,3.1000708139706252,4.819846291938128,13.316183087799237,0.022072788291750196,8.889507785385169,0.006317321768392543,181.63562799080742,2.725745591496783,3.787504581366844,0.010713846375518359,356.7900647590726,775.0346905543673,266.1485810160025,7.343939130499934,20.681753239748886,0.0,2.1206584024623374,0.0,0.5693743242487278,21.738869644033304,2.5328165429904343,12229.676343414028,1785.0,0.9939630352462914,0.026479215412533806,0.004671967758186718,0.02522093391924488,0.0023377970177226887,0.0064130011653153185,0.000815937052283175,0.40769737286992036,0.0,0.5923026271300798,0.0,0.5923026271300798,0.0,0.1383304941788768
364,spinup,11.254612481984493,1.3332308985730934,9.921381583411401,9.470207368081844,0.00020980759926544047,6.37832842435069,1.339574576190949,3.078823691893149,4.824156668159843,13.323848165570512,0.015516283522133559,9.983895087534265,0.018413302184210754,181.7772847825242,2.7279655981076303,3.8108375111724664,0.008046630889512232,344.4638468739211,769.7227936098594,266.30177758786715,7.343111639330111,20.110506361131094,0.0,1.920366373757425,0.0,0.5139524198154258,21.69815371826997,2.524296513965812,12225.607879714813,1785.0,0.9939722475393518,0.026476491738077493,0.004671852626669288,0.0252076158498365,0.0023378043792130205,0.006412443112291735,0.0008158675835252098,0.4677461165656763,0.0,0.5322538834343238,0.0,0.5322538834343238,0.0,0.1180151536480457
365,spinup,11.330392822945642,1.3463480985335556,9.984044724412085,9.399363346961149,0.00020298769815375054,6.410348073271177,1.3460495752086852,3.0622527089032734,4.816294933031024,13.320947261555698,0.018763073291490604,9.911249533379737,0.008805003263507223,181.94586093184668,2.7283876995404777,3.7858888837987337,0.007960470231488803,349.2465324274425,765.5799570604935,266.24381628971685,7.34351549477058,19.911626032310174,0.0,2.0262753432112257,0.0,0.5163429468786879,21.62855559463708,2.5203789933017484,12218.766376885458,1785.0,0.9939657412357011,0.026473329855805094,0.004671779441279396,0.02520554966164662,0.0023386704784185168,0.006412271358308517,0.0008158865745028581,0.44839263171991595,0.0,0.5516073682800839,1.1102230246251565e-16,0.5516073682800839,0.0,0.11733376280864904
366,spinup,11.369313449836515,1.3782174311169806,9.991096018719535,9.399959612478842,0.00020632703154946355,6.425284698206693,1.3483159871272845,3.0827365085805507,4.824886442761637,13.308136033890868,0.01989507609681978,9.894035756684355,0.010159680316757836,182.08574062308804,2.7266871759623785,3.7982588848229497,0.0083229444395052,350.42759294248685,770.7010192222715,265.98772397639664,7.343651281857381,20.264288492481576,0.0,2.013629672654915,0.0,0.5330371149214289,21.70451966284237,2.5325245000639884,12224.30715827457,1785.0,0.9939476620158025,0.026473042378488812,0.004671972209894098,0.02520270002480586,0.0023387121240135336,0.006412395759255644,0.0008159037036986782,0.44643739585231224,0.0,0.5535626041476879,0.0,0.5535626041476879,0.0,0.12547949782925116
367,spinup,11.295331474511915,1.4170885215266988,9.87824295298522,9.473962818460873,0.0002099969339414961,6.4296640212979606,1.3492200197047564,3.094523720053904,4.834202336795978,13.297749661801651,0.015066057166932326,10.241595219236025,0.010288163350713817,182.18312549420497,2.7256004741686537,3.835966480768685,0.008525997135522007,349.2688851857058,773.6478866794855,265.78009731219623,7.343962133317353,21.607398744099882,0.0,2.066119835693904,0.0,0.5277163230274491,21.7525508407154,2.5325660054335937,12221.490807186672,1785.0,0.993994718522179,0.026477258947320913,0.004672370023945477,0.025218687649203514,0.0023380398738573776,0.006413017028232249,0.0008159469540798589,0.4316493345148547,0.0,0.5683506654851452,1.1102230246251565e-16,0.5683506654851452,0.0,0.12113262745179935
368,spinup,11.304592173094397,1.241568132884351,10.063024040210047,9.340890428322696,0.00020071961848564014,6.37279071750413,1.337728872887856,3.019367660234698,4.804759760171021,13.317958413287254,0.01756860038253053,12.159279924316714,0.022829661147880074,182.3332357228515,2.732812359271222,3.7348002754912306,0.007820786808584671,341.996569235278,754.8584599016312,266.18410722847807,7.342173186226804,17.943743022998717,0.0,1.7423591890026973,0.0,0.49410254160528644,21.382308533345565,2.487710851312059,12199.579010066778,1785.0,0.9939209088319939,0.026465134113523962,0.004671423820891531,0.025180849809833462,0.002339451318920098,0.006410908203114836,0.0008157537704233037,0.5103595624546212,0.0,0.4896404375453788,0.0,0.4896404375453788,0.0,0.11366715701299729
369,spinup,11.422621492344792,1.4653413384228284,9.957280153921968,9.263663368689908,0.00022892178834203956,6.408210355079502,1.3440679855589683,3.066989927212067,4.806102640189664,13.304835228574731,0.02585040472793319,10.053638448736193,0.007023575875287949,182.61414299340743,2.728695374084833,3.7722419606382123,0.009805894432241443,357.6769904232998,766.7642875956218,265.92179940355504,7.344449511629661,19.83517528512006,0.0,2.1623625215923834,0.0,0.5391003362170127,21.483368531444803,2.512647179864094,12217.543914073094,1785.0,0.9938719088274826,0.02646707325746151,0.0046707380663676395,0.02520222928231619,0.0023380304982309925,0.00641192690353466,0.0008158278859278062,0.4117050324362678,0.0,0.5882949675637322,0.0,0.5882949675637321,0.0,0.1320821566164253
370,spinup,11.375306065160476,1.4424235681143753,9.932882497046098,9.368182189377027,0.00021974665318882897,6.436102609643726,1.3507314418709941,3.0875353113227004,4.819138393699137,13.289337252044282,0.020228097123332008,9.749821966985213,0.006986960336779937,182.8081912608834,2.72625196592084,3.7988171748322475,0.010449803416029777,357.6611079935715,771.9007462031947,265.61199261468903,7.344128974120831,19.645418064162005,0.0,2.071536294983568,0.0,0.550064677979144,21.677760080741706,2.529074027131716,12224.433765712272,1785.0,0.9938604924911374,0.02647016345528104,0.0046711318190253825,0.025213391950411234,0.002337733298016044,0.0064127725060211275,0.000815902341040967,0.42623405588099017,0.0,0.5737659441190099,0.0,0.5737659441190097,0.0,0.12682838671727428
371,spinup,11.298478709259811,1.374049057843298,9.924429651416512,9.42379647564223,0.00022459913975755115,6.43322746075566,1.3498216196946673,3.1188983063228366,4.845797609667448,13.278032284902514,0.020832988624436083,9.662172880305118,0.01411032586914062,182.98103080195222,2.724178679848896,3.820912024996608,0.011017364684945852,355.6470251099929,779.7416668090228,265.38595775509714,7.344063552887137,19.485647973439935,0.0,2.003453996559635,0.0,0.5356119846323756,21.86003864412709,2.541403160626979,12235.720809632223,1785.0,0.9938965835477045,0.026475530715894053,0.004672145295565219,0.025219784259447493,0.0023366702894494114,0.006413349066274012,0.0008159052872758178,0.43497783773435084,0.0,0.5650221622656493,0.0,0.5650221622656492,0.0,0.13527773831800202
372,spinup,11.03919620545174,1.0985428020471666,9.940653403404573,9.635683947000953,0.00016672415768341118,6.369819126582985,1.3369528904677837,3.0640758676580457,4.834577952981091,13.29911611712327,0.005364277371745509,10.093172665566899,0.02641065105948356,183.33099747838753,2.7296590447847837,3.861564617380837,0.009777081674464148,343.62708639248444,766.0357567393169,265.807408778116,7.342010634305295,16.993292578490504,0.0,1.6574926804031764,0.0,0.45527848191266374,21.580501145268524,2.5080286305303248,12226.027935008879,1785.0,0.9941499317662172,0.026469821257335463,0.0046727566755790095,0.025180009689034038,0.002341044456006751,0.006410181945259789,0.0008156834985488318,0.5313794745021615,0.0,0.4686205254978385,0.0,0.4686205254978385,0.0,0.09589912179468137
373,spinup,11.282231188088074,1.481829390827049,9.800401797261026,9.33016593392617,0.000236583007891312,6.327908090848973,1.32918994646091,3.0092576581932504,4.7862880857208365,13.3217243576149,0.017563886873413842,9.536111991474323,0.0052428377803932225,183.71567830989116,2.7334190862743557,3.729433272013799,0.00991487740027873,350.95914907672204,752.3309039927838,266.25943088077736,7.343708770177987,20.013055524239746,0.0,2.1392499648000967,0.0,0.5408011473578926,21.184596896960834,2.4836055450571513,12206.638045825883,1785.0,0.9940140034539124,0.026471889587034073,0.004672038183893916,0.025213362362690405,0.002339832809005837,0.006411682136964329,0.0008158536271859844,0.41219679713352114,0.0,0.5878032028664788,0.0,0.5878032028664788,0.0,0.1304993075920535
374,spinup,11.305009933231094,1.4691070437732896,9.835902889457806,9.36321388489893,0.00023797044872245316,6.414053111921908,1.3463706384744274,3.097661160985641,4.811583141399852,13.290809258946666,0.021958476383502477,9.20971231871858,0.0063047278752160684,183.73600475698544,2.7259252813290757,3.7855803443825247,0.010713880051827157,357.1603835254966,774.4322641042536,265.6414355327698,7.344314714245265,20.728513334828442,0.0,2.120635635841305,0.0,0.5693936365953385,21.752628759964242,2.5328959189932236,12225.625420032799,1785.0,0.9939667668871577,0.026478136873918395,0.004672101443685343,0.02523410775698112,0.0023377259596581474,0.006413409320861428,0.0008159611518869544,0.407970771890864,0.0,0.592029228109136,0.0,0.592029228109136,0.0,0.13670929837481954
375,spinup,11.26429154583018,1.332589361011526,9.93170218481865,9.473269523467353,0.0002094875199213714,6.389873240957252,1.3419616661309595,3.076573719509178,4.815905731579341,13.298538530776138,0.015397681707067706,10.330639446164124,0.01837671627004585,183.87192036133388,2.7281455565705803,3.8089790831706107,0.008046678172674461,344.8237092238247,769.1602881849809,265.7959151719382,7.343502352072087,20.18398069778093,0.0,1.9205179716711112,0.0,0.5143660283243898,21.714572290264194,2.524480188988422,12221.546550414067,1785.0,0.9939761759887865,0.02647550978694265,0.0046719850547288855,0.025220654604975135,0.00233774458488585,0.006412876387563509,0.0008158932064034816,0.46785346665327093,0.0,0.532146533346729,0.0,0.532146533346729,0.0,0.11664369074134648
376,spinup,11.339527800940836,1.345747880381969,9.993779920558866,9.402163692810216,0.00020270141974695216,6.4216764587457735,1.3483828135962785,3.059971090836709,4.808100708764492,13.295773042457524,0.018642724477882847,10.263592677914097,0.008786099739377754,184.03648598647652,2.72856357755288,3.783802560247981,0.007960514408353707,349.49930621782556,765.0095400415619,265.74066038620407,7.343887900263806,19.960156387654166,0.0,2.0264123716347338,0.0,0.5161215864938902,21.643796862456462,2.5205363264840495,12214.641389138807,1785.0,0.9939694755510129,0.02647229459203041,0.004671908864749273,0.02521852208519397,0.002338604145161653,0.006412699690340979,0.0008159090449595752,0.44856682679718174,0.0,0.5514331732028184,0.0,0.5514331732028184,0.0,0.11597501729494337
377,spinup,11.378605911682001,1.3776928103168826,10.00091310136512,9.40282528661238,0.00020601372689067857,6.436812711960474,1.3506893722978042,3.080438138346259,4.816735965589242,13.283121636630698,0.01978263488833246,10.241116822151508,0.010136937924411397,184.17273872139407,2.726857547843717,3.7962272778213135,0.008322983798218874,350.7223437014136,770.1264140696129,265.4877624469009,7.344015341269251,20.322964468477185,0.0,2.013969557411881,0.0,0.533061833841216,21.719006523662433,2.532688763201497,12220.131430153277,1785.0,0.9939514398117963,0.02647199526908442,0.004672112065418286,0.025215625055124334,0.0023386519702751087,0.006412820385522036,0.0008159243725306452,0.4465637623350005,0.0,0.5534362376649996,0.0,0.5534362376649995,0.0,0.1238722741716917
378,spinup,11.304904772440436,1.4159709967914391,9.888933775648999,9.476845901644877,0.00020962004478801188,6.4412958095075865,1.3516577659684474,3.0921326381026093,4.826101215892645,13.272910928884786,0.01495580862489635,10.597702430292733,0.010271669650448399,184.26570351346848,2.725762942877736,3.8339664833541693,0.008526033629518268,349.6340223633131,773.0501030895557,265.2836467988692,7.344309156167301,21.668883100979002,0.0,2.065603926369111,0.0,0.528021968988619,21.76664830160343,2.5327001540900125,12217.297175917902,1785.0,0.9939984887887987,0.026476140317897877,0.0046724958452976076,0.025231610563607676,0.002337987163882249,0.006413422772916577,0.0008159669256705572,0.4318653854786077,0.0,0.5681346145213922,1.1102230246251565e-16,0.5681346145213921,0.0,0.11935338328623789
379,spinup,11.313993492513626,1.2412724431216442,10.072721049391983,9.343544631429108,0.00020043013074893469,6.3843401542261535,1.3402247451733895,3.0169253171283588,4.796726807442399,13.293154641822284,0.01744217430747356,12.572516986184255,0.02274286536072205,184.40789488370655,2.732973244015683,3.73293470689931,0.007820825783884681,342.33489693085403,754.2478607420513,265.68835533259676,7.342506859867415,18.017604338981016,0.0,1.743671847157856,0.0,0.49389781669781085,21.39452195324245,2.4879009410493693,12195.389170665681,1785.0,0.9939248661940776,0.026463997430831967,0.0046715296643364285,0.02519371588833124,0.002339423127812641,0.006411320440885731,0.000815773524035583,0.5103261855292004,0.0,0.4896738144707996,0.0,0.4896738144707996,0.0,0.11214955016579367
380,spinup,11.432498712073903,1.4645674682607732,9.96793124381313,9.266429754289797,0.00022858247260562652,6.4197017939880885,1.3465824942108966,3.064500768510265,4.798066176279222,13.280138318074053,0.02570757630487241,10.417055195613147,0.007004556631497321,184.6886314575869,2.7288741778345473,3.770076368932211,0.009805919690502062,357.9717189098562,766.1419842806464,265.428183437413,7.3447635359262655,19.86117009683541,0.0,2.157960643996557,0.0,0.5437795880880977,21.495747619954855,2.512860068663122,12213.239360721584,1785.0,0.9938757914797256,0.026465847311638153,0.004670842776112714,0.025215241267247418,0.002338009616775805,0.006412306554867719,0.0008158443844612057,0.41196807186639306,0.0,0.588031928133607,0.0,0.588031928133607,0.0,0.13062054867420728
381,spinup,11.38485129815362,1.4416399218234095,9.943211376330211,9.371126538012014,0.00021951571143326222,6.447410774475606,1.353183370526176,3.085064734220052,4.811188645932634,13.26480797244989,0.02009380650202982,10.105680551009538,0.00697875774009618,184.8796623991768,2.7264321447367648,3.7968402135116635,0.010449823163874033,358.0110705576376,771.283088389827,265.12172699140143,7.344427530820572,19.69011341272838,0.0,2.0694132896238258,0.0,0.5522199865533255,21.691362377130723,2.5292686770070545,12220.114210160664,1785.0,0.9938641438360732,0.026468935604506763,0.004671248309722478,0.025226378599009804,0.002337700237041125,0.006413157177346255,0.0008159192667643758,0.4264989377390122,0.0,0.5735010622609878,0.0,0.5735010622609878,0.0,0.12549652733110075
382,spinup,11.308440857167643,1.3735160899511616,9.934924767216481,9.426681605098059,0.00022441114858589697,6.444321784225225,1.3522125881642724,3.1164200372752706,4.837862156781479,13.253665749602177,0.02072189121170606,10.012799923362884,0.014086706903377096,185.04949784914717,2.7243148440858547,3.8189003526641003,0.01101738078392685,355.9893216065514,779.1220859672773,264.89894500001765,7.34436962913813,19.529981094712838,0.0,2.0101711287846356,0.0,0.5290071528330109,21.873799421504255,2.5415666240728987,12231.354262795585,1785.0,0.9938999962585935,0.02647427129043134,0.004672276690300339,0.02523269912610345,0.002336636778491787,0.006413740207790261,0.0008159217184230786,0.4352157059582195,0.0,0.5647842940417803,1.1102230246251565e-16,0.5647842940417804,0.0,0.1334221969354431
383,spinup,11.048356832132184,1.0984016202188802,9.949955211913302,9.638609550595971,0.00016657870350613214,6.3802352883280875,1.3392282370190165,3.0618269556709503,4.826857994878651,13.274856487468329,0.005302781000573713,10.454477894520801,0.02637924975829575,185.39571820558814,2.729817107873211,3.859687552389244,0.00977709686559982,344.0082684290958,765.4735164194674,265.3225322465182,7.342335968231538,17.056151260768292,0.0,1.6574474965849189,0.0,0.45542974288753046,21.59896391691217,2.5082581545373266,12221.66201945452,1785.0,0.9941530115218464,0.026468538923745892,0.004672880294530716,0.025192462066282978,0.002341006859489795,0.0064105645287739835,0.0008157023385303352,0.5315199777150185,0.0,0.46848002228498153,0.0,0.4684800222849815,0.0,0.09493547830123193
384,spinup,11.291494557718288,1.4809032777964792,9.810591279921807,9.33265522186352,0.00023631329700654117,6.338076354807303,1.3314601823223782,3.006963469463902,4.778719743063933,13.29767783105183,0.017494489197377127,9.888486703614793,0.005240513721553703,185.7786274702333,2.7335808451743464,3.7274747114481546,0.009914884371541513,351.232026086539,751.7573442392738,265.7788134053159,7.344016961339471,20.038672903082727,0.0,2.1392476414930552,0.0,0.5407295472048579,21.197058312650782,2.48373864455772,12202.23710943481,1785.0,0.9940170729044917,0.02647048950610693,0.004672159604264001,0.025225955708360982,0.0023397957794921943,0.006412054505462147,0.0008158717369191483,0.41258815685756756,0.0,0.5874118431424324,0.0,0.5874118431424324,0.0,0.12902349035962157
385,spinup,11.315003419686754,1.4682655908123483,9.846737828874405,9.365747014369042,0.00023759342043545693,6.424916415257885,1.348718592252927,3.095204048193312,4.803829267166746,13.266900747373114,0.02186155479308415,9.551358943115545,0.006288488700038779,185.79666907782746,2.7260951547725556,3.7836736142062066,0.010713885283978371,357.5252492652098,773.8179724422442,265.1635771869196,7.3446069041295,20.77248366092303,0.0,2.1205505359563888,0.0,0.5694306812597627,21.765119976495704,2.5329967319490208,12221.185273738567,1785.0,0.9939698948904993,0.026476673236689927,0.004672208446819362,0.02524674403452995,0.0023376835869101916,0.006413769039672232,0.0008159750313050122,0.40837147279754515,0.0,0.5916285272024547,1.1102230246251565e-16,0.5916285272024547,0.0,0.1342977981665418
386,historico,11.263530931042576,1.3268715205513297,9.936659410491247,9.470552379246064,0.00020806250354777565,6.399026081314696,1.3439996503824805,3.0717487809123174,4.806753147530003,13.275309842753238,0.015136037758700227,10.712816660979879,0.01862591827097855,185.9319844751149,2.7285153289671094,3.8062927492394016,0.00804131065868497,344.93717269596885,767.9540270971664,265.33164885992846,7.343732025066962,20.115038995818235,0.0,1.9114212889371485,0.0,0.5067176855850816,21.657404734281272,2.516468748490268,12216.920160843034,1785.0,0.9939760068023575,0.026473749066644778,0.004672071487457666,0.025231851828561948,0.0023378140582583215,0.006413153865770002,0.0008158993238459617,0.4706214893663726,0.0,0.5293785106336274,0.0,0.5293785106336274,0.0,0.1143061069173309
387,historico,11.356601876012963,1.3470978699254936,10.009504006087468,9.40335275942125,0.00020367203018840786,6.432370530763149,1.3507259299859768,3.057084256457917,4.799036762348722,13.272106548092372,0.018755222647510925,10.627087070200199,0.008518859366893753,186.08950465602916,2.7287588876250677,3.781287262116479,0.007960991694540492,349.9317372478907,764.2878156282463,265.26764302738457,7.344202209768831,20.092535507221132,0.0,2.036840528611095,0.0,0.5162380838798273,21.652618573047953,2.520616318466872,12209.90361341804,1785.0,0.9939672218703636,0.026470472958161625,0.004671909744065951,0.025231706943820417,0.00233852647547973,0.006413041900787806,0.0008159166335432734,0.4471007618390079,0.0,0.5528992381609921,0.0,0.5528992381609921,0.0,0.11447941671295768
388,historico,11.419414667797676,1.3897958865157716,10.029618781281908,9.412289288145322,0.00020797340143714342,6.451568455690329,1.3538092264525858,3.081193806005669,4.810092482373768,13.2585768343345,0.02017712709663768,10.58782799635258,0.009711283967209994,186.21416075147707,2.726726594725269,3.7957975899036347,0.00832885122955483,351.66678073180856,770.3153351252008,264.9971829835423,7.344367067570125,20.4635591018151,0.0,2.0139549410805806,0.0,0.5424837048260981,21.690651240704383,2.5278679156446433,12215.786270540611,1785.0,0.9939475645746212,0.02647003562790048,0.004672151575302328,0.02522972890721973,0.0023384982554292767,0.006413246125201497,0.0008159382380869848,0.44295776280030214,0.0,0.5570422371996978,1.1102230246251565e-16,0.557042237199698,0.0,0.12371481616090013
389,historico,11.359924682741546,1.4318169089984802,9.928107773743067,9.50017010160387,0.00021286120630859345,6.458862088481361,1.3553161782365044,3.0977814095138805,4.824299952456263,13.247551475127679,0.015560977433726338,10.930002148748237,0.009765308729683907,186.29373848325332,2.725149696869937,3.837745987260029,0.008596177312123789,350.7089539387856,774.4623268952241,264.7767709590446,7.344710754362659,21.79588996054217,0.0,2.0950252381052783,0.0,0.516319608567867,21.826971034766125,2.537106674808129,12213.711503053497,1785.0,0.9939937495899849,0.02647433958896964,0.004672547230281495,0.02524576760559749,0.002337588712254203,0.0064139377938918305,0.0008159823405780823,0.42799559734396925,0.0,0.5720044026560306,1.1102230246251565e-16,0.5720044026560307,0.0,0.12016373499585714
390,historico,11.400854570235134,1.2603125358186424,10.140542034416491,9.383655472368215,0.0002007652220869566,6.407927356261843,1.345010276986297,3.0289104095230663,4.801073666521963,13.266688351725488,0.017605995160586328,12.851663912425801,0.021861906144376376,186.4207072272485,2.731797902274706,3.740914027048277,0.007848186251850771,343.7992580645987,757.2441995139067,265.15933939718866,7.342992618696313,18.201205521546115,0.0,1.756894111336173,0.0,0.5026553834517387,21.4950050594657,2.4957141887814225,12192.846845881131,1785.0,0.9939066826165609,0.02646229252486095,0.004671598340571429,0.025208861112582394,0.002338941148932289,0.0064119381085283944,0.0008157942541659488,0.5058382810163777,0.0,0.4941617189836223,0.0,0.4941617189836223,0.0,0.11180883643719504
391,historico,11.514622796363827,1.4738438690211584,10.040778927342668,9.307271092040759,0.00023234369383221768,6.4447955781850155,1.3515593835780286,3.0783825363503134,4.807192091267708,13.254133178204167,0.02619506534267607,10.72777303572983,0.00654146446276565,186.69311175915286,2.7274798359500734,3.7784896492647646,0.009904991032172161,359.5907855865317,769.6125023068071,264.90837182167337,7.34526291787419,20.11590430870954,0.0,2.1775572501128972,0.0,0.5532390730663073,21.66710101897781,2.5283032373384273,12211.835399902928,1785.0,0.9938628537175248,0.026463824951686733,0.004670874513380644,0.025231557745102225,0.0023372666207621615,0.006412975773178271,0.0008158552381915466,0.4062659098460205,0.0,0.5937340901539794,1.1102230246251565e-16,0.5937340901539795,0.0,0.13166978622612088
392,historico,11.499553067530035,1.466690315561176,10.032862751968858,9.432178014284482,0.00022467865685096638,6.47415471379815,1.358344633489542,3.10601750438661,4.829308676742456,13.238748814381623,0.020604889264091788,10.401722536627698,0.00652823481751234,186.8676067605972,2.724467201620953,3.810433612724538,0.010545590441696086,359.8365651691072,776.5213957436827,264.6008110549295,7.345001859805232,19.980656488706323,0.0,2.0901144563484477,0.0,0.5594379176008888,21.843483521216633,2.5405545553955644,12220.272975107711,1785.0,0.9938483652110638,0.026467481160995638,0.0046713627614459186,0.0252442292626225,0.0023366212810324756,0.006413931725381019,0.0008159253127001186,0.41737670420562883,0.0,0.5826232957943713,0.0,0.5826232957943712,0.0,0.12909739995610997
393,historico,11.448615589311974,1.4052568386306903,10.043358750681284,9.49863663712815,0.00023088617953385685,6.471546644758257,1.357285320383319,3.1423744336841795,4.865496103226764,13.228786654902573,0.02168964364875703,10.294378191262588,0.013244255367282805,187.02583217144058,2.7219794284424332,3.835375697204787,0.011156359157812257,358.0306271145158,785.6108272884921,264.4015899483912,7.345004247144878,19.81071579819381,0.0,2.0345535180731544,0.0,0.5339803631856483,22.05134131138623,2.554244799361425,12233.21397428422,1785.0,0.9938777771484901,0.0264724672917664,0.0046722906528096405,0.0252502199761769,0.002335119088823572,0.0064145142536981715,0.0008159105996912918,0.424471482001121,0.0,0.5755285179988789,0.0,0.5755285179988789,0.0,0.13842793674079726
394,historico,11.19605053325304,1.1285214691317966,10.067529064121244,9.73706738783307,0.00017620395363885857,6.4083457685335246,1.3440341079023073,3.098629683359053,4.865771643578796,13.250510022484963,0.006313017153538279,10.670960096163189,0.024392199784109315,187.35246530471335,2.7266275297270828,3.881800162419343,0.009973128787039518,346.02272799837533,774.6744000046951,264.83579244553323,7.343242192468035,17.53375673236024,0.0,1.716195238009827,0.0,0.4630810703933567,21.821350932404926,2.525353427654732,12225.720112628404,1785.0,0.9941076855966734,0.026468842344876772,0.004673224857790889,0.025216853789489745,0.0023388096984696136,0.006411811362793056,0.0008157272511875785,0.5119983124238869,0.0,0.48800168757611306,0.0,0.48800168757611306,0.0,0.10265075566740643
395,historico,11.476101768628341,1.5127487272771751,9.963353041351166,9.44972834626777,0.00023676017865133835,6.371173103134258,1.3370280003289625,3.05336129244785,4.826560055661841,13.27459333819603,0.018555951189919002,10.135131850692218,0.005325001786377642,187.71207714500605,2.7297155225703396,3.755854824560711,0.010118423911310397,353.38803943080904,763.3570542254797,265.3172732756396,7.344770679564549,20.395346543704413,0.0,2.154676967712486,0.0,0.5507684537839243,21.542855034995597,2.5117405044309598,12209.204519616089,1785.0,0.9939755283033163,0.026470011205849877,0.004672293350218269,0.02524685681761602,0.0023373457491349756,0.006413122430270276,0.0008158576146801718,0.40586659070362663,0.0,0.5941334092963734,0.0,0.5941334092963734,0.0,0.1324455119114949
396,historico,11.506118872760702,1.5010169945571032,10.005101878203599,9.484685548836582,0.00024610714515467384,6.453602717310861,1.3531632606793302,3.142308165273347,4.862345081201394,13.24747739883029,0.02269957622763654,9.832704738022294,0.006101525973958625,187.72589916466407,2.722190046839629,3.813627610053936,0.010941463531264352,359.4655555576035,785.5942598226617,264.77518621857155,7.34545842195954,21.09281957429871,0.0,2.1431538824748326,0.0,0.5737540221891659,22.055718373569185,2.552571513959606,12230.721154601819,1785.0,0.993921638452183,0.026475839242497044,0.004672326254883934,0.0252675169243725,0.002334783154426408,0.006414737268929095,0.0008159236221262008,0.39338894111897516,0.0,0.6066110588810248,0.0,0.6066110588810248,0.0,0.1430660927660249
397,historico,11.417486433176597,1.3287162313628975,10.088770201813704,9.676780791784102,0.00020719642872222405,6.424205524816085,1.347597628340895,3.127624105591223,4.879058150379241,13.257931972586317,0.013876542862925315,10.444864643613624,0.01576866692320228,187.90754746816424,2.7239768489798357,3.8661308948410804,0.00877013073754986,347.8503266964421,781.9231644397659,264.9841048555401,7.344516356707451,20.117122242561546,0.0,1.9406793996818363,0.0,0.4936486449760354,21.997878072859624,2.539542990731994,12230.53264242676,1785.0,0.9939928161723406,0.02647622220518649,0.004672972413837734,0.025258395425789962,0.00233541320398925,0.006414205565778952,0.0008158897486204278,0.4550086648003875,0.0,0.5449913351996126,0.0,0.5449913351996125,0.0,0.11923003426754573
398,historico,11.360324442603035,1.2551004334950224,10.105224009108014,9.600250403384177,0.00020467660661360705,6.367299735897338,1.3352038256535201,3.09274058091507,4.865292355436144,13.276989855208704,0.013800627119091368,11.103017073268585,0.030748734833700046,188.11819875614432,2.7276080548816033,3.8329683212218315,0.009306727023986664,343.00218046189843,773.2020921239373,265.3650684847604,7.3433102155748236,19.1900029582629,0.0,1.7989096802364666,0.0,0.5126005256627499,21.76919831214095,2.5158929308436537,12219.735917575763,1785.0,0.994018202938759,0.026470480476808566,0.004672800710688428,0.02523979994437086,0.0023361357397057945,0.006413006732890084,0.0008157909850501242,0.48375414834212,0.0,0.5162458516578801,0.0,0.5162458516578801,0.0,0.11478790541326225
399,historico,11.397236779202121,1.3087936091902985,10.088443170011823,9.46414891157601,0.000212190626501202,6.324280811427565,1.3260590801828593,3.0193034813016304,4.824254375803651,13.30377958786584,0.01731869266638742,12.176859579081473,0.024208230821703723,188.3700060491605,2.7340976772007743,3.750380103040607,0.008400261688997407,339.9230011489571,754.8424148166913,265.9006497488387,7.342083209111294,18.927182644182267,0.0,1.8794562952989864,0.0,0.4895040050245796,21.408886979302373,2.4846300237786805,12194.574573626513,1785.0,0.9939774307270248,0.02646245053723042,0.004671956653640688,0.025222657578714093,0.002337061347030065,0.006411802866565305,0.0008157402591652239,0.4776338286060873,0.0,0.522366171393913,0.0,0.5223661713939128,0.0,0.12592348461841377
400,historico,11.507812258599749,1.425307520165324,10.082504738434425,9.394135178979575,0.00023875575910945693,6.338211085105406,1.3282673191745735,3.0656579246797464,4.819805375221785,13.298017160692735,0.025537679334455134,11.215366118039977,0.016218253550062046,188.5266148831547,2.7311084851373866,3.7681843813218077,0.009345669698216994,348.0414521583249,766.4312796637377,265.7854834369465,7.344979866751034,20.84400030084071,0.0,2.1234208519902253,0.0,0.5206691875384306,21.522283574334075,2.496649707227881,12196.554011764976,1784.0,0.993860692299156,0.026457245883730142,0.0046695148386670556,0.02523803424894394,0.002333922616026227,0.006412537751044677,0.0008160594565924695,0.41782583241381716,0.0,0.5821741675861829,0.0,0.582174167586183,0.0,0.1352806542748907
401,historico,11.538711434100026,1.4841211649849293,10.054590269115096,9.531587469090917,0.00024177958568142425,6.393533765271031,1.34046023247073,3.118405181606455,4.845642412473184,13.281738524364716,0.019902190944463462,10.506812804250838,0.006893307518916279,188.63463006030352,2.726415380145073,3.8112947446593615,0.010819816655480428,354.0974887305599,779.6183829278149,265.4600379106871,7.347359471649623,21.098504740728004,0.0,2.1481700511810526,0.0,0.5559829191223615,21.855912165707814,2.5259073899663775,12205.2326330953,1784.0,0.9938725788032198,0.026465986363090624,0.004670184604014471,0.025270418046539733,0.002332132405502333,0.006414393108574701,0.0008161988156595595,0.4002591249853858,0.0,0.5997408750146143,0.0,0.5997408750146143,0.0,0.12622508878913974
402,historico,11.517733990476657,1.343077873956062,10.174656116520593,9.713192038938853,0.00019355213234425496,6.431243090068724,1.3496823074185125,3.0880932458061063,4.849348928691569,13.285199830778154,0.012833620784578526,10.857135684745177,0.008294124579058497,188.8133375840341,2.727126487272377,3.822790884623671,0.009297495585850399,349.0348648258147,772.0402328812884,265.52921181501335,7.346189597529973,19.323225111932146,0.0,1.953218435210915,0.0,0.5168761044401783,21.77589412530965,2.5196722423235887,12196.569287578834,1784.0,0.9939867585348947,0.026463489745552404,0.004669977644957369,0.02525702813249004,0.0023343584195367846,0.00641362170916422,0.0008161981052506747,0.4593500759229084,0.0,0.5406499240770916,1.1102230246251565e-16,0.5406499240770916,0.0,0.1008941411231122
403,historico,11.609429642559462,1.4595573568757587,10.149872285683703,9.624763556881344,0.0002335469509349567,6.454447396442176,1.353735414483912,3.119890658057957,4.859845599757836,13.275967268524534,0.021364098807329677,10.469924625179972,0.007771049892081178,188.96160281004978,2.7233514585977385,3.8096783389160818,0.010554578823846823,359.7331662970655,779.9897601804657,265.344644088816,7.347146861681298,20.43186220757524,0.0,2.149687414862192,0.0,0.5418650033333111,22.003979791756894,2.547728325107444,12205.11546898193,1784.0,0.9939551941285393,0.02646792724813865,0.004670435609731556,0.0252759501108367,0.002333100916898422,0.006414848147085197,0.0008162838168309621,0.4036096740985701,0.0,0.5963903259014298,0.0,0.5963903259014298,0.0,0.13776740947185684
404,historico,11.481530821497133,1.1997411257083952,10.281789695788735,9.738072891517863,0.0002046227239159678,6.367759916489304,1.3343025527477475,3.1025374212816543,4.872894960405417,13.291858953346857,0.011790818291986855,12.792959237350173,0.05379020070690339,189.0777338737334,2.7268372670989347,3.882468471777209,0.009415632532418615,342.7545489586868,775.6513558980771,265.66224887196154,7.3430436114143784,19.933072831737256,0.0,1.6923428150960742,0.0,0.4773665533590322,21.80117465068499,2.517196766855275,12200.363897986623,1784.0,0.9939974683846572,0.026460892339744503,0.004670764636888527,0.025245591975549465,0.0023338339959697663,0.006412703513239749,0.0008160186401191287,0.5093823599594172,0.0,0.49061764004058284,0.0,0.49061764004058284,0.0,0.11516115977688957
405,historico,11.634753405821387,1.437963926354277,10.196789479467109,9.575146221737302,0.0002122874502058533,6.41292852924334,1.3446950920124388,3.0526715292820397,4.844154336416574,13.303501702898101,0.017966162365841223,11.213140698613559,0.008122198113065075,189.4854939880848,2.729348529669515,3.7690986026313276,0.010169644256424599,354.1425478651067,763.18460965442,265.8950409692,7.33083011011443,18.262681535017997,0.0,2.155321919552165,0.0,0.534077228949201,21.610072305797,2.5125951796013988,12179.854277349095,1784.0,0.9939832258630135,0.02645806038320731,0.004669375807211109,0.025259864226665124,0.0023337695363602772,0.006412927213394693,0.0008160642139414932,0.41522125551026123,0.0,0.5847787444897388,0.0,0.5847787444897388,0.0,0.1226573881995331
406,historico,11.789333367827584,1.6334241396859304,10.155909228141653,9.527158105795976,0.0002615611593901489,6.508471601295478,1.3635231457368817,3.172178582385375,4.896113724877734,13.26034651713769,0.02508734935388495,9.759824122007702,0.0030043428533459613,189.5809463923721,2.7187607924005177,3.8293311331358804,0.012589076612486413,370.38879515877755,793.0620277777747,265.0323197172506,7.339126312135382,21.35341787881339,0.0,2.321278530818691,0.0,0.5923099297761382,22.27393411477216,2.570142982709333,12206.520601373339,1781.0,0.9938823397365067,0.026464571452678755,0.00466887468361968,0.025287076702123747,0.0023274034872774367,0.00641471448313162,0.0008158305622199596,0.3430573722671829,0.0,0.6569426277328171,0.0,0.6569426277328171,0.0,0.16721768333639536
407,historico,11.686697015558105,1.432699344035498,10.253997671522608,9.722382183875617,0.00023160899929234747,6.473104705158897,1.3567176435610575,3.2063308840334708,4.957361554563647,13.25821276621118,0.01720134570668671,9.740319279920026,0.014862851936297123,189.79035214528196,2.717230282742176,3.887115296048551,0.01113822248711843,360.6255551603515,801.6002903297995,264.98950302755645,7.342460289434422,19.028097199612425,0.0,1.9934983429842204,0.0,0.5462013660911385,22.482821691901236,2.5841430975184836,12223.051682778532,1781.0,0.9938726817496615,0.026467569668696664,0.0046700151375841745,0.025276039440012173,0.0023261823397030226,0.0064148675426256106,0.0008157567187795765,0.42174836927174914,0.0,0.5782516307282509,0.0,0.5782516307282509,0.0,0.13961241161890026
408,historico,11.542013805656566,1.2829078753234973,10.259105930333067,9.844138248165374,0.00021105342226449326,6.392934601718504,1.3386499010487576,3.17468031376497,4.969208358474701,13.28537893550465,0.014430603064399037,10.131893124451787,0.025709324582533454,190.12536665792197,2.721856375177678,3.9064205165861496,0.009973263934721045,346.78702010422114,793.687474331091,265.532463722241,7.3417558098267435,19.076291593077187,0.0,1.823239080778768,0.0,0.49626302727574173,22.146068406907773,2.5469103904510546,12220.155934976292,1781.0,0.993952080737467,0.026466645101539406,0.0046706798738402255,0.025256018521659023,0.0023265836904945002,0.006413233417905815,0.0008155755669807278,0.4706109354644887,0.0,0.5293890645355113,0.0,0.5293890645355113,0.0,0.1294303717707987
409,historico,11.56590722444959,1.360735857601265,10.205171366848324,9.769983004401173,0.00020672323327963806,6.373490827923858,1.3349635146697174,3.121938988442104,4.9418503800239435,13.311184469445122,0.011568835876316276,10.535903436235406,0.010342055230641942,190.39538538183686,2.725659393695627,3.8458700012788056,0.009789324360471457,344.61857752393445,780.5018540004766,266.0483355403389,7.342006461207436,20.142937171362895,0.0,1.9815193624937821,0.0,0.5118073976262887,21.859262814896958,2.522543256518083,12199.735023282363,1781.0,0.9940034390130038,0.02646379533226993,0.00466994311946508,0.02525020193722391,0.0023277934469228,0.006412546614033913,0.0008155795846023365,0.44054097698799694,0.0,0.5594590230120032,0.0,0.5594590230120032,0.0,0.12747442901701658
410,historico,11.452232889800866,1.2800620566582157,10.172170833142648,9.72790556272012,0.00020582743072367876,6.375705476537253,1.3362199900322569,3.0822533338428126,4.908904680724266,13.328537529687859,0.012808251753372172,10.14395507163819,0.008711988178759445,190.70513672764088,2.728058228169694,3.819355741466568,0.010207293376015485,350.09118686115517,770.5802228902462,266.39527593636706,7.341179274466212,17.95660983778633,0.0,1.9035746131221374,0.0,0.5045074122408688,21.68146023441116,2.5086437726558755,12188.990273828304,1781.0,0.9941196138692241,0.02646064088566924,0.004669627258531271,0.02524598371126716,0.002330317641606269,0.006411850791318418,0.0008156328101488215,0.4601964099657864,0.0,0.5398035900342136,0.0,0.5398035900342136,0.0,0.11789063912080484
411,historico,11.768978755140248,1.466080614541912,10.302898140598334,9.750432119318932,0.00024376073799010608,6.38241023483886,1.3380930756163303,3.1044409856713497,4.889383350518112,13.335384293378475,0.022162474590257386,9.814240795336234,0.0062144302662572315,190.93630619804597,2.72578311386406,3.8521894816932347,0.009546531290075861,356.09020125150346,776.1272574262194,266.53218139357114,7.342234282051758,21.030523468570223,0.0,2.178935092791457,0.0,0.5311598494490415,21.908187204021296,2.5309438283537222,12186.76504917109,1781.0,0.9939872084083935,0.02646142201154518,0.0046690190396298115,0.025269247685672097,0.002328814374993362,0.006412984513749699,0.0008157264191433537,0.3935717688028024,0.0,0.6064282311971977,0.0,0.6064282311971977,0.0,0.14222437811477884
412,historico,11.65932431088319,1.3168153371721507,10.342508973711043,9.81480076393707,0.00021919300917839786,6.3506197750663995,1.3317905568243598,3.1037721069897377,4.883980700206344,13.348589264453015,0.015114182059933624,10.572177773473546,0.02034314796963244,191.1238638259171,2.7273186667445866,3.839911919034704,0.009131949743013039,344.7128240440487,775.9600340906474,266.79613506147496,7.340809028308429,18.98544211251189,0.0,1.855129853627663,0.0,0.4916916349758792,21.849481697835802,2.517480540305959,12172.350418648588,1781.0,0.9940097087415696,0.026456185055796028,0.004668693958130946,0.02525624920234923,0.0023294245509939263,0.006412192159070139,0.0008156591271457675,0.4718271130792643,0.0,0.5281728869207356,1.1102230246251565e-16,0.5281728869207356,0.0,0.12222229339813025
413,historico,11.742446290708202,1.4863570180775725,10.25608927263063,9.76650108265377,0.0002553584807350582,6.360420819756525,1.3338852778386736,3.1296270956825087,4.885582926800756,13.352877162523866,0.020693342300840835,10.149210093343736,0.008883160693844448,191.27528339504394,2.725214580250683,3.8187534752389825,0.008643072820743617,351.1055960491609,782.4239229381164,266.88183650835754,7.342563277787724,22.031132187972304,0.0,2.1675035202384,0.0,0.5508201320570664,21.977272364107886,2.5287963785555614,12169.550387082887,1781.0,0.9939476331207164,0.02646224862752197,0.004668657483966582,0.025287589598792154,0.0023267581182282613,0.006413707814663182,0.0008157183075527806,0.3909454389469279,0.0,0.6090545610530721,0.0,0.6090545610530721,0.0,0.14188613745587902
414,historico,11.68452713513889,1.3696191365464492,10.314907998592442,9.765072161662838,0.00023507183402320448,6.3681905423194145,1.3355707377009274,3.146730226619447,4.9068742279685065,13.358157830936124,0.01690567843456033,10.794407600027947,0.01865856304047172,191.32490921104622,2.7239487403976566,3.8219747661161407,0.008758202723847796,347.074414567723,786.6997993901911,266.9873274109885,7.341978694351845,19.862247596023188,0.0,1.9450291550746979,0.0,0.5225053977154301,22.137953329042958,2.533839508980616,12171.725686042486,1781.0,0.993939889246484,0.026460404236062385,0.004668559557651124,0.02528428935909551,0.002326005169704371,0.006413637552156148,0.0008156648712476985,0.44294743932018094,0.0,0.5570525606798191,0.0,0.5570525606798191,0.0,0.12437014496303976
415,historico,11.627661108941945,1.3884231561647966,10.239237952777149,9.63360728284206,0.00025385457844262043,6.34358797354683,1.330362183277696,3.1460465830765263,4.91040680826303,13.381788234236335,0.020515726361984926,10.615400311311522,0.026393437770082778,191.54608814406598,2.7244663295769245,3.818129872533238,0.009151970063222175,350.7726390278158,786.5288847583865,267.4596385245375,7.341264367834702,20.13047953784001,0.0,2.011174008733488,0.0,0.5371257777269798,22.217138028214833,2.53214803533458,12182.14939929968,1781.0,0.9939246483913202,0.026461006412506913,0.004668238715308122,0.025296380493179265,0.0023242021769930158,0.006414183751985839,0.000815656393252468,0.4242116233550447,0.0,0.5757883766449552,1.1102230246251565e-16,0.5757883766449552,0.0,0.1357485083485608
416,historico,11.60371545566718,1.1831087257754678,10.42060672989171,9.941832074139317,0.00021328258716742015,6.34620801473358,1.3320281718849754,3.1284676346962166,4.911959470140035,13.403241392505212,0.007306164943442823,12.751227635020477,0.015562650885322013,191.56068802787667,2.727052108211756,3.904126881241066,0.007835644005221621,342.3567947826102,782.1340513381931,267.8884366254641,7.338421122857915,27.098317489331293,0.0,1.6849769514604813,0.0,0.5404116602402813,22.182887701404766,2.5226874205956085,12178.766317665551,1781.0,0.994087752973791,0.026455083740868336,0.00466751823028126,0.025266157122912018,0.002327490268380688,0.006412432204821446,0.0008155960076021413,0.49809200118691155,0.0,0.5019079988130886,0.0,0.5019079988130886,0.0,0.09440567048785009
417,historico,11.799876328710525,1.2730814893422822,10.526794839368247,9.658151731406129,0.0002260987233957211,6.31225469212948,1.326360537113586,2.982487814191544,4.834803532910212,13.46212115718997,0.012279747436207649,19.32001618261482,0.007594124956138303,191.4103103173758,2.7361456290639325,3.7520456097371495,0.00745371545040942,333.5263967409604,745.6382963050656,269.06552723874256,7.339139912882459,18.48172368021187,0.0,1.991870506371654,0.0,0.4314854086906976,21.220459483139365,2.452240077918575,12141.896541692306,1780.0,0.9940172341951241,0.026420436922440248,0.004661579452878094,0.025266635547718193,0.002328135916236495,0.006415131022793124,0.0008160751312720849,0.4605733076851075,0.0,0.5394266923148926,0.0,0.5394266923148926,0.0,0.11448622062397798
418,historico,11.789323273086028,1.3502944211552976,10.439028851930729,9.763971397668405,0.0002184950427491683,6.418834480925989,1.3491097342699419,3.0258058324384924,4.8173643823623475,13.433529621257351,0.010346823459055462,16.462935676250044,0.003951158112033984,191.5901854337006,2.730267721132137,3.814366255507597,0.007644066076386319,344.8255830230688,756.468038231009,268.494091844213,7.34398831836959,20.28150287579409,0.0,2.102052759360432,0.0,0.5041351663058827,21.711913069936138,2.491077300393136,12123.8761276469,1780.0,0.9941454594090311,0.02641352035436158,0.0046602101729217825,0.02531400007812653,0.00232948144500637,0.006415050418096785,0.0008161507164347391,0.426826238893103,0.0,0.573173761106897,0.0,0.573173761106897,0.0,0.09976955192582428
419,historico,11.984623750195071,1.4254995937909152,10.55912415640416,9.849486311783338,0.00023237195088185312,6.476746470908177,1.3633347286594644,3.0347198200355745,4.798170377602718,13.43074985879644,0.0146412140067242,16.088219475092902,0.004024112084997065,191.67112957147626,2.728023068125969,3.799678064527215,0.0077295078183269965,348.53359214687725,758.696583975118,268.4385829164986,7.343101796401239,24.12360180263149,0.0,2.1028980002016207,0.0,0.5560791446007836,21.93874750845477,2.514416746693075,12101.891691985102,1780.0,0.9941531514813295,0.02641132627876972,0.00465958139692395,0.0253380661553262,0.0023293910388749194,0.006415554829323428,0.0008162309099100636,0.41591709066677773,0.0,0.5840829093332223,0.0,0.5840829093332223,0.0,0.11363134947678236
420,historico,11.776117438438632,1.2246155045623381,10.551501933876295,9.7811571916554,0.00023129663652797134,6.46467954881642,1.3621282883282482,2.998788027701608,4.765357066888966,13.452228182911432,0.014446132483542375,16.911517930602677,0.007405044834361069,191.8010207643473,2.730698322784045,3.800282126920793,0.01353322477541471,350.2679990588713,749.713439000777,268.86797807504206,7.341575808270254,16.911815278802507,0.0,1.8696451594806693,0.0,0.45702043668657877,21.656369426758815,2.4904201703076265,12088.60336923089,1780.0,0.9942283014785724,0.0264034860226663,0.0046591397991161835,0.025328201784359107,0.0023309241765267414,0.006414473707487627,0.0008161869437136862,0.4859212169528387,0.0,0.5140787830471614,0.0,0.5140787830471615,0.0,0.0966932172393811
421,historico,11.79187752894918,1.3195780004103068,10.472299528538876,9.805573652983423,0.00023907399707178768,6.452900891417883,1.3606023269041347,2.9800989165079277,4.727344261467409,13.473770190090198,0.015163409502395604,15.371163826751964,0.006550894852023514,192.18925709495292,2.731955846302027,3.7775081813491647,0.013682105146450988,353.8048753170389,745.0410587940239,269.2986603496851,7.341991264017102,18.407253150350467,0.0,1.9952660423830157,0.0,0.4981367646446555,21.493379315107532,2.483193875843937,12077.491320023362,1780.0,0.9942931997376427,0.026403058125854396,0.004659047219452553,0.025345984186169283,0.0023318504145471604,0.0064146994617390275,0.0008162816902064268,0.45023710593716254,0.0,0.5497628940628374,0.0,0.5497628940628375,0.0,0.1052740459029037
422,historico,11.89941105953293,1.3027663968872265,10.5966446626457,9.993019978778245,0.0002033755554844409,6.479342086428364,1.3661228138806427,2.97649489853432,4.712141618614841,13.469977313933422,0.009089732699447009,15.897789460460727,0.004798881492516292,192.30994227685179,2.732053014070617,3.831083729265544,0.009955264116717712,349.39098810859264,744.1400345521454,269.2228905420733,7.34186098878674,25.29674609839142,0.0,1.9162574587256929,0.0,0.5313555124205844,21.489769103701363,2.4895347917650037,12060.734860577159,1780.0,0.9943668144129414,0.026404234425661283,0.004659002839630298,0.02533446691807832,0.002333861882727468,0.00641507168536014,0.0008163942717950329,0.4692943366725982,0.0,0.5307056633274019,0.0,0.5307056633274019,0.0,0.09229939736872396
423,historico,11.937692621588662,1.342064015233971,10.595628606354692,9.818439082418006,0.00022301252693009797,6.53677531194091,1.3784986560431407,2.9747523397706233,4.697821144561136,13.456638653043516,0.01484291760128188,18.428519523368188,0.005171622477475955,192.13276272553387,2.729753621558603,3.7249907090574865,0.00955188665853675,351.1668872615803,743.7043853127449,268.9563186779062,7.3427331902115105,18.386381990499927,0.0,2.1005208812679177,0.0,0.4880405688327596,21.607713000957784,2.504518183631869,12039.136470537602,1780.0,0.9943756811495577,0.026398901335541857,0.004658247102007823,0.025360641460107317,0.002333816749801186,0.006415427295708173,0.0008164206953125796,0.4435202938624239,0.0,0.5564797061375761,0.0,0.5564797061375761,0.0,0.10181957410211906
