ano_sim,fase,photo,npp,ar,rm,rg,lai,cleaf,cfroot,csap,cheart,csto,nsto,psto,nmin,pmin,hresp,wue,evapm,emaxm,runom,wsoil,rcm,litter_l,litter_fr,cwd,c_cost,nupt_mineral,nupt_organico,pupt_labil,pupt_sorvido,pupt_organico,litter_n,litter_p,csoil,pls_vivos,area_lenhosas,n2c_folha,p2c_folha,n2c_raiz,p2c_raiz,n2c_lenho,p2c_lenho,area_sem_lim,area_lim_N,area_lim_P,area_colim,area_lim_folha,area_lim_lenho,area_lim_raiz
1,spinup,4.3183873933873675,0.9755340215726269,3.34285337181474,3.325583585940691,7.928777001584402e-05,7.866331788160667,0.5092714003890818,1.1205968041409704,6.4038214329686864,9.915090062033435,0.003840123353257368,0.4985622393980919,0.06608437312708881,91.23911788491013,2.2722574829796645,3.8463169635264176,0.0038207178228215123,1.1543992516473047,3.5808890019484245,5.409441236703319,102.66005089534112,1578.3678228485753,440.7587329827525,280.1553414262876,198.16373433243925,7.3935138085561425,10.442349799570785,0.0,0.018308482544914243,0.0,1.7458305390666937,14.281155799947364,2.012859407260916,3883.942492436063,2311.0,0.9861553776988796,0.03128484360709579,0.005056967996204822,0.02487864840890861,0.002607836185586524,0.006654696332619023,0.0008531564209246512,0.7235928824154064,0.0,0.27640711758459346,1.1102230246251565e-16,0.2764071175845935,0.0,0.005645093890876499
2,spinup,4.355321488863133,1.078760476423501,3.276561012439632,3.2369918213992896,0.00011033660773388265,7.40717930931725,0.4742346187270265,1.1148621975269384,6.531082887755446,10.172215744134801,0.006672526167541672,0.2308494901994221,0.03534857972745174,92.07387302938234,2.342246973616386,2.5665829333360346,0.0037892731459462084,1.1965789842225376,3.5383607503426573,4.2218126972813845,103.1912359739294,1440.183960353343,419.4282002872428,278.7216583495888,203.30277371899595,7.3878961355204975,11.028275280715114,0.0,0.01847236023183379,0.0,1.8823461837867903,13.645329459276905,1.9054757778329519,3695.2055820685982,2309.0,0.9923128719360783,0.031315824587973363,0.005064480103580748,0.024878290839133246,0.002609799902118867,0.006652828013787162,0.0008532313588098907,0.7003214494244078,0.0,0.2996785505755923,0.0,0.2996785505755923,0.0,0.013846246254375943
3,spinup,4.3686764307993915,1.1014100271623837,3.267266403637007,3.224927353306977,0.0001191047682956299,7.240954668561338,0.4592218304985503,1.134068854676796,6.640005539162444,10.341455064441647,0.00636302068806361,0.12745090311115984,0.017157388015230614,92.38042443569296,2.3923005229852254,2.3576292555613803,0.0039030984132981585,1.2165885358451252,3.5118421000819957,5.039519690110846,102.46201880582353,1389.9401692005292,411.2705101593665,283.52342788131693,206.68520452885855,7.405668272303411,10.977108528017853,0.0,0.01871137402924253,0.0,1.889861110011249,13.44853539227262,1.8675495180194213,3711.0987507851164,2296.0,0.9947021759839687,0.03135381867308096,0.005074748850923932,0.024840532593704653,0.0026117204636196497,0.006650629049315244,0.0008532308766612791,0.7075039252233463,0.0,0.2924960747766536,1.1102230246251565e-16,0.2924960747766537,0.0,0.023118878584630912
4,spinup,4.343777477803143,1.094147139781416,3.2496303380217273,3.22617182735366,0.00010523968070603615,7.068798496261702,0.4456189331675113,1.148352822152956,6.735124330760768,10.495562408033107,0.0028488916665330762,0.09937208156259682,0.009964091432200763,92.60256608322806,2.436729740690252,2.318216746490111,0.0039775925686487265,1.2526264354095484,3.5418839105065447,5.070308125548985,101.2615885236529,1368.5861845101858,401.7508379831273,287.0944980203874,209.76521754638992,7.42017328099035,11.037225472149727,0.0,0.01983297404380531,0.0,1.90196899370704,13.278915182798304,1.8424796743882021,3760.2994371000887,2273.0,0.995813304464888,0.0313835705454843,0.0050835091305828,0.024807839138788375,0.0026132337026428714,0.006648514838622685,0.0008535007713165038,0.7243041138999615,0.0,0.27569588610003853,0.0,0.27569588610003853,0.0,0.026676470400379324
5,spinup,4.317397415565979,1.0851993095264894,3.232198106039489,3.1900442844574646,0.00011090705413042613,6.8881235096149735,0.43218654745529805,1.144704833211279,6.785411615067906,10.646555997857353,0.006946739492237918,0.13723221740177488,0.0073509049812564954,92.83331006624718,2.471293523127965,2.2604428521630737,0.0037347628744024944,1.278001782987352,3.5618153016401317,4.5117019569087535,102.59440164463618,1357.279944272301,392.1240021225489,286.1824807955495,212.7831160306899,7.429985275391067,11.010028139799932,0.0,0.7656479864356792,0.0,1.1537807312875044,13.054936831073613,1.8177219314868036,3810.1699356988825,2265.0,0.9963274531234634,0.03139232049821834,0.0050870532392845,0.024781976360812724,0.002613888692839855,0.0066464077617609495,0.000853613897643446,0.7177700043334715,0.0,0.2822299956665284,1.1102230246251565e-16,0.28222999566652845,0.0,0.02588748728623556
6,spinup,4.367084120811511,1.1391649234202654,3.227919197391244,3.2036095517079364,0.00012405950876198711,7.072314513667579,0.44081860499589126,1.1736566600027427,6.8622707561762,10.772922402597846,0.00754160857571688,0.06120945373192053,0.004916903216662307,92.92783749310152,2.4691643425502554,2.301235919307481,0.004395016897136372,1.2511895818091536,3.365973658931453,5.517682405448989,103.24339034067846,1270.0263948384672,405.7440886773555,293.4205961370394,215.30869749964245,7.43224839065081,11.435767039067644,0.0,1.6088519896751614,0.0,0.4132306458065452,13.384055708700043,1.858055992940863,3888.6405876938234,2251.0,0.9966605826154373,0.03140675348873832,0.005092695809156296,0.02477484674119338,0.0026149098673199497,0.006644999180779963,0.0008537115328012992,0.6997173721331986,0.0,0.30028262786680143,0.0,0.30028262786680143,0.0,0.02829596547107834
7,spinup,4.35413036097528,1.1235890515828584,3.230541309392422,3.2192432729131655,0.0001063233361875224,6.9974564659004965,0.4363222555079272,1.1843593149254659,6.9324711945739335,10.90747883098551,0.0038596723190338494,0.050544899893813465,0.003884891956012973,93.10192981325955,2.4661234335533795,2.3088982917275116,0.004612561660190728,1.271812119310145,3.3829469682653013,5.772941416158854,102.97741582494916,1253.7988495421075,401.0376921197842,296.09631851369005,217.99799809419463,7.430606099203276,11.126594418562924,0.0,1.5996696491353715,0.0,0.3844923220129025,13.354486471637184,1.8571712821612851,3959.078450111015,2219.0,0.9968382890929026,0.03141922346809936,0.005097352847528,0.024753367378067485,0.0026155037706675037,0.006643307167730473,0.0008537422794003662,0.7130021899195087,0.0,0.2869978100804913,0.0,0.2869978100804913,0.0,0.02496407821081932
8,spinup,4.343542066661323,1.1015558923621631,3.2419861742991607,3.233348324492297,0.0001060276056074264,6.990084747169804,0.43532853537396604,1.197895492825617,7.000677559244413,11.039307585801312,0.0038164677202434877,0.05451611359196282,0.003981504317953542,93.25376948188037,2.4623834083336145,2.324510091438552,0.004793615134916363,1.2752113368075597,3.3554119880719444,6.417526332623618,102.65252473426312,1233.4394763974658,399.9585976314238,299.4804371611913,220.6327838358514,7.428692481376213,10.94208961467347,0.0,1.5887451217008366,0.0,0.35989962299827394,13.410591124079147,1.8655625695176687,4033.604752783542,2190.0,0.9969891096820223,0.03143223356233242,0.005101953038151007,0.024730007424604603,0.0026159938600334004,0.00664163385564861,0.0008537476539715814,0.7104125724188922,0.0,0.2895874275811078,0.0,0.2895874275811078,0.0,0.025022906444641554
9,spinup,4.27336217626471,0.9622824036257781,3.311079772638931,3.307043520200612,5.814726761154284e-05,6.815819431599024,0.4253860828787222,1.1907635355972155,7.0394708568491735,11.18331151479419,0.0009053435784788176,0.07804980102914802,0.004512047247385545,93.48974894440084,2.462575175172181,2.345303029386081,0.004442343851346451,1.3414496124452309,3.494788431013094,4.567129447720054,102.74076552970223,1247.1281918709788,385.6375889604391,297.6974087740167,223.51100553456672,7.424286780534669,9.497335708563805,0.0,1.386234256111392,0.0,0.3154043226740654,13.180614861055824,1.8408790658322056,4097.2685573662475,2167.0,0.9972013417399823,0.031440097437573006,0.00510583066450441,0.024663338668627043,0.0026160999599121274,0.006638745560106339,0.000853676793359896,0.7726131206923055,0.0,0.22738687930769452,0.0,0.22738687930769452,0.0,0.015014679857015836
10,spinup,4.323727106778505,1.1069229250375763,3.2168041817409287,3.211327405551827,0.00010251644466342635,6.746683831765579,0.42099284521312924,1.180134607697851,7.037522652207717,11.326178466814065,0.0022382818135083036,0.03942209323027142,0.0029708228024880384,93.71448603305154,2.461893673927183,2.2780505859247633,0.004446038024254224,1.3227006041208562,3.4536867036918286,6.558894963640599,102.87338325298983,1235.1641441741785,386.8868439188864,295.04011855719824,226.36661301060303,7.427480230492844,11.531530082711594,0.0,1.6629385521872302,0.0,0.3669174580155359,13.049648168233738,1.8284853820873415,4157.55971159717,2146.0,0.997152021846929,0.031450943567829036,0.0051079629546252996,0.02467357960168158,0.0026164306240831865,0.006637763091095504,0.0008536948114688634,0.692201360137756,0.0,0.30779863986224404,0.0,0.307798639862244,0.0,0.024996824980692476
11,spinup,4.34361332637215,1.109465558688513,3.234147767683638,3.2277668622100104,9.985771768973348e-05,6.973226305413594,0.4337704668941806,1.205368681986349,7.075853122036752,11.445232568794603,0.0031225573071052507,0.0403954952311799,0.0032073027792268146,93.79039486505091,2.4561460512172375,2.3274687297857413,0.0046985436522825165,1.274912829096651,3.378034555988926,7.453252238402217,102.49752045483237,1248.2202484471904,399.2253692233107,301.34877540125353,228.74614276158678,7.425584273963901,11.242861918376043,0.0,1.604666254443676,0.0,0.3881657494962373,13.410655741072116,1.8738689871553915,4240.408037696983,2128.0,0.9972001729867557,0.03145818709455758,0.005111313191736257,0.024665185168679202,0.0026167946107183587,0.006636554589409462,0.0008536698419438056,0.7017501660158765,0.0,0.2982498339841236,0.0,0.2982498339841236,0.0,0.024213962719554876
12,spinup,4.319340519605096,1.058400876360668,3.260939643244428,3.2552848023390055,8.0303961201174e-05,6.852014576399659,0.4274643653800642,1.2013952640326016,7.100100037925931,11.580634745350785,0.002340379695848381,0.06875689827301726,0.003906536189660363,93.98360753549119,2.4556532551398202,2.3406300888977114,0.0038306536861030084,1.3052587966270937,3.5808890019484245,5.2567984082614085,102.55950318765788,1349.3265454172122,389.43187006668757,300.35539914018636,231.4524737947605,7.422698560769869,10.962030752402692,0.0,1.5600626160253923,0.0,0.3525053233978311,13.29513477332868,1.8625782872352847,4309.028333168613,2110.0,0.9972298901154371,0.031465587223488176,0.0051140159677329705,0.024643583990523632,0.0026168900741299975,0.006634758416199876,0.0008536035838636137,0.7273520327354936,0.0,0.27264796726450646,0.0,0.27264796726450646,0.0,0.02330162897335367
13,spinup,4.335286780139225,1.0802931052373752,3.2549936749018493,3.243055484156487,8.694627791175267e-05,6.877894900112445,0.42861559343731687,1.2033119442093896,7.1151733744845815,11.709606398116101,0.004127667034134024,0.05665153082413102,0.003237836207036799,94.13909703421949,2.4534885532036808,2.3424343388520388,0.0037959032593664183,1.2928260536779088,3.5383607503426573,4.125663371812188,103.13426686246787,1339.9135326185449,391.95743411432784,300.83457968697064,234.03029763541088,7.422132897759882,11.202813753177137,0.0,1.603408506069267,0.0,0.3619346134205795,13.331399020630153,1.8698763649905008,4378.138366801906,2096.0,0.9972536698825749,0.03146968024092339,0.005116971874135005,0.02462922179973863,0.002616953873652497,0.006632966749095644,0.0008535761098631218,0.7145188468331721,0.0,0.28548115316682793,0.0,0.28548115316682793,0.0,0.02552481823352543
14,spinup,4.348055011257833,1.0801468197002524,3.2679081915575807,3.253795551013425,8.714643056279216e-05,6.925632951648918,0.4313708719260344,1.2139138119571067,7.147393471120961,11.832711222449996,0.004013053596531932,0.053632152142430584,0.003358584939428832,94.27359224220933,2.450333709998868,2.3635955897239045,0.003909458340351773,1.2850911601828388,3.5118421000819957,4.97109987367113,102.4219172003348,1334.238503727599,394.4203984444602,303.48510471759914,236.4908093088396,7.420259301821419,11.015161925821243,0.0,1.569063296642844,0.0,0.368894915754697,13.428746767382497,1.8830659092795623,4453.719003582246,2085.0,0.9972816392704043,0.031474771464456715,0.005119485652342897,0.024612233758472345,0.002617162990047426,0.006631521023653919,0.0008535456192815361,0.7170960462774835,0.0,0.28290395372251675,0.0,0.28290395372251675,0.0,0.026032767415194193
15,spinup,4.3349428892607635,1.0665429057879636,3.2683999834728,3.263834505132627,7.152764157945328e-05,6.882486243682397,0.4294748335343415,1.2147635608150154,7.17239270554102,11.959044623993455,0.0013262412455292301,0.059321874942832906,0.0032407601908230766,94.44183530216041,2.4486424924826076,2.380021100477525,0.003983131944602047,1.298018219446311,3.5418839105065447,5.024485113434687,101.22463507153998,1332.714796293509,391.28466938145743,303.69754658833654,239.01587303600203,7.419588871066313,11.02610958346278,0.0,1.5743092695589183,0.0,0.356574216054673,13.349324543912683,1.8744422166359154,4523.017338670153,2076.0,0.9973117963063541,0.03148075450790448,0.005122221847304632,0.024593072000769746,0.0026174711422210315,0.006629784083026441,0.0008535523499341321,0.7271668766218822,0.0,0.27283312337811777,5.551115123125783e-17,0.27283312337811777,0.0,0.02068937455394342
16,spinup,4.326437485627319,1.0669732288227507,3.2594642568045686,3.229315229794493,9.212686518761199e-05,6.759652455614527,0.42213284260438055,1.1988428020560478,7.166045005283965,12.092407531417829,0.006162587820580074,0.1176783395909345,0.003907449978933102,94.65426348782167,2.449677593283626,2.3385022919364404,0.0037379833002191493,1.3071112467763781,3.5618153016401317,4.482406618049209,102.57483310217916,1328.9141648090645,384.3959720652061,299.7172696596483,241.681527204697,7.41969686714241,10.921467716361313,0.0,1.5570750231618833,0.0,0.35224016104451694,13.138130442843725,1.8502149488011563,4581.918133237682,2066.0,0.9972794323346754,0.03148395987778668,0.005123345803838628,0.024578207352550438,0.0026172022200461973,0.00662838073590448,0.0008534502257923541,0.7142835413158152,0.0,0.2857164586841848,0.0,0.2857164586841848,0.0,0.025369706913997384
17,spinup,4.376925461801511,1.121915518716899,3.2550099430846124,3.2392608417985023,0.000102583756541905,6.937884944368074,0.43144281065083945,1.223481728829708,7.20247246309351,12.202496719626398,0.007004057596228693,0.039949970169040415,0.003266698750353533,94.74713735715612,2.4441659695127878,2.3854934538746786,0.004400702102911209,1.2774575128237418,3.365973658931453,5.49143958004362,103.23064225780631,1242.887215009151,397.82437651223745,305.87713636384046,243.88187287843186,7.419652387518466,11.35183303770195,0.0,1.6409706327363858,0.0,0.38002118518528716,13.446033946519586,1.8870247770766595,4664.618962585336,2051.0,0.9973015352019798,0.0314916251626343,0.005125767193704474,0.024584109404084693,0.0026176365576218007,0.006627565791297294,0.0008534381731716198,0.6895380552160796,0.0,0.3104619447839204,0.0,0.3104619447839205,0.0,0.030782197856043237
18,spinup,4.369392913444056,1.1072467367791414,3.2621461766649142,3.2546959313643034,8.720186945170054e-05,6.895528441330705,0.42996162126635856,1.2261841749737785,7.234521102089127,12.321891904614569,0.0034221259164667664,0.03698336279470361,0.0031007871423689996,94.92350102909478,2.442093264277194,2.397789467766934,0.004618737463438972,1.2910778898114172,3.3829469682653013,5.753646559221934,102.9671955658797,1231.3996582075374,394.81736719958667,306.5527627081067,246.26823733386436,7.418110617100435,11.04998544260824,0.0,1.599658381853734,0.0,0.3815154594465113,13.423243935768195,1.8859432740875257,4736.172894407255,2040.0,0.9973032506860577,0.031500333834453845,0.005127666868033702,0.024574314119394584,0.0026178977404384077,0.006626153088388334,0.0008532687164867728,0.7045756393222323,0.0,0.2954243606777676,5.551115123125783e-17,0.2954243606777676,0.0,0.024474079429071937
19,spinup,4.361777337024051,1.0874318432012102,3.2743454938228416,3.2675672262932047,8.9971599019956e-05,6.907537787159561,0.43081757779533114,1.2334130252859885,7.270009474769511,12.438330453465971,0.0035543248334786387,0.047269863636087615,0.0036778356492841763,95.0826214278126,2.4392923143905976,2.416504089774166,0.004800179002997455,1.289744596819533,3.3554119880719444,6.402905813786457,102.642747678633,1214.2155915125138,394.7596184237286,308.3600148971661,248.595495598429,7.417423466920825,10.86686757656137,0.0,1.5811780648724432,0.0,0.3634739045662557,13.477657645685102,1.892782138754578,4809.79585899665,2034.0,0.997344521117439,0.0315075333464622,0.005129849195809895,0.02456528533288202,0.0026182022929884608,0.006624999969904446,0.0008532447947970129,0.7028829119561142,0.0,0.29711708804388576,5.551115123125783e-17,0.2971170880438858,0.0,0.0267201153637287
20,spinup,4.292484865548589,0.9473039805716202,3.345180884976968,3.341490376490756,4.686607999521342e-05,6.756265561114592,0.42272751128541547,1.2192713429165956,7.278902710304895,12.565912005939015,0.0008014712600415114,0.07641708620350564,0.004516138355356908,95.3286096503986,2.4404138973362146,2.4410769329423587,0.0044468886699446574,1.3524659749574897,3.494788431013094,4.556179356506401,102.73373647430432,1230.9010829639435,381.66475531026515,304.82451681444894,251.14555124588463,7.413582796382173,9.453199027243311,0.0,1.3732604184488024,0.0,0.31992798584415394,13.252788486662915,1.8666041308265653,4870.4374650105465,2029.0,0.9974804128739341,0.03151078144897512,0.005131902640963321,0.024514252700082007,0.002618224336784837,0.006622516766765635,0.0008531186420811704,0.7702516495788172,0.0,0.22974835042118288,0.0,0.22974835042118294,0.0,0.014482290662782154
21,spinup,4.344318537895117,1.0963852882133895,3.247933249681727,3.242698132938396,9.219089158211347e-05,6.702815958724563,0.4194496785423693,1.201649567991357,7.2511084471396465,12.691438678176072,0.0020891659469847437,0.03851914960078859,0.0030416289454836946,95.56718718639536,2.4407419995535014,2.372229021521124,0.004450527519726017,1.3309294380022259,3.4536867036918286,6.550603975057376,102.86863613963487,1221.6976740007212,383.767639359412,300.4189765233521,253.65463467048005,7.41682065397222,11.452102212954713,0.0,1.6494766903847227,0.0,0.37179032312085897,13.123833079530687,1.8515719888037316,4926.153012010443,2027.0,0.9973934003201274,0.031517336179275005,0.005132592601299826,0.024534369676004905,0.0026184654220731277,0.006621939185843945,0.000853097194205798,0.687001740616728,0.0,0.31299825938327197,0.0,0.312998259383272,0.0,0.024803406382548854
22,spinup,4.362247130589278,1.0999556096054945,3.2622915209837835,3.2558801195246603,8.959223821363062e-05,6.918652897068,0.431672788745988,1.2247703189680497,7.266812416066584,12.791625070554481,0.0031168731238464444,0.03942589137514061,0.0031508849839766723,95.65959331558138,2.4357638109351223,2.4206127051332547,0.0047035620221047405,1.284267077963575,3.378034555988926,7.4439741523935865,102.49260686330676,1233.5117394910244,395.5711741782042,306.19929095934856,255.65710153255807,7.415221020304357,11.18087326246448,0.0,1.5968116580241167,0.0,0.3925617409226969,13.462066688676948,1.8937207041681343,5003.699977601095,2025.0,0.9974086012148027,0.03152130332472751,0.005134283109533367,0.024536246588764896,0.0026188120139211866,0.006621146114609557,0.000853059129398977,0.6939279505546677,0.0,0.3060720494453323,0.0,0.3060720494453323,0.0,0.024596992478799342
23,spinup,4.337829597579578,1.048956577698279,3.288873019881297,3.2831964435478898,7.275623874123124e-05,6.805004447836705,0.4259899228207765,1.2172820635797519,7.270985072523756,12.909307777511229,0.002193755540396921,0.0743329825745352,0.0038998425140155547,95.86721065502336,2.4359849286270947,2.434281694490608,0.003832919314755972,1.3137878111061112,3.5808890019484245,5.248209929688862,102.5536590574186,1334.092077804234,386.0823210545979,304.3271860798384,258.00931353270755,7.413334736373369,10.915832028163747,0.0,1.5488327319910855,0.0,0.35691204205768085,13.346247811558195,1.8812154173084938,5065.734275112729,2014.0,0.9974166691050131,0.03152823195914731,0.005135957458622891,0.02452130539552863,0.0026187693278303375,0.006619880163173425,0.000852956218269566,0.7223998820302854,0.0,0.2776001179697146,0.0,0.2776001179697146,0.0,0.023315120012263522
24,spinup,4.353859805121062,1.0729135255966054,3.2809462795244566,3.26911260833365,8.115140718863205e-05,6.833113949247528,0.4273617720966505,1.215831728746094,7.268552317379906,13.018760094884396,0.003976176973273358,0.06272093068852908,0.0032934305971126024,96.03832581934833,2.434533245282534,2.4346890620970703,0.0037980214431221323,1.3008573602205904,3.5383607503426573,4.117649254177261,103.1293870994964,1325.3005001005968,388.7601878036351,303.9645944242095,260.19703587813075,7.412797346242389,11.163733788603839,0.0,1.5928929175238347,0.0,0.3662558879250552,13.374177465935517,1.8865789430538513,5127.513190075051,2011.0,0.9974249482056194,0.03153139796793666,0.005137061128196722,0.02451878782589711,0.0026189467328572077,0.0066189145720888425,0.0008529187221841044,0.7095172356969336,0.0,0.29048276430306647,0.0,0.29048276430306647,0.0,0.025392939546885297
25,spinup,4.364713054583888,1.073298224000106,3.2914148305837823,3.2777316436681807,8.217554206184053e-05,6.876692367677288,0.4298386102194591,1.2245587087537073,7.28609128767419,13.122372739889757,0.003985876492322637,0.06086034328439377,0.00347962625889411,96.18937134222878,2.431986594623321,2.454311185997392,0.003911743747082765,1.293801436132412,3.5118421000819957,4.962441885527331,102.41640124628162,1319.5056665257064,391.02745817640886,306.1463872462295,262.2679811165964,7.41112940092947,10.97473250319591,0.0,1.5615650136660042,0.0,0.3717431401910294,13.469297067436168,1.8982866878303082,5195.341923952576,2005.0,0.9974394435963466,0.03153540196413467,0.005138977802559569,0.024505760357666793,0.0026191868798198124,0.006617725462102727,0.0008528840232627508,0.711385044594753,0.0,0.288614955405247,0.0,0.288614955405247,0.0,0.026474477804653236
26,spinup,4.350608373075781,1.0595858749321925,3.291022498143589,3.286110106355544,6.652434014753883e-05,6.833796009341445,0.4280065332792036,1.2230757200588596,7.297402213438377,13.228293617349633,0.0012340859519175522,0.0678783915325089,0.00326181341001788,96.37381182999496,2.4308617011695413,2.4699254114582034,0.003985494857478566,1.3069158698587855,3.5418839105065447,5.0155413782150955,101.21656322555894,1318.0464429248186,387.9247032991533,305.775631946374,264.3850799857619,7.409403251593931,10.99549188472141,0.0,1.5648151489573774,0.0,0.36107788936912055,13.383159195232203,1.8882424657777985,5256.275891593671,2003.0,0.9974594797944645,0.03154026627159716,0.0051401820908165904,0.0244970103146214,0.0026194392450164796,0.006616568367439891,0.0008528403559838122,0.7214633989914337,0.0,0.27853660100856625,0.0,0.27853660100856625,0.0,0.020000964941743637
27,spinup,4.34247881994019,1.0616851718861522,3.2807936480540376,3.250741635030214,9.017842213002278e-05,6.71408045342747,0.42093597445662606,1.2044479961534202,7.280013771369408,13.343154413468428,0.00602836596833459,0.13838113952126616,0.003956451441536094,96.60104037321231,2.43249068203997,2.4259311957041394,0.003740022998706804,1.3149670031741412,3.5618153016401317,4.474517864265163,102.56964337660285,1314.5931393239382,381.1767052803466,301.118598898057,266.68094708091104,7.410644117278198,10.888390908447107,0.0,1.545463394566386,0.0,0.3555125136296584,13.169458892065224,1.8624574986382725,5306.105942394942,1998.0,0.9974215808336726,0.03154052879975243,0.005141147347161302,0.024484995607779704,0.0026189340998881115,0.006615622238835724,0.0008529070175842042,0.7109249204836148,0.0,0.2890750795163852,0.0,0.2890750795163852,0.0,0.02589482470527552
28,spinup,4.3909575253877,1.1171698885822705,3.273787636805429,3.258054051067411,9.930694617202102e-05,6.883687489177269,0.42954148062073916,1.2284203765737645,7.30804456490465,13.433019390008715,0.0070453996390793805,0.050248366026176466,0.0033224674063795393,96.71154907774013,2.427463695055236,2.470504945768469,0.00440431497178945,1.286298484714125,3.365973658931453,5.482620066161713,103.22611423216104,1228.9536515221544,394.245302484544,307.11182536153126,268.4770773743328,7.411329774430706,11.309625931600511,0.0,1.6337237615272753,0.0,0.3828412853903812,13.468198163446322,1.897336197108086,5380.276502511438,1998.0,0.9974354894409657,0.03154617376713465,0.005142706266413711,0.024495520069435683,0.0026193941766874925,0.006615219946433954,0.0008529259821522975,0.6835224326611834,0.0,0.31647756733881666,0.0,0.31647756733881666,0.0,0.031551500853247066
29,spinup,4.382923421631907,1.1024039067404292,3.2805195148914787,3.273122522318432,8.449186258647125e-05,6.846065835384765,0.4283181564336201,1.2296471908600781,7.33117033212565,13.532365141411185,0.0033251314609312006,0.045746528970527424,0.0031210738951298308,96.903599064374,2.4258330421153937,2.481795369956092,0.004622862799693536,1.2993016418030718,3.3829469682653013,5.745421961262521,102.96271209729498,1218.3446725949711,391.54131284683797,307.4185356555272,270.4627213262812,7.408994746333472,11.020271718907527,0.0,1.591076109800515,0.0,0.3844392737346323,13.444119989956707,1.8956730506769366,5442.932723481335,1994.0,0.9974327244857601,0.0315501812812355,0.005143752049873853,0.02449370263244687,0.002619642707013832,0.006614401003713493,0.0008528940668129337,0.6998611763119339,0.0,0.30013882368806605,5.551115123125783e-17,0.30013882368806605,0.0,0.024125887232787174
30,spinup,4.37458173638954,1.0827180082808765,3.2918637281086625,3.28484017074353,8.76341404574377e-05,6.858860439255085,0.4292061493894447,1.2355241152848275,7.358587482868126,13.628288124793379,0.003498450475461803,0.056515260824115114,0.0036704147352130414,97.0789342618002,2.423477341541811,2.498983561449295,0.004804474614901705,1.2977720731153188,3.3554119880719444,6.394837495143106,102.63714801402453,1201.5843173092412,391.54080781777884,308.8877989647458,272.37993978601713,7.408112885913838,10.831497354869658,0.0,1.5723943390666202,0.0,0.3660610829440337,13.494078965600405,1.9013898260576678,5507.652611880756,1991.0,0.9974673098965798,0.031555667505652404,0.005145916801204446,0.02448745417500988,0.0026199733218353364,0.006613784842252077,0.0008529386494794066,0.698307515156177,0.0,0.3016924848438231,0.0,0.3016924848438231,0.0,0.026540224956368343
31,spinup,4.305144124693876,0.941503294648909,3.3636408300449676,3.3593005224616292,4.507116065197383e-05,6.711700116477583,0.4214103282690667,1.2200347148834232,7.3606856575760355,13.737419594479713,0.0007574364132489171,0.08776317936200394,0.004464133366946273,97.34052031974963,2.4250162722847013,2.524281700916989,0.004450265882204827,1.3601620282537354,3.494788431013094,4.54855445017004,102.72862231271897,1218.3541431643025,378.6412539332378,305.0153639891076,274.56123667895054,7.4053043178137,9.432984897121854,0.0,1.3644424680733946,0.0,0.32216823579173304,13.271198645954811,1.8748672553314356,5558.986677794971,1989.0,0.9975937240390915,0.03155732376654271,0.005147307022624058,0.024443202563498308,0.0026200361453768872,0.006611495333226443,0.0008527968632098986,0.7675432644832125,0.0,0.2324567355167874,8.326672684688674e-17,0.2324567355167874,0.0,0.014082200323418146
32,spinup,4.357259146438008,1.0922726891298284,3.2649864573081793,3.2591895189478737,9.081919428380104e-05,6.657771043288341,0.4181713518457783,1.200775982438944,7.326122620630891,13.842965162667554,0.0020171896514032824,0.04898487414349474,0.002946391374228989,97.59526700318148,2.425776533685095,2.451553651600645,0.004454011725820122,1.338368037176548,3.4536867036918286,6.5431063678095045,102.8643649665695,1209.240099245216,380.72029790007963,300.2005753483737,276.6709594651294,7.409318447552805,11.413791442154702,0.0,1.640915012593696,0.0,0.3742154036241816,13.138453082210216,1.8588090482159152,5605.100834954054,1986.0,0.997506762617293,0.03156228734440577,0.005147395686264156,0.024466277183652796,0.002620305197110584,0.006611142902507002,0.0008527752316162303,0.6826998137809219,0.0,0.31730018621907796,1.1102230246251565e-16,0.31730018621907796,0.0,0.025110429005745474
33,spinup,4.3747914436266075,1.0964957810684115,3.2782956625581963,3.271244973306408,8.826198504770852e-05,6.869503330372584,0.4300590901247096,1.2239573510970025,7.3367336236290255,13.922862816413424,0.0030752559047006875,0.05068953245103354,0.0031248699868642723,97.7028022723024,2.4211258275123373,2.4978663025317274,0.004707547025821855,1.2917661929035757,3.378034555988926,7.4365400458132385,102.48879592653985,1221.1664433424228,392.3647108191411,305.9960445368706,278.26791215112104,7.408214657475582,11.16558087304306,0.0,1.590958331550934,0.0,0.39497597176123544,13.475081337160843,1.9006416754954523,5673.632739531032,1985.0,0.9975178409078973,0.03156493198875991,0.0051484389832864835,0.024471567524675945,0.0026206394326695596,0.006610629322286043,0.0008527471341314918,0.6887180185326119,0.0,0.31128198146738806,0.0,0.31128198146738795,0.0,0.024270956983408674
34,spinup,4.349994991538603,1.0445185102304897,3.3054764813081134,3.2987742726959652,7.174192823878432e-05,6.7586216413651705,0.4245734896822988,1.2157713909528105,7.33496218182246,14.020419530721583,0.0021121830050366756,0.09144402154526393,0.003960487324126962,97.92362201699409,2.421676839833073,2.511176873400372,0.003834781195295237,1.3215408622885108,3.5808890019484245,5.240404267432122,102.5482699443028,1320.6796552075996,382.9464605235604,303.9495096452634,280.2178652455158,7.405748308103785,10.905966133208029,0.0,1.5411964276586847,0.0,0.3591789330585433,13.359412998872386,1.8879668441676714,5726.368950724617,1982.0,0.9975228261923019,0.031568813520396796,0.005149268546838202,0.02446299652448202,0.0026207888288794032,0.006609382744943998,0.000852636704511695,0.7183148244355879,0.0,0.2816851755644119,1.6653345369377348e-16,0.2816851755644119,0.0,0.02340167108735162
35,spinup,4.365972031301895,1.0693403904457015,3.296631640856193,3.283952248802801,8.059780189656011e-05,6.786894288623451,0.4259592164770382,1.2134546272350555,7.328167424269426,14.110575401779688,0.003942433173878411,0.08244990186454068,0.0031896162283338,98.10843451148087,2.420567175257453,2.5096473950946856,0.003799775408565462,1.308471219897906,3.5383607503426573,4.110054423246271,103.12468748287564,1312.0498223012062,385.64943369516544,303.3703060209507,282.0199051971014,7.40502306491712,11.151796637095142,0.0,1.5861162492721124,0.0,0.36840021572140286,13.38853385815782,1.8928611997313327,5778.7840082118255,1980.0,0.9975276904497365,0.031570961029720804,0.005150468009684066,0.02446156311466372,0.0026207481078127535,0.006608254340257352,0.0008524682391067482,0.7053156346014169,0.0,0.294684365398583,1.1102230246251565e-16,0.29468436539858306,0.0,0.025436580666760574
36,spinup,4.377077202361524,1.0699571569460737,3.30712004541545,3.2926721207090432,8.17208093177333e-05,6.832413899007961,0.42851110592061337,1.2218740111794806,7.342135546841842,14.19510503128528,0.003952842625718575,0.07849575152354057,0.003281038985600268,98.27258224458308,2.4183185026186407,2.5278940203886595,0.003913927206699037,1.3006064331080547,3.5118421000819957,4.955656989909636,102.41226579258189,1306.7768362704562,388.053278392287,305.4751981416788,283.70943189817314,7.405225870406891,10.972664369019316,0.0,1.5552088161600026,0.0,0.3737117085733846,13.477320236241306,1.9039398818164286,5837.520121079009,1979.0,0.9975393351823011,0.03157516625900617,0.005151477281613356,0.024452425212534448,0.0026209796486939777,0.00660713833441777,0.0008523247315884767,0.7072868438604537,0.0,0.2927131561395463,0.0,0.2927131561395463,0.0,0.02584166033973417
37,spinup,4.362933304151708,1.055909293626571,3.3070240105251374,3.301138332506572,6.574834547860133e-05,6.792470614972744,0.42682419319616494,1.2198864112425298,7.350124473972207,14.282561385465726,0.0011849623750598813,0.09164193369386912,0.0032109338661576677,98.46941053782052,2.41750047702448,2.5430477937417524,0.003988015727491348,1.3130568537314813,3.5418839105065447,5.009374568137638,101.2112132430075,1305.6846310530902,385.09814944246637,304.97828726624374,285.45747387406595,7.404985135453086,10.989930813523927,0.0,1.5577233743258732,0.0,0.3630120199628032,13.396320778188567,1.8937944019662327,5889.3557985618545,1979.0,0.9975561827691726,0.03157900438863662,0.005152236650966816,0.024446533038743643,0.002621210879481031,0.00660617331667041,0.0008522683160050487,0.7177548651287239,0.0,0.28224513487127617,0.0,0.28224513487127617,0.0,0.019790399050920657
38,spinup,4.353945951968582,1.0586672270139075,3.2952787249546738,3.2647516340379763,9.032084921954209e-05,6.671521071889454,0.4197539957688482,1.2004206978765262,7.327759947002214,14.376625017665624,0.00601157932273157,0.17190750000877825,0.003884343539527231,98.7084883897372,2.4194368304278995,2.4966286543879233,0.0037417374659675317,1.3218752022993014,3.5618153016401317,4.467587820651174,102.56512437691396,1301.6529502461071,378.27236129108974,300.111752260962,287.3376641486905,7.40475441564342,10.878437836139174,0.0,1.5382912577869339,0.0,0.3572395404722589,13.180619253707999,1.8674189094997398,5929.724950332981,1979.0,0.9975178954180226,0.03157762519593908,0.0051517947941157605,0.024442518212761617,0.0026210715400655175,0.006605103060347893,0.0008521662120893842,0.707377578609519,0.0,0.292622421390481,0.0,0.29262242139048095,0.0,0.025739000308779538
39,spinup,4.401979392178749,1.1144746381821982,3.2875047539965503,3.2711966878969196,9.925315603580834e-05,6.8397211622564384,0.42818740943731,1.224555157552061,7.353486678476153,14.447023413711143,0.007109457293950342,0.07431799865079369,0.0032879301442460553,98.83261231148279,2.414681905220364,2.5392594122550864,0.004407033205180722,1.292807003104662,3.365973658931453,5.476121598108267,103.22289642469032,1217.4404433171403,391.3443177318354,306.14549942635887,288.74470580127297,7.405428188800558,11.294426357756322,0.0,1.6276619570078166,0.0,0.3844424358006281,13.474922344044993,1.9017510986077593,5995.232773055262,1979.0,0.9975284879446091,0.03158193899242181,0.005152982210283593,0.02445375342735389,0.0026214579809545795,0.0066048679174555945,0.0008521635063009355,0.6794077175657948,0.0,0.3205922824342051,1.1102230246251565e-16,0.3205922824342051,0.0,0.03151893543703765
40,spinup,4.393388885284967,1.099658634478186,3.2937302508067807,3.2857507508164416,8.450708844725333e-05,6.803387740051892,0.4269691500229462,1.2256794426316677,7.374480826519967,14.528442255147937,0.0033245178395421714,0.06980246649500567,0.003166673841935367,99.03751542915077,2.4133169416494247,2.5496602186456676,0.004625971261122687,1.3056528676135224,3.3829469682653013,5.739074064251019,102.95931689683792,1207.0817862635467,388.74946566430646,306.4265768568618,290.3720353326067,7.4033877825320324,11.003377574712417,0.0,1.5847484004300192,0.0,0.3862220641360956,13.456980040407728,1.9002567149200975,6049.156571015225,1978.0,0.9975235592071385,0.031584842224375076,0.005153699519984974,0.024453313335754973,0.002621656124501376,0.0066042311503577145,0.0008521242776918145,0.6957241998599087,0.0,0.3042758001400913,0.0,0.3042758001400913,0.0,0.024137054818682002
41,spinup,4.383822758961322,1.0798908032052488,3.303931955756073,3.296634927673173,8.766305342060823e-05,6.81439371722075,0.42771270527355104,1.231437717795563,7.400274299553869,14.606459956038723,0.0034975857967208548,0.08099556199784966,0.0036600671049416035,99.22585262441076,2.4112133606300556,2.565456679058148,0.004807921234067856,1.3046520571458817,3.3554119880719444,6.38792781470419,102.63241183190436,1190.316102583904,388.66227535539076,307.86617720071985,291.9313702682353,7.402171981143737,10.815642109762383,0.0,1.5664488032950996,0.0,0.36757680774388607,13.499612409918889,1.9053419127318707,6105.294166158324,1977.0,0.9975544512134492,0.03158772091459402,0.005155309591538918,0.024446580034863562,0.0026217385922154496,0.006603490581746252,0.0008520015192905344,0.6944808165023946,0.0,0.30551918349760543,0.0,0.30551918349760543,0.0,0.026640508501442305
42,spinup,4.314133663817965,0.93788703189707,3.3762466319208952,3.3715870094106632,4.490589604028587e-05,6.6704900308728785,0.4201065191542714,1.215710975010171,7.399929296862835,14.698079951104472,0.0007322890968009406,0.11588886009671973,0.004457003790365634,99.49915751552969,2.413000486689809,2.591341521997249,0.004452895031486226,1.366881471640655,3.494788431013094,4.541896525857323,102.72420557429308,1207.1901547438415,375.9121436884812,303.93440532854993,293.7626572494441,7.399298721080516,9.433988313652982,0.0,1.3580401758757146,0.0,0.32358953786602024,13.278757578094783,1.8787726818044856,6147.848149050847,1977.0,0.997674686606147,0.03158867587091206,0.005156406657698671,0.024405500630550962,0.002621785147550692,0.006601366230309054,0.0008518685014320235,0.7651385884815479,0.0,0.2348614115184521,0.0,0.23486141151845205,0.0,0.013731255206357498
43,spinup,4.3668290230646685,1.08954919197698,3.2772798310876885,3.2710691360719304,9.089186799823878e-05,6.617701544018539,0.41696564837176503,1.196246894807504,7.362974746716459,14.786247222917817,0.0019913882373128492,0.07537804253124027,0.0029361372238271535,99.76622956823647,2.414030083629474,2.515834501247355,0.004456773477229781,1.3446191394998768,3.4536867036918286,6.53680171058366,102.86083016989096,1198.3087290945427,378.0461901544392,299.06827862305124,295.52503192832853,7.403498618666737,11.3934269576907,0.0,1.634347548535813,0.0,0.37566872862303835,13.14594324025482,1.8625448797671758,6185.124259050149,1977.0,0.9975888078231119,0.03159272223042729,0.005156228787892438,0.024429174541379862,0.0026220182673536074,0.00660116423691362,0.0008518508918074954,0.6791484432648596,0.0,0.32085155673514043,0.0,0.32085155673514043,0.0,0.025143847320143322
44,spinup,4.383979693390557,1.0941297338471756,3.289849959543381,3.282601585902337,8.824535362014104e-05,6.829204815661188,0.42870457687967783,1.2199047048768765,7.372115448441455,14.848508246632747,0.0030638678021538118,0.0752867447427439,0.0030994809600009814,99.88559281837482,2.4096143843575297,2.5608318594757282,0.004710731273601787,1.2978546517203122,3.378034555988926,7.430504674853825,102.48567945961699,1210.6741139215344,389.7295324769237,304.9828607750718,296.76947045356394,7.4025616851396805,11.157713097372309,0.0,1.5855167907748795,0.0,0.3964985860512594,13.482765496983385,1.904321625077075,6245.471565906639,1977.0,0.9975977361736792,0.031594474914701576,0.005156963566815387,0.02443571489077793,0.002622315444098831,0.006600828848694137,0.0008518312062164966,0.6852483627617868,0.0,0.31475163723821314,5.551115123125783e-17,0.31475163723821314,0.0,0.02399711188964824
45,spinup,4.359106433475898,1.0419240965938734,3.317182336882026,3.310508641217627,7.167160699781868e-05,6.720444595528755,0.4233080774851895,1.2119708761992172,7.368270411842191,14.92901169096925,0.002059202857581767,0.11671561218554215,0.003807690329696352,100.11682162131467,2.4103958360875715,2.574065892784757,0.00383647407877443,1.3275294182090347,3.5808890019484245,5.234370295211173,102.544117174716,1309.3989930193552,380.3351760806027,302.9993601316702,298.37857114721123,7.400994152268657,10.906933121915038,0.0,1.5351496562845601,0.0,0.3605532932497877,13.367221620631806,1.8915333435220223,6289.856707022535,1976.0,0.9976008546387238,0.03159709820591437,0.005157480439605821,0.0244293326305562,0.0026224498583848135,0.006599800204160055,0.0008517533946855786,0.7152107349357252,0.0,0.2847892650642747,1.1102230246251565e-16,0.2847892650642747,0.0,0.023090892159403218
46,spinup,4.375391795159754,1.0673066452643207,3.308085149895433,3.295393009843525,8.076641379911993e-05,6.749206744146605,0.4247352728294502,1.2097766764952231,7.3595947994529185,15.00176079381389,0.003909770218086699,0.10641535829631954,0.0031273230138950453,100.31202633376073,2.409519950005306,2.5713231543569925,0.0038013386867925365,1.313896564489748,3.5383607503426573,4.104645382649342,103.12139232863525,1301.0655808840029,383.09927861811116,302.45079818239606,299.83269250338924,7.40138051477485,11.149934089120283,0.0,1.580339597842329,0.0,0.369785131294078,13.394296772025164,1.8961548927785237,6333.97743675618,1976.0,0.9976043566364362,0.031598239954175114,0.005157760234342438,0.02443150509427937,0.0026226313384514746,0.006599150009155513,0.0008517090681778217,0.7022783372048403,0.0,0.2977216627951597,0.0,0.2977216627951597,0.0,0.025312639036506192
47,spinup,4.385562730401452,1.06760901705333,3.317953713348122,3.303524347694462,8.182294828062438e-05,6.7946686896007025,0.42721812907893497,1.2184198370495885,7.371289848637925,15.067946739539062,0.003950682155275506,0.09971543269573054,0.003304785568000588,100.48633925295688,2.4074886063875174,2.588362146079903,0.0039154161214552995,1.306325391766955,3.5118421000819957,4.949967285506878,102.40871983225419,1296.1316470595382,385.4926388799524,304.61163568180933,301.1555747615591,7.400621985520686,10.977737451163716,0.0,1.5496246497594335,0.0,0.3750354555613855,13.48516365631396,1.9071657601802512,6384.6529897123555,1975.0,0.9976141326913801,0.03159952806481829,0.005158400076959717,0.0244265624775565,0.002622836269427319,0.006598419824354303,0.0008516638474446456,0.7041758957177947,0.0,0.29582410428220535,0.0,0.29582410428220535,0.0,0.02580880557634829
48,spinup,4.371114401108063,1.0532474414793929,3.3178669596286703,3.311773675052015,6.5690825273392e-05,6.756508314230996,0.4255927853102508,1.216501427064784,7.377574153655507,15.138798427663517,0.0011556545992979417,0.11171813539555148,0.0032447144514212004,100.6929140793891,2.4068978868796638,2.603058660708033,0.003989504806495462,1.31882759227434,3.5418839105065447,5.003572174905678,101.20604363966739,1295.43547191878,382.6140094015697,304.13202267354234,302.5717299514058,7.39951680414632,11.000403168275344,0.0,1.5516554698694798,0.0,0.36430520104222,13.408214555270924,1.897109314743083,6428.425202941377,1975.0,0.9976289716619406,0.03160275184251173,0.005158961041254404,0.024421663275254635,0.0026230343783597053,0.0065975842512049415,0.0008516057565608938,0.7150502982568614,0.0,0.28494970174313855,5.551115123125783e-17,0.2849497017431386,0.0,0.019493251165681444
49,spinup,4.362301768755274,1.0558183592106662,3.3064834095446076,3.2755484801731756,9.052888155769725e-05,6.638934135255938,0.4187311106676943,1.1968183778639128,7.353448641462775,15.217552469148426,0.0059991949011050545,0.1984182933891084,0.003890685881925265,100.94051716246442,2.4090927202305625,2.5552568488537912,0.0037429674705197545,1.327092904732977,3.5618153016401317,4.462347878786946,102.56164634157417,1291.8441793402321,375.9635307107609,299.2111525186361,304.14591935625276,7.399597504276581,10.875530677560498,0.0,1.5312189292682505,0.0,0.35843394511598137,13.193600208329007,1.870475587216599,6460.588606660708,1974.0,0.9975901333389889,0.03160437094821446,0.005158541436681473,0.024415446265890144,0.002622974154378269,0.006596513211526071,0.0008513917990456215,0.7051966880821284,0.0,0.2948033119178716,0.0,0.29480331191787157,0.0,0.025613156049667466
50,spinup,4.4104235757398484,1.1125616395487605,3.2978619361910884,3.2812829240356716,9.94433532754457e-05,6.804146011497233,0.42694364010797337,1.2213434299681787,7.379001085905133,15.273024498388775,0.007155952983494238,0.08597643406343473,0.003210295464714675,101.07634804720803,2.4045553120059537,2.5965074420998437,0.004409369610683466,1.2982315550235386,3.365973658931453,5.470712010671112,103.22004552114673,1208.3401328774264,388.9700656337826,305.3425499314952,305.25461561604203,7.401013093431375,11.281691997654153,0.0,1.6225089906344516,0.0,0.3855392319011084,13.481586478239393,1.90446842410745,6518.609370044737,1974.0,0.997598439284447,0.03160862311722342,0.005159474713454381,0.024427631771707106,0.0026233791033375004,0.006596455965494333,0.0008514202359763755,0.6761595154595998,0.0,0.3238404845404001,5.551115123125783e-17,0.3238404845404001,0.0,0.03169126566954382
51,spinup,4.401795972059749,1.0977983481241673,3.3039976239355817,3.2959601397159632,8.480760918312439e-05,6.768448257583855,0.4257910585173604,1.222616776434235,7.398967560695156,15.338874429533165,0.0033202501421923034,0.07676507420202382,0.003067759922534645,101.29106835480181,2.403383477959359,2.6060695856237794,0.004628719362646624,1.3109316319414874,3.3829469682653013,5.733795860266716,102.9564558168079,1198.1658266776847,386.4091621625818,305.6608935254032,306.5707590319142,7.399771545837995,10.998249276509643,0.0,1.5796007759198623,0.0,0.3872593264820926,13.460379874855533,1.902616928143711,6564.936735110241,1974.0,0.9975919907129283,0.03161115104129285,0.005159965970805129,0.024428403971152722,0.002623572264812072,0.00659598181202462,0.0008514004514857735,0.6930278993483473,0.0,0.3069721006516527,0.0,0.30697210065165276,0.0,0.024099493477082286
52,spinup,4.3918157262219655,1.0779063879809418,3.3139093382410247,3.3065261246958553,8.790833822834316e-05,6.779088543141694,0.42644820581638526,1.2284814152287817,7.4240590468221255,15.401653536355008,0.00350510511269981,0.0872654382436827,0.0036416443083691274,101.48894434209922,2.40146778484219,2.6208890192612557,0.004810934410261242,1.3099621694014056,3.3554119880719444,6.382592315752227,102.62874301866356,1181.6139908203284,386.33159761577383,307.1270853597513,307.8255092694719,7.39909558867372,10.811739963816914,0.0,1.561311725168606,0.0,0.36869424472392953,13.505955652604985,1.9078517292876542,6613.66482310692,1973.0,0.9976204248838157,0.03161752875595922,0.005161210180569788,0.02442423391158318,0.002623989989103535,0.0065956352425894605,0.0008514322202961108,0.6919128145718935,0.0,0.3080871854281066,0.0,0.3080871854281066,0.0,0.026676525714787486
53,spinup,4.321608599243135,0.9350180944034273,3.3865905048397074,3.3817424408346657,4.498785971690138e-05,6.636953274773344,0.41895272888473006,1.212652645726546,7.422373178432495,15.478426284047178,0.0007244462491580245,0.12386136768405483,0.004453100651330655,101.77134875854416,2.4034513377564166,2.647262612392309,0.004455239177433574,1.372346341438654,3.494788431013094,4.536481243670145,102.7206116993325,1198.4793881523435,373.64570152919043,303.16980624930767,309.36003547711357,7.396144203519775,9.442880998065457,0.0,1.3523120709241794,0.0,0.3248961238588255,13.285996476548128,1.8813129792146457,6648.647907091244,1973.0,0.9977359832020964,0.03161791138509108,0.005162134529867222,0.024385286313403167,0.002624012612156797,0.006593626310339192,0.000851301311486342,0.7634176915700966,0.0,0.2365823084299034,0.0,0.2365823084299034,0.0,0.013633824073805255
54,spinup,4.374535944743203,1.0873466603404143,3.287189284402788,3.2808768790389777,9.11046893182174e-05,6.585298712320627,0.41590031576222425,1.1929973414634678,7.384014398257446,15.551947742814344,0.0019785869638060424,0.08072649980831859,0.0029270737611949284,102.04780919873988,2.4046885568190492,2.569392025828274,0.004459204990843753,1.3497916299235366,3.4536867036918286,6.531586660451033,102.8578613065392,1189.8202519742124,375.8358772773082,298.25587248088027,310.82967579345836,7.400466076907839,11.385536069229627,0.0,1.6289009154608167,0.0,0.3767091720751937,13.153197170463274,1.8649678095487179,6678.293847432059,1973.0,0.9976510158371439,0.0316213207070507,0.005161798053715558,0.02440922962570852,0.0026242113181731705,0.0065935480791061854,0.0008512878754526878,0.6765136250530114,0.0,0.3234863749469886,0.0,0.3234863749469886,0.0,0.02505516563441743
55,spinup,4.391681520505191,1.0922396254801607,3.2994418950250313,3.292011735951819,8.846990950841916e-05,6.796805173487187,0.42757525161746435,1.2168854591547782,7.392578105616458,15.5994632438026,0.0030703978468959395,0.0797457723527888,0.0030887966348063607,102.17600179802625,2.4004500957401085,2.613206040202302,0.004713500271430417,1.3027525080701434,3.378034555988926,7.425647971920792,102.48315635881622,1202.5800322910613,387.56328241878606,304.2280328003724,311.7793847109275,7.399646511923034,11.162509775662121,0.0,1.5812826587978162,0.0,0.39732368624871905,13.489748223376576,1.9067143455263524,6731.567571922241,1973.0,0.9976585600584271,0.03162250357991779,0.005162354951317945,0.024416441025622432,0.0026244720223531533,0.00659334477332353,0.0008512731671071513,0.6824628631572445,0.0,0.3175371368427555,5.551115123125783e-17,0.3175371368427555,0.0,0.024144055115468188
56,spinup,4.366650738563053,1.0394229906680552,3.327227747894997,3.32017691096347,7.176221006237417e-05,6.690256447213618,0.4222933777485897,1.2089959409365958,7.387565519677291,15.665846437554784,0.0020325536759221757,0.12634291033007497,0.003802934048521772,102.41447982642657,2.401415025800657,2.626291428152754,0.0038379570089546707,1.3324753761576906,3.5808890019484245,5.22939004448089,102.54067308231545,1300.796379383733,378.1929397496428,302.25561001464246,313.1062552540747,7.398155941658675,10.92177852351659,0.0,1.5298428090601512,0.0,0.3616403053741466,13.376130744610116,1.8940489570854997,6768.738015243939,1973.0,0.9976603426008127,0.03162456909237006,0.0051627139669722846,0.024411100363063445,0.0026245780107892313,0.006592435645964212,0.0008511989178988356,0.7129495499114223,0.0,0.28705045008857755,1.1102230246251565e-16,0.2870504500885776,0.0,0.023158798918422204
57,spinup,4.383056974492,1.0652233385966414,3.3178336358953584,3.3048238680512134,8.100566419716649e-05,6.719858708467493,0.42377876128489567,1.2067087645489687,7.377865295343891,15.724539442063161,0.003904081209769334,0.11760811190668903,0.0031184650141033972,102.6170101622085,2.400730327040023,2.6224548181643192,0.0038027392709147722,1.3185503242139027,3.5383607503426573,4.1000042024836105,103.11851480056953,1292.7124040295525,381.0336064828604,301.6838033849877,314.2794283336214,7.398639426200953,11.161375028981713,0.0,1.5754686624143686,0.0,0.37081286207252684,13.403043036948453,1.8985538148667476,6805.688524285828,1973.0,0.9976625843257199,0.0316252365343377,0.0051628412136445435,0.024414092101599227,0.0026247298835465173,0.006591896840602119,0.0008511577491304153,0.6999062109556875,0.0,0.3000937890443125,0.0,0.30009378904431255,0.0,0.02538961789986876
58,spinup,4.393149060941877,1.0655202966168746,3.3276287643250018,3.312773901322818,8.206905814063123e-05,6.765789253066489,0.42627085905057116,1.2154516219775922,7.3888040501420145,15.77680714514195,0.003956934415582095,0.11027926563690495,0.0032597258738179145,102.79878068089506,2.398872759900528,2.6385139912452744,0.003916953976203442,1.3109195221905996,3.5118421000819957,4.945390968559132,102.40586004711928,1288.091417317914,383.4437987062289,303.86956564926163,315.3241170187024,7.397964379028437,10.99447398771791,0.0,1.5450575947669067,0.0,0.37605896231716135,13.493445699023127,1.909512878076933,6849.416835778767,1973.0,0.997671011813805,0.03162582372141929,0.005163324527185036,0.02441033763157475,0.002624899539404091,0.006591290851783763,0.0008511249069454087,0.7020198859378165,0.0,0.29798011406218355,0.0,0.29798011406218355,0.0,0.02591177700512227
59,spinup,4.3787510301691475,1.050926317003981,3.327824713165166,3.321052123196107,6.577701201882443e-05,6.729453463201456,0.4247556655394273,1.213526083406973,7.394128394339608,15.834053852333632,0.0011346835373048378,0.1252713500755166,0.0032059971607559003,103.0121002534038,2.398453768782041,2.652873666882764,0.003991124098578988,1.322837325544126,3.5418839105065447,4.999540787479954,101.20249823016742,1287.7394950420487,380.64770147911577,303.3881704554792,316.46834061863075,7.397555259292004,11.019573914655474,0.0,1.5469528580165541,0.0,0.36520174689045537,13.416078720541758,1.899313670889223,6886.262690542164,1973.0,0.9976843107936713,0.03162805386335946,0.005163802360075448,0.024406148876143726,0.0026250868303475086,0.006590550811847961,0.0008510705968229864,0.7129495579902979,0.0,0.287050442009702,1.1102230246251565e-16,0.287050442009702,0.0,0.019544670012617595
60,spinup,4.3697669261969825,1.0534397692891202,3.3163271569078634,3.2845224822953103,9.078696998379838e-05,6.613027212654016,0.41799349889482396,1.193524021435562,7.368490851201381,15.899146800387635,0.006002181855559687,0.22443608937238768,0.003881359240711596,103.26516662733202,2.4008428658333014,2.603644921232861,0.0037441670507803375,1.331138911078926,3.5618153016401317,4.45828674919743,102.5589842134072,1284.151110861608,374.04187532323454,298.38754535988465,317.76947837658776,7.397169577378355,10.886429088954046,0.0,1.5257505435532832,0.0,0.35932237358841945,13.203357146079117,1.8726314951870835,6911.323596076443,1973.0,0.997645631116693,0.03162566332482572,0.005163128904078992,0.02440419331806388,0.0026249086814219206,0.006589682041660805,0.0008509674443057752,0.7035641172575152,0.0,0.29643588274248484,0.0,0.2964358827424848,0.0,0.025656820212986875
61,spinup,4.417531489822356,1.1107852962289697,3.306746193593386,3.2895546469561814,9.97165935837556e-05,6.777112609560233,0.4261054052320828,1.2181150599843,7.393111746698226,15.940260339464901,0.007213352660581446,0.09686827287378863,0.003170730845498191,103.4095926399776,2.3964735636367838,2.6435754934158977,0.00441109407919437,1.3022597616236307,3.365973658931453,5.466691174830222,103.21799954924543,1201.3407955287105,387.0879506388128,304.53543974543925,318.59118194484057,7.398162522718833,11.280915433376562,0.0,1.6182518409198687,0.0,0.38629074892693227,13.486222110053351,1.906180386543975,6962.834531839728,1972.0,0.9976522549306077,0.031627821577087246,0.005164167178895741,0.02441497987826398,0.0026253699940663572,0.0065895925933759855,0.0008509570980145897,0.6737702050694964,0.0,0.3262297949305036,5.551115123125783e-17,0.3262297949305036,0.0,0.03204617949237103
62,spinup,4.408942161289888,1.0958976613409206,3.3130444999489668,3.3043683235750296,8.512827708464936e-05,6.7421464434096015,0.42499254654103485,1.2195434644203988,7.412869724085222,15.99396403755541,0.0033202194656142,0.08672220900866455,0.003054562567245521,103.63144828969229,2.395456251234643,2.652495738374719,0.004630861331374361,1.3146920295244515,3.3829469682653013,5.7300357761931355,102.9544198115824,1191.3485142590962,384.5528009177398,304.8925486815092,319.6645489372672,7.397752228526179,11.003574227334346,0.0,1.5750929086819165,0.0,0.3881036148651483,13.465924640721568,1.9044131558547632,7002.611860313761,1972.0,0.9976447277871044,0.03162980521197116,0.005164506696527432,0.024416513161002195,0.0026255216653581267,0.006589212861984347,0.0008509406644670644,0.6909843390098949,0.0,0.30901566099010513,0.0,0.30901566099010513,0.0,0.02423775561451511
63,spinup,4.398341940714898,1.076142488051887,3.3221994526630105,3.314512438836165,8.830003331373117e-05,6.752086230681487,0.42558353888235806,1.225499990486867,7.437425490651614,16.043752789340907,0.0035186874555665033,0.09403372304822648,0.0036336353115623845,103.83646416571263,2.393693787662731,2.666418622712732,0.004813229146369919,1.31395859221226,3.3554119880719444,6.378578808705025,102.62597826856738,1174.8971217287815,384.4463888210271,306.3817128373405,320.6596514695725,7.396924908701326,10.815241784308332,0.0,1.5569769734499577,0.0,0.3694625226466618,13.510860605022305,1.9095073312678275,7044.9317321699855,1972.0,0.9976714421048867,0.03163313304896536,0.005165232657150898,0.02441529539102099,0.0026257265189542234,0.006588812954198411,0.0008509358498173422,0.6901343612312393,0.0,0.30986563876876067,5.551115123125783e-17,0.30986563876876067,0.0,0.02672261303677386
64,spinup,4.327483486331179,0.9325881231466164,3.3948953631845615,3.389847211168284,4.512803935218184e-05,6.611161838687026,0.4181540274347629,1.209633081802228,7.434623594264515,16.107474007803187,0.0007231942039948722,0.1322630872425851,0.004482801441274432,104.12529619716516,2.395826878519403,2.6931718588859677,0.004456812995794423,1.3764872446693814,3.494788431013094,4.5323807771750655,102.71784892408715,1191.6899153688578,371.82591219588227,302.4148987223099,321.9333088198966,7.393529119303883,9.462604987582914,0.0,1.3479355740079644,0.0,0.32563046626619335,13.291703789836234,1.8829165026887733,7073.376630764618,1972.0,0.9977833287301345,0.03163343716487339,0.0051660636344264335,0.024377469728310237,0.0026257307690055517,0.006586876761917425,0.0008507969109283564,0.7618920274168182,0.0,0.23810797258318173,1.1102230246251565e-16,0.23810797258318173,0.0,0.013815523788985517
65,spinup,4.380327901735854,1.0853044434470356,3.2950234582888185,3.288526050588093,9.13890669410088e-05,6.559469184573398,0.41508514521090156,1.1899181823782774,7.395526504543668,16.169132477082442,0.0019617509898058392,0.08790075195826257,0.002973150048925862,104.40873877320769,2.397232911477063,2.6133075990196217,0.004460858600081099,1.3541546680027987,3.4536867036918286,6.527189770759133,102.85535595298764,1182.9964186196055,374.0187979112918,297.4860658371083,323.1658355904949,7.397590923277789,11.383220073299142,0.0,1.6241796996165605,0.0,0.37750128508204217,13.161279457181731,1.8667005835114743,7096.433774672215,1972.0,0.9976990512928674,0.031636627515074706,0.0051656556106277314,0.02440099376922763,0.002625901777565859,0.0065868631058148795,0.0008507726603491902,0.6745152419916608,0.0,0.3254847580083393,0.0,0.32548475800833926,0.0,0.025061732012883767
66,spinup,4.3977419278439385,1.0906157181338083,3.3071262097101313,3.2994772843445332,8.878538781278929e-05,6.771486224014797,0.42675689393088,1.2140587929192657,7.404385250142421,16.20546912085128,0.003078423654574631,0.08468433239183998,0.0030826659555387133,104.54367042056758,2.3931402683328655,2.656187496662123,0.004715443254046049,1.3066664169669924,3.378034555988926,7.421766920522327,102.48124099292998,1196.1238211844254,385.79926000016644,303.52135075257263,323.8921024624117,7.397310397120579,11.17239573991845,0.0,1.577455401878996,0.0,0.3981384912934641,13.495457990912854,1.9083186728840587,7143.602700706026,1971.0,0.9977053824819486,0.03164020723319246,0.005166383163569153,0.024404195931104718,0.0026261160277827895,0.006586407593210051,0.0008506112281062608,0.680422844726633,0.0,0.31957715527336705,0.0,0.31957715527336705,0.0,0.024382364262489055
67,spinup,4.372764968844624,1.0373614014830634,3.33540356736156,3.327932673303757,7.197175805481574e-05,6.666412110912888,0.42154055366765963,1.206311147308572,7.399138825902448,16.260910062507453,0.0020116659897892078,0.13648533564475515,0.003800054667233586,104.78719930927342,2.394248945160556,2.669219030070684,0.0038390087395813507,1.3364076870234183,3.5808890019484245,5.225429206320021,102.5379269568304,1293.8514836444106,376.42622100179125,301.584396896116,325.00026163329755,7.396275241013521,10.942964159118338,0.0,1.5254353838066028,0.0,0.3624002771252163,13.382894719837026,1.8958040647510732,7174.575965112457,1971.0,0.9977061552464916,0.031641871468342166,0.00516663735296001,0.02439950230582933,0.0026261989147598015,0.0065856004332640085,0.0008505419332142555,0.7114765920206704,0.0,0.2885234079793295,1.1102230246251565e-16,0.28852340797932957,0.0,0.0231055157948123
68,spinup,4.389271125415754,1.0634403353628399,3.325830790052914,3.312403371263391,8.125326100653479e-05,6.696795915592876,0.42307472892154707,1.2039919356435103,7.388867734848284,16.308049378817596,0.003909993357989287,0.1285277161682085,0.003111167019478375,104.99480034008684,2.393713079050271,2.664499409274376,0.0038037376713213793,1.3222184120548657,3.5383607503426573,4.096346781671276,103.1162503056174,1285.979365952122,379.34007279622693,301.0045812715631,325.94250297435303,7.396834799224496,11.179267766333908,0.0,1.5716630792043398,0.0,0.3715964245730321,13.409815164001749,1.9002392995805844,7205.359333656601,1971.0,0.9977074720392827,0.03164216381045687,0.005166666131473384,0.024402960452410978,0.00262632313260539,0.006585158930811277,0.0008505044499661688,0.6980713879039775,0.0,0.30192861209602256,0.0,0.30192861209602256,0.0,0.025685079331931787
69,spinup,4.399295731195193,1.0638165980675212,3.335479133127671,3.320217145381151,8.237210636816713e-05,6.743457662103828,0.4255973024379258,1.2128142791603045,7.399460643115244,16.34894398511412,0.003961816318105056,0.12089912986120922,0.003253658884842473,105.18179070968874,2.391995161526477,2.6797877687070764,0.003918070771648788,1.3144267184422864,3.5118421000819957,4.941898401438717,102.40369334562494,1281.6431671752418,381.7830394933746,303.2102154934295,326.7598689379386,7.396218568115632,11.017415463568154,0.0,1.5411936445487497,0.0,0.37680390718121476,13.500423206809952,1.9111538750364807,7243.120175788142,1971.0,0.9977149404912643,0.03164241025035655,0.005167043550372807,0.024399768778362016,0.002626464130131132,0.006584648921914703,0.000850477255970643,0.7004627994601257,0.0,0.29953720053987437,0.0,0.29953720053987437,0.0,0.02595219292300933
70,spinup,4.384728253348918,1.0489579694224955,3.3357702839264234,3.3284419906949383,6.592386834072884e-05,6.707176292725106,0.4240551430285453,1.2109233269442654,7.404323597794115,16.395052928202908,0.001118556574898167,0.13815714797772272,0.003187793815576125,105.39977134341183,2.3917117891990016,2.693764788312157,0.00399233278228191,1.3264981605656805,3.5418839105065447,4.995863236861345,101.19915435991538,1281.288135056462,378.9690474104162,302.7374670778105,327.68147392511435,7.3958515168495715,11.044955156699844,0.0,1.543003861156158,0.0,0.36588476368665795,13.422143788492303,1.900881608273055,7273.997557587608,1971.0,0.9977270143522354,0.03164452468425209,0.005167355610850912,0.02439660141850372,0.002626593952745926,0.006584029815503772,0.0008504361007791905,0.7114000676134685,0.0,0.2885999323865314,5.551115123125783e-17,0.2885999323865314,0.0,0.01953793484775981
71,spinup,4.376161821888959,1.0513460870189684,3.3248157348699907,3.2919942092351038,9.100710120690912e-05,6.5926205971283185,0.41746913448096595,1.1907209214318872,7.377657779402657,16.449033568801884,0.0060085647323457675,0.2520991038511356,0.0038698442937500693,105.65573525146148,2.394254721160664,2.643385298863104,0.0037451064955569486,1.3342730862312167,3.5618153016401317,4.455138221121701,102.55690340284225,1277.9048737374958,372.442673529917,297.68675499917725,328.76050344513976,7.395855557916822,10.90638421548708,0.0,1.5212258883884548,0.0,0.3599572812164995,13.208678850419965,1.8740610906186679,7292.953206223229,1971.0,0.9976882961840705,0.031642089473154555,0.00516657257543556,0.024395520653305795,0.002626378285722722,0.00658326139717791,0.0008503395283631106,0.7022787894620409,0.0,0.297721210537959,5.551115123125783e-17,0.297721210537959,0.0,0.02573823389524254
72,spinup,4.423700976964181,1.109293277640602,3.3144076993235787,3.2965984548205944,0.00010008130212678153,6.755953967162174,0.4254910667958881,1.2154491885954617,7.401966845606916,16.479031389820328,0.007258874385308217,0.11048176606860341,0.003164114569335223,105.80646467311394,2.3900150117723276,2.6823798748985705,0.0044126297770899865,1.305355130074207,3.365973658931453,5.463602984183594,103.21642306319814,1195.6730610614225,385.5614525910786,303.8689572903951,329.3600286442082,7.396853528947706,11.288097337063595,0.0,1.6148373357365178,0.0,0.3868990745185938,13.492126425920603,1.907490474207691,7338.895011969911,1971.0,0.9976940183788727,0.03164499925335622,0.005167185413774832,0.024408522663814394,0.0026266779240542845,0.00658337575687623,0.0008503731716373746,0.6718550076831148,0.0,0.3281449923168853,0.0,0.3281449923168853,0.0,0.03234972350143317
73,spinup,4.414621587688088,1.0943084130656733,3.3203131746224144,3.311188991648911,8.543785892321504e-05,6.72156233881452,0.4244256923645512,1.216901967039645,7.420984589654233,16.521457012589234,0.003323346756000099,0.09824824986662792,0.0030486235403229594,106.03356423758486,2.3891196845252094,2.690701554408702,0.004632480953561023,1.3178544629523647,3.3829469682653013,5.726874264477192,102.95269023650411,1185.8379589673218,383.05002005723264,304.23215986204525,330.20797326842273,7.396061583544768,11.014651636648594,0.0,1.5715574458426391,0.0,0.38868726189413155,13.471641832869846,1.9056109180134784,7373.047927555048,1971.0,0.9976856904350004,0.03164664762977552,0.00516742635437306,0.02441038063383523,0.0026268005190523153,0.006583077635278192,0.0008503629873342394,0.689427186271634,0.0,0.310572813728366,0.0,0.310572813728366,0.0,0.02437445918390039
74,spinup,4.4038189973138016,1.0744498492723704,3.329369148041431,3.321128785780418,8.854528292015815e-05,6.731770358927706,0.42500162636717453,1.2228902694798764,7.445375026604388,16.560943298670754,0.0035237555225935747,0.10526256572531162,0.0036284790784190664,106.24370397428235,2.387478218569278,2.7039389150407467,0.004815017616165192,1.317032355217646,3.3554119880719444,6.375490491318572,102.62383292050704,1169.5622790381203,382.9699298951293,305.7292682854384,330.99715219066286,7.395282502088333,10.8262247123209,0.0,1.5534346981569636,0.0,0.3700659812073456,13.51650870892945,1.9106554952802397,7409.877039473175,1971.0,0.9977110024678203,0.03164971606307679,0.005168054279909413,0.024409599066250214,0.0026269752503566453,0.006582756939147364,0.0008503648174477327,0.6885645267542595,0.0,0.3114354732457405,0.0,0.3114354732457405,0.0,0.027000847284677353
75,spinup,4.33274389173678,0.9304957236894982,3.402248168047282,3.3966109495767194,4.5300839166540465e-05,6.591585505267862,0.41763924620726534,1.2069704613078933,7.442039642870396,16.614632374564252,0.0007144670118494374,0.14612976571300101,0.0044513657205677015,106.53719854409205,2.3897368546021025,2.730944951558641,0.004458168370253505,1.3797058610586905,3.494788431013094,4.5291895574233045,102.71573620405107,1186.2377583702403,370.3521623001162,301.74922900870496,332.0702901146976,7.391892691597852,9.487921667678796,0.0,1.3439679118613281,0.0,0.32615269848731254,13.296915557466079,1.8840178329297061,7432.714002376995,1971.0,0.9978202486618313,0.03164960368404304,0.005168768053319009,0.024373254989852575,0.0026269640835689606,0.006580916990028109,0.000850244296717031,0.7611658576486032,0.0,0.23883414235139672,5.551115123125783e-17,0.23883414235139672,0.0,0.01355300373041255
76,spinup,4.385983585377937,1.083583842780437,3.3023997425975007,3.2952748786964,9.158191804330682e-05,6.541580314149887,0.4147161472695587,1.1871776661406914,7.4021442311117776,16.66613648723514,0.001959217973391931,0.1006893218636998,0.0029152212819656435,106.82527823947292,2.391266916314703,2.6495603892300466,0.004462277361703078,1.3567642278659984,3.4536867036918286,6.524555308095515,102.85386315920982,1177.831808110685,372.64510926484513,296.8009217608552,333.0998553887765,7.396350852169939,11.390750739121437,0.0,1.6206752627419294,0.0,0.3779553249592697,13.164130734330588,1.8675574109533608,7450.149273153851,1971.0,0.9977367280944606,0.031652283028852174,0.005168250498860184,0.024397226610618043,0.002627103340519789,0.006581001026203988,0.0008502393818029282,0.6729747145418468,0.0,0.3270252854581532,5.551115123125783e-17,0.3270252854581532,0.0,0.025159203469375543
77,spinup,4.403075416758571,1.0889191581397824,3.3141562586187887,3.305832788718819,8.89942517032206e-05,6.75331653593486,0.42635090181800134,1.2113644597052085,7.410279915932594,16.691573439914038,0.0030759446070141054,0.09707762008845224,0.0030749704468659373,106.96467176976599,2.3872805983286627,2.691524050655694,0.00471706757542072,1.3092684061402273,3.378034555988926,7.419188133472732,102.47986051612664,1191.089220432834,384.41863904140797,302.8477526852651,333.6082629299373,7.395660388293733,11.188800178588643,0.0,1.5742641404789162,0.0,0.3986676044746962,13.500153655174362,1.9092864064639923,7492.079918291075,1971.0,0.9977425176211066,0.03165283493595657,0.005168602518140483,0.024405048389082744,0.002627301333377907,0.006580965659947841,0.0008502328135953486,0.678892091973119,0.0,0.321107908026881,5.551115123125783e-17,0.321107908026881,0.0,0.02450816337158119
78,spinup,4.377802500777556,1.0352414975645188,3.342561003213038,3.334253687202435,7.206562095336729e-05,6.649331043314405,0.42119880163847145,1.203591680790996,7.404061730426619,16.736754987055647,0.0019911252196189895,0.15632170006288484,0.003799119828358722,107.21124495243572,2.3885051418392695,2.7042785157829807,0.0038397624412823445,1.339122638815941,3.5808890019484245,5.22269556996933,102.53602524540375,1288.3956496127587,375.0318807288516,300.9045153652091,334.5113615978089,7.394242604403454,10.971198830690156,0.0,1.5216755020310666,0.0,0.36292511777248837,13.388236636918569,1.8967898916722157,7517.689989512304,1971.0,0.9977425615322069,0.03165428931316275,0.00516876669748304,0.0244008514705151,0.0026273583218400084,0.0065802250426299416,0.0008501683481417419,0.7102985912498528,0.0,0.28970140875014727,0.0,0.28970140875014727,0.0,0.023130081420159185
79,spinup,4.394489916177274,1.0616290384322282,3.332860877745046,3.3186178945652154,8.141718867662414e-05,6.680888936995565,0.42281314464993297,1.2012068672844307,7.393212447965964,16.774394984082736,0.003909142422592614,0.15190409299984298,0.00310662042290406,107.42188896344241,2.3880918153167587,2.6988149923730584,0.0038044523038184485,1.324621719170864,3.5383607503426573,4.093948671541666,103.11477031516058,1280.7693495492044,378.0413919217898,300.30829892081005,335.2637336228626,7.394841937788098,11.204124641880886,0.0,1.5681343867926045,0.0,0.37211533145027775,13.41548524433038,1.9011979654465474,7543.164743154399,1971.0,0.9977432920276448,0.03165436558192493,0.0051687198656198505,0.024404683821987835,0.0026274515709037998,0.00657985004751304,0.0008501334151041336,0.6968046055623909,0.0,0.303195394437609,1.1102230246251565e-16,0.30319539443760907,0.0,0.02542789788249859
80,spinup,4.40435454433342,1.0619884155804522,3.342366128752967,3.3263219934303287,8.250972233267767e-05,6.727915367554457,0.4253342206913836,1.2100812200700173,7.403487207868407,16.80592947563473,0.003963545843187809,0.14615199502155957,0.0032502305864029286,107.61222197146,2.3864836861854903,2.7134613756032864,0.003918878077462612,1.3167975367865972,3.5118421000819957,4.939538585895365,102.40220641555548,1276.6084231716743,380.50172634878015,302.5269357448631,335.8940119572071,7.394256015231599,11.045891547471344,0.0,1.5378551181030056,0.0,0.3773142793814337,13.50608659278377,1.9121040474029716,7575.796503582577,1971.0,0.9977499495539954,0.031654422499316645,0.005169014917534638,0.024401934408775208,0.002627565705175733,0.006579408877362364,0.0008501108106515853,0.6991449577958598,0.0,0.30085504220414006,1.1102230246251565e-16,0.30085504220414006,0.0,0.026091526274284
81,spinup,4.389665412268507,1.0470449179643275,3.3426204943041795,3.334477386786168,6.603264154321194e-05,6.692297434436799,0.4238352625799305,1.2081837559834994,7.407940909913368,16.8429405683202,0.0010992913507256426,0.16860087556824288,0.0031850153598680965,107.83297867635632,2.3863127828375283,2.7271267150300145,0.003993212583157705,1.3288105555868512,3.5418839105065447,4.993539283222336,101.19706472809241,1276.398298800653,377.69898107740755,302.05255932594224,336.63377166282214,7.393916469647298,11.077638810720202,0.0,1.5395482023301565,0.0,0.36633894266118394,13.427728065551232,1.901800485630575,7601.546579770134,1971.0,0.9977611733006988,0.03165630708273037,0.0051692506849687365,0.024399147837675862,0.002627668597039102,0.006578860476728017,0.0008500737527038344,0.7103633251222767,0.0,0.28963667487772327,0.0,0.28963667487772327,0.0,0.01947153950816689
82,spinup,4.381236192902217,1.0493264736472907,3.331909719254927,3.2979810273082837,9.112861673799626e-05,6.578476751031161,0.4173011379676452,1.1878943972756466,7.380583082887534,16.887998011743758,0.006007782196912017,0.3000953842136422,0.0038686263025194964,108.09001185518426,2.388983028697155,2.675788010622809,0.0037457916500567325,1.336422127117373,3.5618153016401317,4.452980384095819,102.55547771101097,1273.0733620758779,371.19553210787933,296.98010847197406,337.53444761630556,7.393947137833986,10.929983037563257,0.0,1.517191428408235,0.0,0.3603984667619519,13.214511822103304,1.8749429784681961,7615.264281429544,1971.0,0.9977223499788237,0.03165372370412515,0.005168413235643938,0.02439850845613701,0.002627439675897739,0.0065781664173155275,0.0008499787324062786,0.7014932412290279,0.0,0.2985067587709721,0.0,0.29850675877097205,0.0,0.025843394548912196
83,spinup,4.428707691060737,1.1079172995697635,3.320790391490974,3.3022771329971303,0.00010037563921246036,6.7411650264178595,0.42524119164148655,1.2127891575677348,7.404766160669157,16.909076804518282,0.007300171071199448,0.14192274582773998,0.003160235611466112,108.24556215148715,2.384848854508039,2.7140124441066895,0.004413774782067199,1.3074693800587411,3.365973658931453,5.461493087248409,103.21534068316643,1191.3401644759124,384.39252645465064,303.2039349576314,337.95570102779527,7.39499636744706,11.300981884873782,0.0,1.6119496318516269,0.0,0.3873488370575338,13.497224862698484,1.9083118195956739,7656.414519560476,1971.0,0.9977271866847279,0.03165630836959952,0.005168948754577421,0.024411533127488238,0.002627715892672214,0.00657836735111611,0.000850017736700909,0.670404969484045,0.0,0.329595030515955,0.0,0.329595030515955,0.0,0.03260316137462407
84,spinup,4.419452082168321,1.0929630010229612,3.3264890811453593,3.3168408696188005,8.574412749253584e-05,6.706935153262269,0.4241578466606696,1.214409444276137,7.423698976414124,16.942950397192128,0.0033310502789775736,0.12638284390396445,0.0030448501084167135,108.47630666930738,2.384053587744895,2.7219293627741346,0.004633801220555596,1.3199998692703776,3.3829469682653013,5.724730138292645,102.95152323712908,1181.625360164867,381.8873411932605,303.6090155132099,338.63270925328567,7.394246135118445,11.029096852678338,0.0,1.568394495156772,0.0,0.38916189460288975,13.476984273827908,1.9064461093176677,7685.757161381984,1971.0,0.9977183101587164,0.031657682266060944,0.005169125870716406,0.024413555483053188,0.0026278155967843736,0.006578148087394221,0.000850013259252536,0.6884014241784205,0.0,0.3115985758215795,0.0,0.3115985758215795,0.0,0.024419152586791112
85,spinup,4.408334217488084,1.0730583163896648,3.3352759010984205,3.326567131361621,8.878700501492968e-05,6.71690582100102,0.4246819749362131,1.2204959866930534,7.448162871289391,16.97405749740231,0.00353222400807439,0.13210270609212305,0.0036250898696983213,108.69009520027781,2.3825169787014735,2.734617045851068,0.004816462368845996,1.319263196068985,3.3554119880719444,6.373249646389352,102.62226309069243,1165.4749892200384,381.8102405384277,305.1306844690873,339.2544061264903,7.393504810897179,10.841232197214797,0.0,1.5503053039803705,0.0,0.37049924503734477,13.521675643818131,1.9114142744575688,7717.885629112335,1971.0,0.9977424738304687,0.03166049871659192,0.005169683002919848,0.024412976748835087,0.0026279646502760617,0.006577895623252077,0.0008500200188885492,0.6873777470337261,0.0,0.31262225296627383,5.551115123125783e-17,0.31262225296627394,0.0,0.027105426807953595
86,spinup,4.336730062835637,0.9287261833175912,3.408003879518047,3.4020536047929455,4.5405390396661155e-05,6.576564567995504,0.4173115542668537,1.2046227787411865,7.4446700822857075,17.019629037537022,0.0006996963433210702,0.17511620621836774,0.004452458222483829,108.9868365034308,2.3848719814881694,2.7618306498116723,0.0044592666477592125,1.3822499614836707,3.494788431013094,4.5266699495873155,102.71402334735204,1181.9928054110462,369.15700147366516,301.1622955027323,340.1652924545315,7.390139793553459,9.516335960043431,0.0,1.3407288164151132,0.0,0.3264924942813691,13.301041298156173,1.884728359023757,7735.92521235765,1971.0,0.9978494056312959,0.0316602008791504,0.005170354308366687,0.024377389660981467,0.0026279374977523856,0.006576124312326346,0.0008499012122999711,0.7603194636433908,0.0,0.2396805363566091,1.3877787807814457e-16,0.23968053635660905,0.0,0.013572541454601737
87,spinup,4.390144673064124,1.0821968593403752,3.307947813723749,3.300566618775323,9.181383152892294e-05,6.526690457722137,0.4143646011999098,1.1848748408617507,7.404495977198152,17.063133845164575,0.0019390816017393596,0.12763865413968623,0.002911004652413892,109.27807080397055,2.386508653059738,2.679097954206109,0.004463414177225755,1.3592257813501032,3.4536867036918286,6.522072633872185,102.85243825622416,1173.644384956501,371.46079276108424,296.22520282262286,341.0349696414626,7.394645963431071,11.402538024863487,0.0,1.617570492500542,0.0,0.37833569861867467,13.168781909267324,1.8682416266645863,7748.528399218443,1971.0,0.9977663757612808,0.031662563082207315,0.0051697893765624316,0.024401211602774642,0.0026280578839858737,0.006576283115093024,0.0008499004171914723,0.6719344092731027,0.0,0.3280655907268973,5.551115123125783e-17,0.3280655907268973,0.0,0.025019749291054955
88,spinup,4.407192974652236,1.0876282467655345,3.3195647278867013,3.310934183148837,8.921473962190938e-05,6.738499680283808,0.42599251415168016,1.2091916938608807,7.412710787176945,17.08056021004842,0.003075754950029754,0.12118737196071343,0.0030700006959951814,109.42064628382391,2.382611344631055,2.7203822002870677,0.004718367714968772,1.3115756217654644,3.378034555988926,7.416900561605926,102.47866336756393,1187.1008851065585,383.2585749817339,302.3045493183559,341.38326259839715,7.394001356304829,11.209178301271013,0.0,1.5717010157000755,0.0,0.3990809145377996,13.504582775449396,1.9099649818928819,7785.973525207869,1971.0,0.9977715871276005,0.03166287298845509,0.005170094041771128,0.024409137233743994,0.002628232558605531,0.006576326363044341,0.0008498976635788316,0.6776108078841884,0.0,0.3223891921158117,0.0,0.3223891921158117,0.0,0.02472347014168553
89,spinup,4.382161650723396,1.0337060205232957,3.3484556302001005,3.33954610838129,7.221799060627124e-05,6.635845489029117,0.4209121714008909,1.2014964477263663,7.406256136914993,17.118035775317907,0.0019858965157634077,0.1867389384728128,0.0037984538970344327,109.66864971405806,2.3839297441573915,2.733020291038004,0.0038404251190412176,1.3412546860243524,3.5808890019484245,5.220546391450991,102.53455928091208,1284.1691924221798,373.86506622484217,300.38069561807094,342.13233596092397,7.3926110202472985,11.00635461404481,0.0,1.5184965027061987,0.0,0.3633405538617337,13.394062528069494,1.897571563605668,7807.021346834167,1971.0,0.9977711097187142,0.03166410287033364,0.005170214900440428,0.024405192850342733,0.0026282730668133352,0.006575659523238082,0.000849835559565716,0.7095379756541227,0.0,0.29046202434587737,0.0,0.29046202434587737,0.0,0.022642475851953302
90,spinup,4.398907951838941,1.0602734457566392,3.3386345060823026,3.3237838798474137,8.16261632446948e-05,6.667594328112495,0.42251918006668343,1.1991141380226253,7.395269760904799,17.14803961407592,0.003919357245610388,0.18399587716571358,0.003102111910926703,109.88082940478107,2.3836116938979752,2.7269219725005347,0.0038050780613772626,1.3266470867203441,3.5383607503426573,4.091928533455721,103.11352019494161,1276.6329199932331,376.90845381910077,299.7851051380978,342.7320780318765,7.393255088894188,11.233953180213614,0.0,1.5654379045737574,0.0,0.372542406950229,13.421329050430371,1.9019569513168806,7827.964145125984,1971.0,0.9977712940864294,0.03166394581151957,0.00517011976605638,0.02440917764052198,0.0026283526046790903,0.00657536165918703,0.000849803953501824,0.6958250801059559,0.0,0.304174919894044,1.1102230246251565e-16,0.30417491989404405,0.0,0.025334057377313927
91,spinup,4.408713071495426,1.060591282912476,3.3481217885829504,3.3313682468155705,8.271734591722896e-05,6.714450122021879,0.42501189510296905,1.208061315325884,7.405543714693082,17.172058768042522,0.003974851623788238,0.17886119625994276,0.003246513780667357,110.07311700218615,2.3820911231591584,2.741025316315232,0.003919574035347091,1.3188316700228713,3.5118421000819957,4.93751259869169,102.40094080669058,1272.551912752085,379.3718465412335,302.02194849061596,343.2121409839568,7.392708478458283,11.078869168888932,0.0,1.535140392419628,0.0,0.3776896598706135,13.511411777545232,1.9128310736786882,7856.212585258841,1971.0,0.9977772907560967,0.03166378941221401,0.005170366516887551,0.024406664705859483,0.0026284526319863585,0.0065749986749162465,0.0008497846705445627,0.698221964018416,0.0,0.30177803598158404,0.0,0.3017780359815841,0.0,0.025989833358225585
92,spinup,4.394046411943994,1.045519480198329,3.3485269317456643,3.33949428512582,6.61651398465199e-05,6.67945983116605,0.4235396002894482,1.2061541911427467,7.409863855546497,17.201762669925785,0.0011085525854473478,0.20543423715631395,0.003181754316972077,110.29517528259012,2.3820110074526215,2.7544179456026474,0.003993965413967576,1.3307135620991892,3.5418839105065447,4.991627159152769,101.19537315250032,1272.461039894085,376.5739024270623,301.5451569946071,343.8058460757402,7.392407028518571,11.114501309942519,0.0,1.536709608141558,0.0,0.36671577787444387,13.43332757565987,1.9025233460995397,7877.581187246872,1971.0,0.9977878193096276,0.03166546033870227,0.005170549441662742,0.02440407825925458,0.0026285413719317027,0.006574518673293495,0.0008497501471599675,0.7095502128302165,0.0,0.2904497871697836,0.0,0.2904497871697836,0.0,0.01935585527789744
93,spinup,4.385488768143063,1.047384692612865,3.3381040755301985,3.302866696782482,9.12417856450127e-05,6.566218770989889,0.41705001055785573,1.1857026566392344,7.382007651687899,17.23961008027508,0.0060059448291785635,0.3548669386561349,0.003866698679646915,110.55194462115222,2.384785789170187,2.7022399873797553,0.0037463896743399486,1.3382778689430919,3.5618153016401317,4.451117933518054,102.554257735455,1269.1644612802131,370.0784370346252,296.43216130306996,344.56241038712415,7.39246479893289,10.956258381488524,0.0,1.5138557009843612,0.0,0.3607191145970349,13.219904455583073,1.8756052942792427,7886.821979286366,1971.0,0.9977489326199394,0.03166279152983058,0.005169669902047432,0.024403752686286806,0.0026283011956718064,0.006573884493613532,0.0008496551115780939,0.7008994288526267,0.0,0.2991005711473733,0.0,0.2991005711473734,0.0,0.02554850947653871
94,spinup,4.433166297948861,1.1067081735667337,3.326458124382127,3.3069869664980702,0.00010064560201301062,6.729017963630392,0.4249825159846285,1.2106741397676895,7.40602540004433,17.253514006353672,0.007330783923917428,0.17839003812871443,0.0031564602221784274,110.71105237127763,2.380737169362107,2.739861099151245,0.0044147529384334664,1.3090908220115707,3.365973658931453,5.459873061707252,103.21453358457772,1187.8725590109773,383.3994986297986,302.6751689182274,344.8402541451236,7.393554868667794,11.318133273336965,0.0,1.609585741525588,0.0,0.3877028568536449,13.502389507331856,1.9089427122457538,7923.874853100842,1971.0,0.9977532344270228,0.031665134432492366,0.005170154705033094,0.024416770281835014,0.002628559451916617,0.006574165323960025,0.0008496976877248701,0.6693926571573554,0.0,0.33060734284264454,5.551115123125783e-17,0.33060734284264454,0.0,0.032453838552722845
95,spinup,4.423361936661517,1.0917632235747825,3.3315987130867355,3.321449898164953,8.598073280502878e-05,6.694649657496686,0.42385886345008755,1.2123662714944528,7.424972849305044,17.28049396862643,0.003345430103619124,0.15868567290258087,0.0030414100427445154,110.94422743702367,2.380021370298217,2.7473982210882584,0.004634922150782671,1.3218242369857303,3.3829469682653013,5.722908989069401,102.95052571718965,1178.2176127344085,380.8681314838769,303.0982111220761,345.37947353141783,7.392839922761924,11.048066487069278,0.0,1.5659434215356436,0.0,0.3895047218973058,13.481895226856505,1.9070487875051922,7949.107639205296,1971.0,0.9977438408769155,0.03166625394079778,0.005170290867864991,0.024418844393782814,0.0026286436007035862,0.006574022159886812,0.0008496984352023018,0.6875292213770395,0.0,0.3124707786229604,5.551115123125783e-17,0.3124707786229604,0.0,0.024429871397202062
96,spinup,4.412167900513223,1.0719490014464386,3.3402188990667843,3.3310470945576225,8.908505089415832e-05,6.704451008360655,0.4243564654687423,1.2185746174045131,7.4495382757715785,17.304868503963867,0.003535873957957877,0.16149164659114884,0.0036222091151976057,111.16040263594518,2.3785637723130124,2.759638304588252,0.004817679073538299,1.3210779517416784,3.3554119880719444,6.371426146293708,102.62100500142579,1162.1626059580715,380.8011904936601,304.65033161867063,345.86660068004244,7.392137276145592,10.859092672132357,0.0,1.547848976663377,0.0,0.3708231827208561,13.526332118022886,1.911967138252365,7977.217388550875,1971.0,0.9977672005845719,0.03166881273323273,0.005170807677010468,0.02441832801925592,0.0026287753333175297,0.006573840146425235,0.0008497096513232331,0.6865158275775005,0.0,0.3134841724224995,0.0,0.31348417242249943,0.0,0.02719744207148072
97,spinup,4.3404762798710115,0.9273654678844141,3.413110811986597,3.4066272086828358,4.555114853811169e-05,6.564522079309025,0.4170023735675351,1.2027532651142945,7.446020600554739,17.34392293145648,0.0007111643162855084,0.20695395680335768,0.004453230517790133,111.45896961901387,2.3809989218768965,2.787106544894392,0.004460196122071491,1.3841055794077572,3.494788431013094,4.5248319080122865,102.71279648000646,1178.6462024067146,368.15826735940715,300.6949068518745,346.64722405472696,7.388797561987093,9.550952702473321,0.0,1.3381158149646766,0.0,0.3267708322773172,13.305808918340333,1.885254625358129,7991.179295285183,1971.0,0.9978724234257044,0.03166837036931269,0.005171433293586427,0.024383227301238864,0.0026287397838149866,0.006572118494710316,0.0008495933637716706,0.759702689294367,0.0,0.24029731070563304,0.0,0.24029731070563298,0.0,0.013466961514157098
98,spinup,4.393703047716733,1.0809320909975946,3.312770956719138,3.304932261898342,9.203361670117875e-05,6.514621731454517,0.4140447268936655,1.1830526642722858,7.405697573030159,17.380981096400895,0.0019274377058580107,0.1571640765871074,0.0029071887841651835,111.75222030676736,2.3827172752315855,2.7032567702581347,0.0044643852059984,1.3611415625827132,3.4536867036918286,6.520142186478403,102.85133868093703,1170.300060783478,370.4517092437689,295.7696486905085,347.38804717018706,7.393351466358743,11.416080919750158,0.0,1.615150461318473,0.0,0.378650305401052,13.173335919905774,1.8687388635822115,7999.667496174889,1971.0,0.9977897187351641,0.031670501713754545,0.005170853994322579,0.024406916418325972,0.002628839178072521,0.006572346834473452,0.0008495958727182689,0.6710496786805292,0.0,0.3289503213194708,0.0,0.3289503213194707,0.0,0.025040848433099342
99,spinup,4.410861332842656,1.0866961860774522,3.3241651467652034,3.3151672699337946,8.949268691954332e-05,6.726148254473031,0.42564405492187474,1.2075106933490478,7.4140760956115255,17.39200934573795,0.003079199816576193,0.14783877478754837,0.0030654981042871165,111.8968722515229,2.3788885080504545,2.7439958319028785,0.004719476246762135,1.3133922405559642,3.378034555988926,7.415099365065382,102.47770880505468,1183.8540606510066,382.26991373635383,301.88428997923404,347.6084551528482,7.392741635049476,11.232112169040441,0.0,1.5695982669084627,0.0,0.39939551663288825,13.508952322779571,1.9104552090283673,8033.291080734088,1971.0,0.9977944714870564,0.031670627251212044,0.005171114515624161,0.024414787130020113,0.00262900251392847,0.006572448466969642,0.0008495975835599021,0.6767612333163795,0.0,0.32323876668362056,0.0,0.32323876668362056,0.0,0.02483198487105816
100,spinup,4.385586825761475,1.0322462144699147,3.3533406112915616,3.3438312672899144,7.233408608780673e-05,6.624208805686329,0.42059515791083285,1.199850826611535,7.407534875180968,17.423317946167106,0.001968582874003762,0.2201540180042967,0.0037979146236892707,112.14529132371072,2.3802817916681636,2.756447798828218,0.0038410072641051306,1.343156806077613,3.5808890019484245,5.21863135812536,102.53322486643223,1280.6852537367072,372.8226626729248,299.9692813220634,348.23426442996004,7.391375857453783,11.042481786491228,0.0,1.5159197750348279,0.0,0.3636261534325776,13.399045842596484,1.8981004305921934,8050.43834732763,1971.0,0.9977935286515431,0.03167168804616759,0.005171207709277768,0.0244110056539777,0.0026290259323432166,0.006571837883229278,0.0008495367436151245,0.7089424247072179,0.0,0.2910575752927821,0.0,0.2910575752927821,0.0,0.02254178209919576
101,spinup,4.40257377906757,1.0589674120757453,3.3436063669918243,3.3279795037051763,8.17917252267127e-05,6.656535683065282,0.42224420841609417,1.197424432277924,7.396326423765464,17.44720022578246,0.003919449902217921,0.21749812559766898,0.0030975800353649574,112.35807172468073,2.3800433803302528,2.7498107984331637,0.00380562767947457,1.3283081924435736,3.5383607503426573,4.090270946908739,103.11250057520739,1273.2585471980597,375.91393226893433,299.36266944305777,348.71165034826043,7.3920513537941215,11.26505833962896,0.0,1.5631202228455396,0.0,0.3728518086621506,13.426364204041782,1.9024694595520444,8067.509743664299,1971.0,0.9977933320441909,0.03167138291774804,0.0051710912053157055,0.024415119362316388,0.002629088378839869,0.006571603205919649,0.0008495068555736962,0.695075684685525,0.0,0.304924315314475,0.0,0.304924315314475,0.0,0.02506567647742364
102,spinup,4.412268223510432,1.0592883363820964,3.3529798871283347,3.3355054917575013,8.287132281824565e-05,6.703593309444466,0.424738260751806,1.206411277724236,7.406531026671185,17.465179659651213,0.0039761870913697,0.21170867971775756,0.0032433730153047153,112.5512739238423,2.378589621925812,2.76349924990399,0.003920180711304488,1.320469117356687,3.5118421000819957,4.9358835876338665,102.39990527628733,1269.262273619118,378.4018029563234,301.6094300487038,349.0709925156828,7.391530647897923,11.11312595986776,0.0,1.5330400579730068,0.0,0.3779695540509059,13.516322505333271,1.9133479336539605,8092.024130448559,1971.0,0.9977988411848903,0.0316710682652037,0.005171307325988113,0.024412772569635713,0.002629174740573981,0.006571306873311682,0.0008494902460531857,0.6975069311418335,0.0,0.3024930688581664,1.1102230246251565e-16,0.3024930688581665,0.0,0.025688454074733406
103,spinup,4.397646548471702,1.0440212439884553,3.3536253044832467,3.343624531261666,6.622940593765768e-05,6.669244939533983,0.42330235649722137,1.204490639464482,7.410631645259009,17.489004884789683,0.001088883644791526,0.24205577773133208,0.0031793675506731883,112.77374763358831,2.37858327704566,2.7767076591840327,0.003994613538954915,1.3322039600545967,3.5418839105065447,4.990126771316599,101.19403160265954,1269.2875582513996,375.62585223318763,301.12925995948956,349.5471961429574,7.391246008294479,11.153899339227786,0.0,1.5343530203507683,0.0,0.3670100090315113,13.43847073331234,1.9030638766399353,8109.6683488640165,1971.0,0.9978088673627968,0.03167256949153353,0.005171462145797028,0.02441036535703163,0.002629247123933279,0.006570895954329095,0.0008494581515162614,0.7089601083216718,0.0,0.29103989167832817,5.551115123125783e-17,0.29103989167832817,0.0,0.01923743532560767
104,spinup,4.389392016833172,1.0456091842598123,3.3437828325733596,3.3069863891128115,9.127655810003266e-05,6.557323141799777,0.41691888226068247,1.1838305684056236,7.382218970975581,17.52103263755549,0.005995101609050237,0.4086527544689177,0.003864527764368003,113.02922927521794,2.3814448516058624,2.723861528671802,0.0037469061432661875,1.339426932092516,3.5618153016401317,4.449962596268134,102.55348612081235,1266.130930022048,369.1653385470088,295.9641289864248,350.18743957763616,7.391316053950662,10.98446771027954,0.0,1.511048906228146,0.0,0.36098893967812246,13.225548998984314,1.8761211756766296,8115.107045179651,1971.0,0.9977700572418343,0.03166983371491954,0.005170553811158209,0.024410313812350506,0.0026289918749005615,0.00657031774481109,0.0008493636944122281,0.700580435941851,0.0,0.2994195640581489,5.551115123125783e-17,0.2994195640581489,0.0,0.02535573795113411
105,spinup,4.437057290450251,1.105515507101683,3.331541783348568,3.3109171501450936,0.00010080372507538534,6.7200570754864435,0.42483778566511676,1.2088289553413731,7.406021694175735,17.529137687631952,0.007355509989985992,0.2123501465182066,0.0031533528492770717,113.1909712040381,2.3774658679260083,2.7609613387764935,0.004415584758024538,1.3101705648764794,3.365973658931453,5.458795173394247,103.21399033063265,1185.1677149015322,382.5895258186264,302.2138627008272,350.34937690350085,7.392433155116512,11.338624455504917,0.0,1.6076608883344146,0.0,0.3879682398783212,13.507357562187472,1.9094195150074262,8148.6689468402865,1971.0,0.9977739113918677,0.031672002189858585,0.005171003889887357,0.024423329754835237,0.002629234970128229,0.006570666043222298,0.0008494089706454802,0.6687276569379749,0.0,0.33127234306202513,0.0,0.3312723430620252,0.0,0.032295401363958344
106,spinup,4.4270761932236296,1.0906269153371617,3.336449277886468,3.3253540158658916,8.616447902503596e-05,6.685898692096111,0.42370709070646706,1.2105674148259462,7.424834465183987,17.55052863849363,0.0033584956800528846,0.1897754152813578,0.0030389963406924725,113.42554777235188,2.376813673791381,2.768222707949758,0.004635873442952643,1.3229235450603019,3.3829469682653013,5.721810782804676,102.94992284754831,1175.5969776939198,380.0553439792638,302.6484870979845,350.77688437818665,7.391735743880172,11.069427748545575,0.0,1.5643731069904079,0.0,0.38935848088136005,13.486922905115343,1.9075441671749611,8170.412812133257,1971.0,0.9977641652209787,0.03167295325407018,0.005171107902728015,0.024425469557340967,0.0026293082427460094,0.0065705885532867814,0.0008494141613034306,0.6869063539415639,0.0,0.31309364605843626,0.0,0.31309364605843626,0.0,0.024419675718719298
107,spinup,4.415552857086112,1.0709288406964848,3.344624016389627,3.334820832301974,8.931813756730774e-05,6.6951933375278605,0.42415504180313224,1.216902266172558,7.44945434444858,17.569452726348974,0.003544159643711532,0.1887463901740052,0.0036199723236441297,113.64300511698298,2.375420635743706,2.780052241062541,0.004818711546790368,1.322325715753185,3.3554119880719444,6.3701735226725225,102.62011471826615,1159.5653994551963,379.96625526766627,304.2322346469126,351.1550686916203,7.39106012045733,10.881885694912507,0.0,1.5454468504719325,0.0,0.37151585604551207,13.530883544778352,1.9124163601843662,8195.098603072198,1971.0,0.9977868307989005,0.031675325472939705,0.00517159778949656,0.024424957346300208,0.0026294255703385905,0.006570468750778236,0.0008494300368249595,0.6858857706738888,0.0,0.31411422932611127,0.0,0.31411422932611127,0.0,0.027017123521470066
108,spinup,4.343618225090289,0.9260527613313835,3.4175654637589066,3.410506083643863,4.5660720161457154e-05,6.555744636093678,0.4168168103264565,1.2011464650033608,7.445886515858806,17.603234606743193,0.0006951005445720692,0.23613830147263531,0.0044543630681599606,113.94228961077596,2.3779216076593768,2.8077448513653422,0.004460990984541761,1.3853879290647604,3.494788431013094,4.5235587878581995,102.71193861761246,1176.0254137590387,367.3428557193035,300.2931980195639,351.830305362243,7.38773474210605,9.590846927788453,0.0,1.33572929683641,0.0,0.326998221482545,13.31094918318837,1.885692374219231,8205.594420375466,1971.0,0.9978908321626285,0.03167474576035712,0.005172209545648675,0.024390271627859207,0.0026293739548919936,0.006568800480905319,0.0008493160167604384,0.7594521281180816,0.0,0.24054787188191837,2.7755575615628914e-17,0.24054787188191842,0.0,0.013193741947489433
109,spinup,4.3971925721774054,1.080015751165905,3.317176821011501,3.308713686631618,9.224260306921299e-05,6.506330301258864,0.4138884773105455,1.1814521357027916,7.40537342376901,17.63509297969528,0.001933198628713879,0.18456020154562872,0.002904375640091032,114.23634245028583,2.3797112867147483,2.723035573697622,0.004465203676265125,1.3622129394228386,3.4536867036918286,6.519062921058608,102.85071620416402,1167.7548724232836,369.6607349687104,295.3695077779231,352.4671963741307,7.39231700396004,11.433786251623548,0.0,1.6132892349686112,0.0,0.37888525511211796,13.17889367386555,1.869117163984286,8210.600113741957,1971.0,0.9978084224846848,0.03167669194213618,0.005171608610630837,0.02441377266168254,0.002629459646414769,0.006569084399006387,0.000849322742265161,0.6702766347042012,0.0,0.32972336529579876,5.551115123125783e-17,0.32972336529579876,0.0,0.024949475478297185
110,spinup,4.414103479639735,1.0857958471202296,3.328307632519505,3.318701301114999,8.972511847001193e-05,6.716962681439215,0.42541787992919433,1.2060311418396785,7.413994991171137,17.640961646553098,0.0030889683482208225,0.17274472712858188,0.003062234322698446,114.38224526350845,2.3759377236401202,2.7632891937167026,0.004720412154439648,1.3146286880441453,3.378034555988926,7.413873889866917,102.47707482513454,1181.3178709622675,381.4679900681695,301.5143939945826,352.58447476938056,7.391738549293939,11.256485943842947,0.0,1.5679218969616815,0.0,0.3996409526703489,13.513145993316835,1.910796946632719,8240.973264920181,1971.0,0.9978128461737156,0.031676672595042574,0.005171847238859327,0.02442158522817857,0.0026296075745064437,0.006569237601878274,0.0008493283657639336,0.676077992767139,0.0,0.32392200723286096,5.551115123125783e-17,0.32392200723286096,0.0,0.024717506144972635
111,spinup,4.388909849238349,1.031004598540536,3.357905250697812,3.347452445353579,7.242962814250582e-05,6.615903682595396,0.42041921239928187,1.1983817422992418,7.407422381193372,17.667288448779875,0.0019613852591826336,0.2524357015544819,0.003798095923164361,114.63008912079954,2.3773870430225816,2.7755763365168447,0.0038415122588482103,1.3443014091649914,3.5808890019484245,5.217476884427922,102.53241276986103,1278.013339362949,371.9804874353257,299.6020021940367,353.1107087342401,7.390388217732096,11.084001682156371,0.0,1.5138467261216881,0.0,0.36384368889782137,13.403955528267122,1.8984780582120373,8254.807646630083,1971.0,0.997811544231644,0.03167759562404827,0.005171914437659731,0.024417884202984776,0.002629617680826556,0.006568676208513468,0.0008492705823571802,0.7084348650416331,0.0,0.2915651349583669,0.0,0.2915651349583669,0.0,0.02215617129828748
112,spinup,4.406061700985952,1.0578033660151673,3.3482583349707857,3.33152032005555,8.19070965877917e-05,6.6487541774757775,0.422107212237257,1.1958885356274838,7.396074075481169,17.686224305398426,0.003927464118550574,0.25396213819832714,0.0030943731081812535,114.84220352135047,2.3772103886677014,2.7684868214824885,0.0038061110279500546,1.3292624835445364,3.5383607503426573,4.0893186290537455,103.11192546119482,1270.6728845028877,375.1197370769229,298.9786868643913,353.48922671115486,7.391083200724415,11.300920544065093,0.0,1.5613268059011842,0.0,0.37307996454838677,13.431310636819079,1.9028293159342033,8268.590730721518,1971.0,0.9978110220333645,0.03167718612997282,0.005171774935768407,0.024422064346308336,0.002629666523259495,0.0065684950962841444,0.0008492437068606029,0.6945360488547451,0.0,0.3054639511452548,1.1102230246251565e-16,0.3054639511452548,0.0,0.024801891145508688
113,spinup,4.4156913303787055,1.058109032581498,3.357582297797208,3.338985590614844,8.299869718311408e-05,6.695878065003916,0.42460283458267084,1.204903543072263,7.40621533443211,17.699321648577797,0.00398066245971393,0.2491306679447978,0.003241251228612614,115.03529274048324,2.375810642115927,2.7818146650673996,0.003920713918085434,1.32142714298981,3.5118421000819957,4.934931055312637,102.39929740844013,1266.7284501165923,377.6130472090175,301.2324881239698,353.75098659184414,7.3905770378758415,11.151823979803783,0.0,1.5313128168707828,0.0,0.3781779067661293,13.520920265601863,1.9136992868937286,8289.931164779273,1971.0,0.9978161021247087,0.03167676794461603,0.005171964731275996,0.024419831474027837,0.0026297388047394343,0.006568252129597741,0.0008492301068236516,0.6969339088369082,0.0,0.3030660911630918,0.0,0.3030660911630918,0.0,0.025616460942679695
114,spinup,4.401086031136974,1.0426508490743078,3.358435182062667,3.347096392114413,6.627792988536951e-05,6.662285355477608,0.4232181029476625,1.2029604548976485,7.41011344216551,17.71838634413201,0.0010776647947129956,0.2855211514929508,0.003177873316492967,115.25711800950414,2.375860760648411,2.7948790978379114,0.00399518777759913,1.3330126380823424,3.5418839105065447,4.989310814173412,101.19329187627487,1266.8843405263667,374.8674924235269,300.7467054330244,354.132038057464,7.390305980311455,11.197226672262044,0.0,1.5324554470353617,0.0,0.3672355039005778,13.443167389142381,1.9034533027755804,8304.413468174924,1971.0,0.9978257609430894,0.03167816159218938,0.0051720921353181565,0.024417540681701426,0.0026297955355906104,0.006567889969647196,0.0008491993513260679,0.7084298747169806,0.0,0.2915701252830194,0.0,0.2915701252830194,0.0,0.01910938660396194
115,spinup,4.392977180859949,1.0439139296719022,3.349063251188048,3.3104532857286326,9.123593836979951e-05,6.55171574063896,0.416939761034425,1.1820790956440108,7.3811672889700475,17.74567734276661,0.005980478729103338,0.47395908776492846,0.0038630293121456414,115.51005131106777,2.378793072695871,2.741485334756276,0.0037473778191203563,1.3399523725073497,3.5618153016401317,4.449433789028466,102.55314297071727,1263.8812286658194,368.45649714060926,295.52625119870027,354.67760545623463,7.390383148105965,11.018390260943244,0.0,1.5087355041694313,0.0,0.36119723103974166,13.23075587163203,1.8765109221365046,8306.627718502623,1971.0,0.9977870771364704,0.031675390478145486,0.0051711539263662966,0.024417722195017,0.0026295271310983756,0.006567362431294693,0.0008491065529841999,0.7003526174897757,0.0,0.2996473825102242,5.551115123125783e-17,0.2996473825102242,0.0,0.025166803609477296
116,spinup,4.440395021695672,1.1042839543056182,3.3361110673900534,3.3141907566418563,0.00010085467788726215,6.714207983410358,0.4248276034293491,1.2070872976741747,7.404674028068736,17.749066134797086,0.007370730694853713,0.25739771101549447,0.003151516212320154,115.67359384508681,2.3748708921960606,2.778118146809166,0.004416319856966431,1.3108060699765551,3.365973658931453,5.458162864782702,103.21363086810707,1183.154009099973,381.93339448612926,301.7784387404887,354.74527576878234,7.391512673321873,11.361131791004805,0.0,1.6061394158130649,0.0,0.38818443727914775,13.511875805415057,1.9097711607939876,8337.21866249724,1971.0,0.9977905143257713,0.03167745276105541,0.005171570815069168,0.024430755895665953,0.0026297537790055084,0.006567768996954478,0.0008491544267384926,0.668163168892097,0.0,0.331836831107903,0.0,0.331836831107903,0.0,0.032363654136370254
117,spinup,4.430483602952247,1.0893734113714977,3.3411101915807495,3.3287044770482694,8.624040779919795e-05,6.680976799304651,0.42376189700362404,1.2088782390829709,7.423084822947026,17.765868945272572,0.0033449013450592858,0.23391674820291658,0.003038231005783023,115.90869269030416,2.3742741934512943,2.7852784715388594,0.004636709858342594,1.3233729534163219,3.3829469682653013,5.721359661783647,102.94967030994184,1173.7339874115219,379.48717378013197,302.2261839062804,355.0810773158248,7.390820591827898,11.092455507184404,0.0,1.5625142623405468,0.0,0.38959841197499623,13.491889079621103,1.9079870324139971,8356.016213013867,1971.0,0.9977805979969905,0.031678338095426584,0.005171651368298948,0.024433048853133632,0.0026298156917407478,0.006567743258396096,0.0008491592628652359,0.6866149103197731,0.0,0.31338508968022694,0.0,0.31338508968022694,0.0,0.024279224785280336
118,spinup,4.419063065506638,1.0699214530099739,3.3491416124966635,3.338157291899386,8.946635919260269e-05,6.690426487693115,0.4242071804150994,1.2152377951335849,7.447520216791328,17.78032110217292,0.0035495127766397645,0.2284793407671245,0.0036193374194707717,116.12680914248276,2.3729385099470814,2.7967712604278283,0.004819620522935796,1.322655619374412,3.3554119880719444,6.3698414063578666,102.61986053238678,1157.7864350569203,379.3802796641273,303.81610776658016,355.3698778822408,7.390157518399756,10.905161585309397,0.0,1.5437434890693797,0.0,0.37175117528829327,13.536328245600256,1.9128456484049605,8377.811301546104,1971.0,0.9978027964598701,0.03168061321398924,0.005172118743658164,0.024432594938369155,0.002629924038013807,0.0065676741407051835,0.0008491778803279666,0.6854204999122159,0.0,0.3145795000877841,0.0,0.3145795000877841,0.0,0.026804325461986876
119,spinup,4.346669527912556,0.9247895027788389,3.4218800251337167,3.41386833772636,4.572714096011686e-05,6.550761184164755,0.4168357346983269,1.1995586910570384,7.443834092262372,17.809765236171188,0.0006893994220918152,0.2764584582199836,0.004456430588814801,116.42607322709371,2.3754971800650035,2.8245844693231335,0.0044617083630562205,1.3859052773263478,3.494788431013094,4.523046631085123,102.7115941138118,1174.1751376005739,366.7284983829193,299.8962458326614,355.9584126845508,7.3868416699602175,9.631386747055236,0.0,1.3337289967747052,0.0,0.3271636347240024,13.316535007850074,1.8860798363487496,8385.365456542571,1971.0,0.9979057216960079,0.0316799301216554,0.005172712507133904,0.024398231370583334,0.002629860328257553,0.006566046795713462,0.0008490657017791539,0.7592655816420011,0.0,0.24073441835799894,0.0,0.24073441835799897,0.0,0.013017250847643214
120,spinup,4.400264674400163,1.0789893961953767,3.321275278204786,3.311926782817673,9.23846693656839e-05,6.501478948115593,0.41390889557451616,1.1798639366246784,7.403087609711731,17.837333562148967,0.0019255912178757668,0.22112563012457423,0.002903087250017227,116.7203257169761,2.377346721782931,2.7391106989713907,0.00446594450181987,1.3627040943635305,3.4536867036918286,6.518567103499165,102.85042736122952,1165.9379451035672,369.0492627518303,294.9724493057434,356.50955555162625,7.391447402379514,11.453808822239637,0.0,1.6117144123978253,0.0,0.3790889705919749,13.184121860728485,1.869449141536656,8387.407478454434,1971.0,0.9978235604682429,0.03168172720170038,0.005172104122367568,0.024421621700754924,0.002629929145073095,0.006566378332677085,0.0008490755047742265,0.66972850945103,0.0,0.33027149054897,0.0,0.33027149054897,0.0,0.024774147143043636
121,spinup,4.417297423701984,1.0851091396698502,3.3321882840321337,3.3217843220829404,8.995313456574697e-05,6.711511335286492,0.42538645870250497,1.2045931877075866,7.411855390856727,17.838997290490838,0.0031080842115767805,0.20747314775570785,0.003060356856573113,116.86646812746932,2.373616454296337,2.7790348312867845,0.004721244431338039,1.315117660687744,3.378034555988926,7.413392009306265,102.47680971611547,1179.508028923445,380.8787258539417,301.1548975821861,356.54278589769734,7.390889876580165,11.287091023771637,0.0,1.5666359357810333,0.0,0.39983005181735987,13.517868730841908,1.9111148592497933,8415.031967892803,1971.0,0.9978276050441393,0.03168158601364519,0.005172320423386516,0.02442933316390558,0.0026300666133098317,0.006566582604716388,0.000849086968358756,0.6754792245408353,0.0,0.32452077545916463,5.551115123125783e-17,0.32452077545916463,0.0,0.024802388226575073
122,spinup,4.39204064095357,1.029874351077094,3.3621662898764755,3.350543686219562,7.251252267192515e-05,6.6108982254232895,0.42040265266448873,1.1969081533163328,7.405434072549138,17.861283260574794,0.0019538289724352854,0.29583164306115395,0.0037992453724370293,117.11283927379264,2.375114566600676,2.7911283034755017,0.003841990954347983,1.3447578947279315,3.5808890019484245,5.217013685889913,102.53205427369392,1276.0643187057622,371.3281496217333,299.23359687367224,356.9882519318316,7.389546653658103,11.128210841948043,0.0,1.5121043082186332,0.0,0.36398355790110815,13.409230147066488,1.898749866434497,8426.05503700965,1971.0,0.9978260267979753,0.03168240326344028,0.00517236699908169,0.024425664689656953,0.002630062515869898,0.006566065909311536,0.0008490335506188606,0.7082123126041031,0.0,0.291787687395897,0.0,0.29178768739589694,0.0,0.021939664941691944
123,spinup,4.409184090415547,1.0567152398829296,3.3524688505326163,3.334440441165422,8.197856474212284e-05,6.643715181332659,0.4220782614820527,1.1943467249759487,7.394038515903907,17.876202828447127,0.003933015439075557,0.30108459667771054,0.003092006911062144,117.32365598273175,2.3749891429829297,2.7835902581458347,0.0038065728858122784,1.3297223937058222,3.5383607503426573,4.088860508376404,103.11163949753185,1268.758525003092,374.4771645720223,298.5932257530448,357.2864930909043,7.39025265156007,11.337738578391011,0.0,1.5598158067236434,0.0,0.3732349455486531,13.43606675606618,1.9030357141643734,8437.035479974245,1971.0,0.9978252306205684,0.03168191000470984,0.0051722100122806635,0.024429883845914956,0.0026300974769445495,0.006565929920797846,0.0008490099854001651,0.69409507122294,0.0,0.30590492877706,0.0,0.30590492877706,0.0,0.02473173371491454
124,spinup,4.418775925237537,1.0569832778316453,3.3617926474058906,3.34188015544371,8.309586804762453e-05,6.691044177248962,0.4245901862745416,1.2033928147789883,7.404106642963996,17.885323750182444,0.003980443599447541,0.2964886616035661,0.0032402633361743225,117.51594897723183,2.3736328528939405,2.796640764865129,0.003921217234555196,1.3218760613190024,3.5118421000819957,4.934483118631106,102.39902330366968,1264.8803451291883,376.99898080305894,300.8547977725065,357.4687730859369,7.389756087368773,11.192415062463047,0.0,1.529821109113311,0.0,0.3783108810612214,13.525370302492838,1.9139103037571434,8455.678168753328,1971.0,0.9978300123272971,0.03168141388923559,0.005172382683907484,0.02442774506631199,0.0026301561545801775,0.006565737729003996,0.0008489997007837902,0.6966088944357981,0.0,0.30339110556420196,0.0,0.30339110556420196,0.0,0.025507864945555566
125,spinup,4.404263115283939,1.041346501204694,3.3629166140792455,3.35002041719174,6.630647641440982e-05,6.65838560360232,0.4232703226830953,1.2014058662581921,7.407797334778061,17.900495038107127,0.0010750085012732444,0.34008169775274594,0.003177553433623418,117.7362453434891,2.373731380047668,2.809603983914533,0.003995723178414738,1.3332635338222134,3.5418839105065447,4.989056546741184,101.19306872944216,1265.1677554535156,374.2864561522142,300.35804975467966,357.7720043004399,7.389485775419997,11.244409750481474,0.0,1.5307598417898984,0.0,0.36739690237196454,13.448108791581665,1.9036824599861482,8467.482611829475,1971.0,0.9978394216486786,0.031682726508224,0.005172481371408518,0.02442553920970194,0.00263019821788882,0.006565426973159684,0.0008489726777468883,0.7081595622158516,0.0,0.29184043778414825,1.1102230246251565e-16,0.29184043778414825,0.0,0.018889236032937448
126,spinup,4.396080146685532,1.0422750485276817,3.3538050981578498,3.3132705788968257,9.113835218267406e-05,6.548601128532952,0.41705539259973734,1.1803179342129406,7.378419682729151,17.923916742787966,0.00595897857581457,0.5529522648713193,0.0038616475293021943,117.98578768656274,2.3767229839161046,2.7557167812097054,0.0037478283985681077,1.340108767346725,3.5618153016401317,4.4492768187316685,102.55304686032018,1262.242533015784,367.8974867268603,295.0859511905216,358.2402340416787,7.38955919323698,11.056151450552065,0.0,1.5067660684762378,0.0,0.3613084899596681,13.235678840215154,1.8767003638396238,8466.95831951198,1971.0,0.9978008026390798,0.03167995082168946,0.005171519542888996,0.024425909343833603,0.0026299174145416435,0.006564947298788696,0.0008488820054845857,0.7002720657563383,0.0,0.29972793424366173,0.0,0.29972793424366173,0.0,0.025058064687411372
127,spinup,4.443929605095825,1.1032515539409402,3.340678051154885,3.3169915392976055,0.00010089411001272171,6.7118976027776815,0.4250160569567151,1.2052804745890637,7.401574087172579,17.923450634262664,0.007390183798991269,0.314963948869104,0.0031506705531235456,118.15053401773143,2.372847185389298,2.7920399814060084,0.004416987950944381,1.310692214859303,3.365973658931453,5.458274791605025,103.21371487613837,1181.812458318887,381.50147772297873,301.3267230685935,358.23085417302497,7.390693788683543,11.383781461628558,0.0,1.604841860405946,0.0,0.3883391340551843,13.516887080301291,1.90996664415138,8495.030388025685,1971.0,0.9978040887311657,0.03168193487892353,0.005171906315143878,0.024438973699317038,0.002630130668359829,0.006565409443821729,0.0008489327466388082,0.6679056317213689,0.0,0.33209436827863115,0.0,0.33209436827863115,0.0,0.032101928157081475
128,spinup,4.433326632793956,1.0881735974204771,3.345153035373478,3.331421812792651,8.619554892132347e-05,6.6782687026994445,0.42388340512504863,1.2070317952023522,7.419921427489877,17.936506907247097,0.0033638720354470424,0.28946621386988575,0.0030383607093689134,118.38543011450092,2.372287887163723,2.7989716202651174,0.004637460173415715,1.3235993129689498,3.3829469682653013,5.721135826120116,102.94955079678878,1172.366693438174,379.02449579631764,301.7645628184033,358.4917706921882,7.389995283758778,11.119225577034126,0.0,1.5612134606020105,0.0,0.38973211603338365,13.496489522886842,1.9081561791229986,8511.315553404414,1971.0,0.9977938753011721,0.03168276452872728,0.005171951324698298,0.024441333380883,0.0026301783358600554,0.0065654333932941775,0.0008489417048873572,0.6860641009471538,0.0,0.3139358990528463,0.0,0.3139358990528463,0.0,0.02433941566390285
129,spinup,4.421980474737688,1.0686637523659848,3.3533167223717038,3.340824655272871,8.947177647373493e-05,6.688531422477688,0.42440150745756466,1.2133379107263083,7.444119874857325,17.94729371724614,0.003539344234101426,0.28506036527119655,0.0036204051000738764,118.60337074656657,2.3709985951452306,2.8102456565832106,0.00482043021926522,1.3226604221330571,3.3554119880719444,6.369835376618273,102.6198586914738,1156.5997739005602,378.98811918147885,303.3411262542073,358.707309530232,7.38932211774358,10.931140164043398,0.0,1.5421326058757718,0.0,0.37186400160013733,13.540927612363163,1.9130026266547404,8530.654344745137,1971.0,0.9978157680934439,0.03168498632177754,0.005172382877138514,0.0244410137776139,0.002630276962465399,0.006565412556814226,0.0008489618861640617,0.6853040521352163,0.0,0.31469594786478366,5.551115123125783e-17,0.31469594786478366,0.0,0.026427656189887332
130,spinup,4.349531819365142,0.9233999991905184,3.4261318201746227,3.416595903741141,4.568358469085876e-05,6.549131554590461,0.41703902313422997,1.1976133486149882,7.440086790155139,17.973150623041636,0.0006868466179373728,0.33600909758898057,0.004458747185371,118.90214267529026,2.3736042951392347,2.8381495115756343,0.004462371490917193,1.3858701712545367,3.494788431013094,4.523080731902105,102.71159514725674,1172.948905498642,366.328761819478,299.4098995625046,359.22414432948335,7.385989861940697,9.67111963431995,0.0,1.3320013408136904,0.0,0.3271773424850389,13.32126183286184,1.886241770182028,8535.716012869247,1971.0,0.9979178825779578,0.031684330741869035,0.005172943666537686,0.024406993146610406,0.0026302025867903124,0.006563818284535412,0.0008488490244057086,0.7593030385755514,0.0,0.24069696142444846,1.6653345369377348e-16,0.2406969614244484,0.0,0.012714203973784657
131,spinup,4.403295160855523,1.0778108133940276,3.3254843474614946,3.31451330902858,9.241160240624966e-05,6.500420698775589,0.41417885549987754,1.1778264802131284,7.3990090189838975,17.997188663106552,0.0019389915512536338,0.2791074835926822,0.0029037905931268153,119.19600961540837,2.375506627688107,2.7519980872568808,0.004466630758058623,1.3625227927387455,3.4536867036918286,6.518749311244654,102.85054951816305,1164.8204046699739,368.6531716474153,294.46307403846646,359.7047253041389,7.3905962467095145,11.474582102345886,0.0,1.610238414771196,0.0,0.37927403550188454,13.188527332702922,1.8695303210935947,8535.233946345274,1971.0,0.9978360089048506,0.03168611886481321,0.005172313396315739,0.024430377997640633,0.0026302623145906742,0.0065641954240085315,0.0008488609846908558,0.6694925731488772,0.0,0.3305074268511228,0.0,0.3305074268511228,0.0,0.024636562091597116
132,spinup,4.420134164119526,1.0840963108480368,3.3360378532714905,3.3242964977425924,9.007214794939833e-05,6.710051706667856,0.42560414905285615,1.202655293098323,7.407712755304576,17.99537507945618,0.0031141313926906964,0.25997873043182723,0.0030606213624192187,119.3419498228224,2.3718127072491337,2.791571109917936,0.004722009590450713,1.315017088327813,3.378034555988926,7.413491020458509,102.47685795311178,1178.3833872834764,380.4733519283301,300.6704133110369,359.6684518608303,7.390032110238819,11.31633484822638,0.0,1.565301522031004,0.0,0.3999332516632461,13.522248704198898,1.9112234756518447,8560.505478139163,1971.0,0.9978397530390397,0.03168594662272701,0.005172507788292808,0.02443806392735214,0.0026303920434570466,0.006564439793385423,0.0008488760317789691,0.6752400261433207,0.0,0.3247599738566794,0.0,0.3247599738566794,0.0,0.024745117496029232
133,spinup,4.394797689445219,1.0284893129812398,3.366308376463978,3.3530711749302986,7.246609351200145e-05,6.609493966399264,0.42061698229741534,1.195044264588955,7.401142831053869,18.014286417076963,0.0019333745689940221,0.35645896989776044,0.003801919293908157,119.58631334164214,2.3733517252598104,2.8035522819902994,0.003842472360154939,1.3446479852454123,3.5808890019484245,5.217124018055887,102.53211564863513,1274.7870230082203,370.87748912298883,298.76761447851493,360.0464666792581,7.388686067911172,11.174931123775039,0.0,1.5105851082591708,0.0,0.3640765517715182,13.413831443040033,1.8988654590849214,8569.142748335413,1971.0,0.9978379085471827,0.03168672927620253,0.005172528399038366,0.024434494224400694,0.0026303747224160835,0.006563957927807819,0.0008488233883817683,0.708068140307181,0.0,0.29193185969281893,5.551115123125783e-17,0.29193185969281893,0.0,0.021797828476334286
134,spinup,4.41225350383252,1.05553689939406,3.3567166044384606,3.3369527751123207,8.197704574052274e-05,6.643334242087267,0.4223878299325835,1.192389123628574,7.389425530238864,18.025832864617765,0.003924138321060744,0.3677330763546839,0.0030916730304810717,119.79505361738072,2.3732721007548294,2.795712549883143,0.0038070468929087497,1.3293250368091138,3.5383607503426573,4.08925552248278,103.11188461106855,1267.6448260278755,374.0897786189279,298.1038146893832,360.2772873206874,7.3893862577191465,11.377352287883113,0.0,1.5583970096972157,0.0,0.3733452595104048,13.441006275069654,1.903153179911447,8577.754385822844,1971.0,0.9978370348928768,0.031686187025749775,0.00517233985346565,0.024438800653123795,0.0026304008707923924,0.006563859395577859,0.0008488008092190348,0.6939983994103812,0.0,0.3060016005896188,0.0,0.3060016005896188,0.0,0.024336665058087126
135,spinup,4.421836675326822,1.0557446112127722,3.3660920641140506,3.344438756535116,8.306302365244708e-05,6.6911462966932795,0.4249365738668877,1.201445364008828,7.3992713756443615,18.03159961158157,0.003977558685230648,0.3641444179549908,0.0032412463286165968,119.98589009296072,2.3719492100473123,2.8085859048576864,0.003921728308341255,1.3214282147631378,3.5118421000819957,4.934928986918176,102.39927441599158,1263.8468648647777,376.6527579448455,300.36792440876934,360.3925252067565,7.3888931340666915,11.235171167270746,0.0,1.5286661493699263,0.0,0.37843703346849455,13.530555509088938,1.9140872389828076,8594.122597351598,1971.0,0.9978416122815292,0.03168566273991541,0.005172484717648808,0.02443679010409925,0.0026304497190944172,0.006563713106849855,0.0008487922047731811,0.6963202324171227,0.0,0.30367976758287735,0.0,0.30367976758287735,0.0,0.02538299537366949
136,spinup,4.407351113590205,1.0399478115907903,3.367403301999415,3.352577142733579,6.621941157204691e-05,6.659084150012305,0.4236688192144651,1.1993947575078596,7.402677642385707,18.043490375299807,0.0010641665804848805,0.4156033354012927,0.003179134576099498,120.2041775457992,2.372089719995082,2.8214507484403533,0.003996263329659857,1.3327047746435345,3.5418839105065447,4.9896169694294406,101.19353694466929,1264.2366092432635,373.96248864851555,299.855261547081,360.6301865982581,7.388614574773031,11.291468433746228,0.0,1.5293315557335538,0.0,0.3675218299672911,13.453329120489375,1.903865655731992,8603.662149201704,1971.0,0.9978507888318771,0.03168694569136388,0.005172554029246459,0.024434692280599885,0.0026304812221657446,0.006563447749361065,0.0008487668886196848,0.7079220157092221,0.0,0.29207798429077797,0.0,0.29207798429077797,0.0,0.01858524110229824
137,spinup,4.399168728082198,1.0407185105899122,3.358450217492284,3.3157783057555554,9.104356496876042e-05,6.549950939342099,0.4175084049292094,1.1781598035012102,7.372869141916982,18.063666950424874,0.005920327675426632,0.649138162981245,0.0038612445080581327,120.45013464348598,2.375136731608111,2.767117324612075,0.0037483051467474956,1.3394284455628087,3.5618153016401317,4.449958381329701,102.55349277349447,1261.3980241667916,367.57337575950527,294.5464066869559,361.03355437990604,7.388682786579677,11.092608330948144,0.0,1.5049133122276706,0.0,0.36138769773784246,13.241671550836333,1.876851437711126,8600.814446114135,1971.0,0.9978122915062367,0.03168415009759702,0.005171571691822573,0.02443521314124656,0.0026301938074360307,0.006563006907008895,0.0008486774215827349,0.700495107073284,0.0,0.2995048929267159,1.1102230246251565e-16,0.29950489292671595,0.0,0.024611371872019547
138,spinup,4.446931563952195,1.1020529988568524,3.344878565095344,3.319377689620886,0.00010080012296226331,6.712637842047076,0.425405041498177,1.203160149494112,7.39571970118395,18.059969401416808,0.007394832426705288,0.38787673329867667,0.0031510487243626645,120.61574004577854,2.3712998003609544,2.8031294420817536,0.00441764119887673,1.310227772605706,3.365973658931453,5.458741136493945,103.21390523243073,1181.0483713054891,381.22125011036934,300.79663017638114,360.95958581913766,7.389822820648206,11.40703330723607,0.0,1.6038127835037341,0.0,0.3884460212102926,13.521765093777711,1.9101052180759805,8626.740662250673,1971.0,0.9978151831307642,0.03168607966080322,0.005171932881998496,0.024448345832514394,0.0026303966768754304,0.0065635188487094785,0.0008487297159706353,0.6675682106497489,0.0,0.33243178935025114,0.0,0.3324317893502512,0.0,0.03196426221911862
139,spinup,4.436470968638437,1.0869188061165982,3.349552162521838,3.333984572831996,8.620122479085167e-05,6.679712234890736,0.42433251603085803,1.2049657475574138,7.413669342674247,18.069835549109037,0.003356209601399766,0.3604233141921509,0.0030397178515498583,120.84987285007811,2.370781498160678,2.809982092352627,0.004638176454324816,1.32294828655899,3.3829469682653013,5.721783877174325,102.94989580218191,1171.7008336356628,378.80122874884023,301.2480395861114,361.1567397045526,7.389118683602395,11.14840809015269,0.0,1.5597393555333205,0.0,0.38984613483269676,13.502221953052999,1.9083608301913337,8640.903846406034,1971.0,0.9978048908341889,0.03168690891786201,0.005171964212416802,0.02445084976990436,0.002630438745513276,0.006563593031236442,0.0008487383893513999,0.6860706996049626,0.0,0.3139293003950375,0.0,0.31392930039503747,0.0,0.02387937388670261
140,spinup,4.424845411570871,1.0673860869242497,3.3574593246466216,3.3433038539368694,8.940104105086166e-05,6.690014310251293,0.4248308854264873,1.2112307068929191,7.437639363700101,18.077490274312478,0.0035406730098371877,0.35415450615223265,0.003622447247300722,121.06723295428309,2.3695322473597287,2.8210355005811385,0.004821195491080069,1.3221000126195575,3.3554119880719444,6.370398908106193,102.6202236808466,1155.9989882674618,378.7719649530657,302.81431374928457,361.30967554992196,7.388438968428542,10.95780734270509,0.0,1.5408491043521788,0.0,0.37197994470520446,13.54645474432263,1.913197172648414,8658.16340852174,1971.0,0.9978264681244682,0.03168908900513848,0.005172364433868844,0.024450653247743283,0.0026305329046440516,0.006563616037089562,0.0008487599917599226,0.6851812337814535,0.0,0.3148187662185466,0.0,0.3148187662185466,0.0,0.02629314340246667
141,spinup,4.352283366431665,0.9220429079355462,3.4302404584961197,3.41913791941231,4.563641865025647e-05,6.551053123383018,0.4174847485526078,1.195433882985278,7.4332888287364804,18.10027571401504,0.0006844049325400082,0.4099128530024934,0.004462151699097461,121.36486231721422,2.372182496638261,2.849036737585948,0.004463019628701309,1.3852034892961775,3.494788431013094,4.523740144778068,102.71204087527218,1172.3733584651177,366.14152112958095,298.86502121253795,361.7651192372088,7.3850921026841165,9.714520773809163,0.0,1.3303966160054246,0.0,0.32725523975466164,13.327263548932986,1.8864214943974202,8661.119897171318,1971.0,0.9979280059107046,0.03168836715782054,0.005172888165900035,0.024416923163961234,0.00263045280301667,0.006562052848632694,0.000848646374244315,0.759411556072037,0.0,0.24058844392796291,5.551115123125783e-17,0.24058844392796294,0.0,0.012435529176965356
142,spinup,4.406264494896277,1.0766315052604376,3.3296329896358396,3.316992208299894,9.24277273479981e-05,6.502638087374796,0.41463970416339196,1.1755738419384982,7.39195267469201,18.12129672088999,0.0019360146580559992,0.350288142605897,0.0029054129518125945,121.65795862541985,2.3741281732973625,2.762303925504719,0.004467294106837752,1.3617296632027878,3.4536867036918286,6.519547843028609,102.85100722507558,1164.294952975938,368.4479045786123,293.89990212631494,362.18539693454966,7.389703478162804,11.495810617217439,0.0,1.6090702380987967,0.0,0.3793731800390677,13.194613520241816,1.8696870062930029,8658.50138065992,1971.0,0.9978463661694577,0.03169008548745101,0.005172230039740833,0.024440299576259802,0.0026305102386425076,0.006562464844811425,0.0008486593256897941,0.6694150252151715,0.0,0.3305849747848285,0.0,0.3305849747848285,0.0,0.024380287628568916
143,spinup,4.423196341573784,1.0828417360889224,3.3403546054848623,3.326723791501751,9.000128509336245e-05,6.712399255192317,0.4260701660100636,1.2003868087944023,7.400519054590165,18.116506396657943,0.0031199700699320785,0.3294320372551462,0.003061927974453672,121.80321885221116,2.3704657524350754,2.8016443949623304,0.004722738408352251,1.3141571654688182,3.378034555988926,7.414343882505942,102.4772630192229,1177.9110346737693,380.3170843949806,300.10327980473335,362.08962524503386,7.389138812896796,11.349326130354598,0.0,1.5641449210520895,0.0,0.4000076288182222,13.528308973621147,1.9113966032465026,8681.79079176313,1971.0,0.9978498582961984,0.03168989498069917,0.0051723954684442346,0.024448094283635875,0.0026306372279307887,0.006562745882373248,0.0008486746056448112,0.675176601421927,0.0,0.32482339857807296,0.0,0.32482339857807296,0.0,0.024388200257787596
144,spinup,4.397680778671881,1.0269158522556472,3.3707649264162325,3.3554224285818335,7.233859302462073e-05,6.611804690038793,0.42108328192680594,1.1927138235585535,7.393663042327427,18.13250448591194,0.0019147192514976149,0.4364999348274256,0.0038051657085448774,122.04531313406166,2.372050075673067,2.8133658955016445,0.0038429841320774946,1.3437674423603196,3.5808890019484245,5.21800920744774,102.53273756341025,1274.2212113115263,370.6313624147324,298.1849914510948,362.4094112966718,7.387780738441971,11.219732897354376,0.0,1.5090857696777913,0.0,0.36415540239501976,13.419262263130346,1.8989979266050814,8688.38774966576,1971.0,0.997847831861838,0.03169061650561209,0.0051723831564526625,0.024444659806092284,0.0026306132738341645,0.006562292016767207,0.0008486206367936209,0.7082660282393382,0.0,0.29173397176066174,1.1102230246251565e-16,0.29173397176066174,0.0,0.021417096267779445
145,spinup,4.4154206930730115,1.054156213127861,3.36126447994515,3.3393850281738007,8.189999538118226e-05,6.646710494262318,0.422925134914561,1.1899638126713397,7.381561547485253,18.141150166346513,0.0039109714395259496,0.44951467155354546,0.003092296893362036,122.25184303147921,2.3720132439405983,2.805270849416587,0.003807556889447199,1.3281509280559092,3.5383607503426573,4.090425623523672,103.11260353776564,1267.224566409889,373.91993313745843,297.49747366040833,362.58225291326113,7.388479083675161,11.416683912572587,0.0,1.55707938559715,0.0,0.3734626375506097,13.447905835465521,1.9033354763365353,8694.982338649295,1971.0,0.9978468857891336,0.031690021219060796,0.005172164360956759,0.024449114811971488,0.0026306339593836787,0.006562218558532711,0.0008485958933362712,0.6941054554862099,0.0,0.30589454451379,5.551115123125783e-17,0.30589454451379,0.0,0.023748107648058913
146,spinup,4.4249847377831495,1.0543900033349924,3.370594734448157,3.3469147497030374,8.302159791212215e-05,6.694620788238038,0.42548143502543156,1.1990287102537927,7.391133342875695,18.144039556316045,0.003964763010011041,0.4439239991156768,0.003243040164906491,122.4410845214707,2.3707257000837987,2.817944876718298,0.003922269401813998,1.3202509747997742,3.5118421000819957,4.936101071549402,102.39998646214028,1263.4518233297138,376.48528496492054,299.763747727782,362.63997939070015,7.387990482557137,11.27735105048536,0.0,1.5275658636465104,0.0,0.3785292707828456,13.537439615814812,1.914300726052121,8709.409419196647,1971.0,0.9978512595081328,0.0316894376146122,0.0051722833078459126,0.0244472518701608,0.00263067983305862,0.006562104101927143,0.0008485861945127108,0.6962128573101416,0.0,0.30378714268985846,0.0,0.30378714268985846,0.0,0.02510175679330472
147,spinup,4.4105067015369315,1.0383524261032522,3.372154275433678,3.355054545918999,6.614509776384553e-05,6.663058776974232,0.42425615007594064,1.1968882327268704,7.394235272734137,18.153108307468283,0.0010506437839197158,0.5009374425521719,0.003181572586307119,122.65716058339306,2.3709086668565895,2.8307033311880874,0.003996824220593554,1.3314378976388495,3.5418839105065447,4.990887118918131,101.19464080193873,1263.9312249513353,373.8265889290497,299.22861661715024,362.82123567217417,7.387705716947632,11.339559835808625,0.0,1.5278573686542316,0.0,0.3677153954853819,13.460200612664384,1.9040957184293323,8717.017474585398,1971.0,0.9978602755455905,0.03169067436821117,0.005172318238267024,0.024445304309383346,0.0026307035683244464,0.006561870162250075,0.0008485581757900478,0.7079630010407895,0.0,0.29203699895921054,0.0,0.29203699895921054,0.0,0.018133356716048533
148,spinup,4.402169196810232,1.0389554247975454,3.3632137720126862,3.318137412130337,9.082383693441384e-05,6.55443197227636,0.4181438459392417,1.175494549686914,7.36401113264305,18.170507571257666,0.0058643301255842046,0.759718952857042,0.0038608654844297994,122.89891973951838,2.374005624474507,2.7759915670675146,0.0037488226132182034,1.3381195881430938,3.5618153016401317,4.451272932612638,102.5543640624296,1261.1594196344254,367.4196515632495,293.8800786289314,363.1690921295421,7.387777071087514,11.1339556876,0.0,1.5033451579764785,0.0,0.3613783734451798,13.248516422861318,1.8770379468316,8712.194182547597,1971.0,0.9978218251294539,0.03168788148965767,0.0051713090116918,0.024446019337320796,0.0026304118183772514,0.0065614519775088025,0.0008484655236081708,0.7009425475538427,0.0,0.29905745244615733,0.0,0.29905745244615733,0.0,0.024155227245065962
149,spinup,4.450376226504859,1.1008522837164645,3.349523942788395,3.3216962947051387,0.0001006642458379854,6.71770357505316,0.4260842901120044,1.2004417074076177,7.386471404995295,18.16406875485705,0.007388590500941091,0.47496058330988233,0.003152635603446552,123.0649560445079,2.3702077772086474,2.811770372072384,0.0044182993625770306,1.3087985856681756,3.365973658931453,5.460167786893809,103.21461254168358,1180.9926470208397,381.18764461165927,300.11700475885806,363.0403326157737,7.388922876013069,11.430513546035058,0.0,1.6028082786968048,0.0,0.38854448474580505,13.528518237923478,1.9103121404596446,8736.28696360695,1971.0,0.997824559965102,0.03168978560841341,0.005171639486319352,0.024459272097559805,0.0026306054317943384,0.0065619933722111355,0.0008485141195184728,0.6676531064892474,0.0,0.3323468935107527,0.0,0.3323468935107527,0.0,0.031200460166547327
150,spinup,4.439586057979978,1.0855966633111473,3.3539893946688313,3.3363006039822722,8.610383768343435e-05,6.684924859510693,0.42503166279530236,1.2022396333931262,7.404259448025914,18.17124368514123,0.0033588975177667544,0.44510180569468333,0.003042252663029639,123.29816637088948,2.3697248874870906,2.8185559922814942,0.004638878742727446,1.3216413670579155,3.3829469682653013,5.723090150086,102.95060604964239,1171.6882151342784,378.7947322400479,300.5664961071003,363.1836953135655,7.388226385894441,11.177667624788107,0.0,1.5585855920853486,0.0,0.3899372058544579,13.508906340781685,1.9085743675104254,8748.64972394603,1971.0,0.9978141631750002,0.03169062701566859,0.005171649308911422,0.02446193881883823,0.002630642326981968,0.006562101533921048,0.000848517998251492,0.6862783508696528,0.0,0.3137216491303472,0.0,0.3137216491303472,0.0,0.023507969888668958
151,spinup,4.427630238054155,1.0658223122972852,3.3618079257568696,3.3455150908504705,8.921966405803167e-05,6.695432368551477,0.4255529461626907,1.2084214357308731,7.427975458351441,18.17624400605538,0.0035274555619656408,0.4386564804282094,0.003625597158122004,123.5145565668046,2.3685153823472787,2.8293722381309436,0.004821936789457066,1.3208943379767688,3.3554119880719444,6.371611202465284,102.62100910894422,1156.0570825351876,378.75976374766213,302.111980565169,363.28357603903095,7.387548882941983,10.9871703379327,0.0,1.5395340103566237,0.0,0.3720572423069587,13.55275768454179,1.91340395519705,8764.130021354118,1971.0,0.9978354738876523,0.031692899737693965,0.005172029059153932,0.024461974441463086,0.002630735279248598,0.006562163729694775,0.0008485351604357518,0.6853502582994645,0.0,0.31464974170053545,5.551115123125783e-17,0.31464974170053545,0.0,0.02588589054982206
152,spinup,4.354968899719019,0.9204351854859867,3.434533714233032,3.4214033299071334,4.552402209585e-05,6.55697650928089,0.418245479585991,1.1925229679089613,7.423139234196827,18.196377247078622,0.0006741146030236164,0.4997136028140937,0.004467287331286224,123.8105598879522,2.3712135046098046,2.857405478232683,0.004463688031001495,1.3838776298673146,3.494788431013094,4.525054005165241,102.71290403379882,1172.5048743881487,366.1556713893385,298.13727649288955,363.686009325815,7.384196737632643,9.760945551411151,0.0,1.3286730642784534,0.0,0.3272770089936139,13.334074748107223,1.886605928892947,8765.285460994577,1971.0,0.9979365866566607,0.03169230910361284,0.005172521706860852,0.02442860293671518,0.002630654535920621,0.006560623377116245,0.0008484158352785543,0.7599495953995323,0.0,0.2400504046004677,0.0,0.2400504046004677,0.0,0.012184264308389115
153,spinup,4.408882298694232,1.0748249249235124,3.3340573737707193,3.3190824889140034,9.225657426998601e-05,6.508579546008818,0.41539622856410463,1.1725607786926144,7.381391368015185,18.214784795182826,0.0019144692663106049,0.4395550352382392,0.0029082732946599517,124.10247903305061,2.3732090691716055,2.7701581055387337,0.004467989315574156,1.360443264354191,3.4536867036918286,6.520843866693712,102.8517442004807,1164.4344632637412,368.43578919444076,293.1466198045466,364.0540507473994,7.388819634007815,11.517924120269875,0.0,1.6077274158269064,0.0,0.37942111401884204,13.200771887950843,1.8697941596591776,8760.83630160895,1971.0,0.9978551017167678,0.03169414538758793,0.005171847437160487,0.024452204911040512,0.0026307056867414264,0.006561071174343406,0.0008484226620058717,0.6697793874249849,0.0,0.3302206125750151,0.0,0.3302206125750151,0.0,0.023945487143359003
154,spinup,4.426116540120217,1.081240949944827,3.3448755901753904,3.3288633018737963,8.981220183524376e-05,6.719383417734469,0.4269072407543789,1.1972865786910782,7.389455339777465,18.207371617442845,0.0031134117541208187,0.41620700736526717,0.0030646175612419366,124.24669572574518,2.369586335698423,2.8093198552203327,0.004723493115416716,1.3126461840518775,3.378034555988926,7.4158414446571905,102.47801976555594,1178.203472457328,380.3938734531426,299.32820529096773,363.90585524979997,7.388259923923824,11.383290025620722,0.0,1.562928385464724,0.0,0.4001082583641147,13.534962654019607,1.9115981783983444,8782.426770276455,1971.0,0.9978584710892016,0.03169408399477745,0.005171993343026988,0.024460223568252247,0.0026308324509391676,0.00656138779329311,0.000848434293772364,0.6754432380746255,0.0,0.3245567619253746,0.0,0.3245567619253745,0.0,0.023979183338284582
155,spinup,4.400426918605409,1.0250679822737452,3.375358936331663,3.357570479645913,7.208412535650551e-05,6.619235485020283,0.4219379570734956,1.189574350147968,7.382134809572737,18.22080071481678,0.0018877833375619394,0.5347162215814517,0.0038099653829564927,124.48601936200875,2.3712163077145294,2.8209002412796034,0.003843577604177697,1.342140070793463,3.5808890019484245,5.219645783315959,102.53383634529668,1274.5448656329338,370.66647429148094,297.4001058954774,364.1742939674013,7.386901292219048,11.269744998548767,0.0,1.5061084155685491,0.0,0.36571889300752536,13.426312711976651,1.8992120968144026,8787.300953798718,1971.0,0.997856368768752,0.0316948793027348,0.0051719511994515344,0.02445704335615726,0.0026308027187062068,0.006560963525855511,0.0008483753301079106,0.7087104610488456,0.0,0.29128953895115445,0.0,0.2912895389511544,0.0,0.020898326754918144
156,spinup,4.418316049778973,1.0525584851141474,3.365757564664826,3.3415696792689804,8.16187694696448e-05,6.655249734671493,0.42382982037808237,1.1867369840814839,7.369581122129614,18.22692189362375,0.0038882958851608968,0.5551180503247312,0.003093994434409166,124.68957005924082,2.3712170531620913,2.8126048473007126,0.0038081542017008286,1.3263148809744338,3.5383607503426573,4.092255346852522,103.11370581747572,1267.7326656451876,374.0305952185842,296.6907488313042,364.296677480386,7.387600686155178,11.462067179997144,0.0,1.5571687154831064,0.0,0.37203498789778494,13.456418743966996,1.9035578091875096,8792.183453220232,1971.0,0.997855390570074,0.03169430136988366,0.0051717137227274045,0.0244617328216488,0.0026308105053809315,0.006560916026857543,0.0008483452616780493,0.6947498208310907,0.0,0.3052501791689093,0.0,0.3052501791689093,0.0,0.023184463335879524
157,spinup,4.428088019802799,1.0530168184104696,3.3750712013923296,3.349195257231956,8.27399195124433e-05,6.703830746827822,0.42641628170342666,1.1958455522884375,7.378743984339885,18.22731165302065,0.0039442070266770355,0.5500577078843615,0.0032459881565733415,124.87663188909605,2.3699779211433083,2.8251959803892346,0.003922896100229468,1.318214593061017,3.5118421000819957,4.938130310547515,102.40121826243683,1264.0922201035385,376.6328582908767,298.9679407940994,364.3044428545665,7.387121351614119,11.322860334951436,0.0,1.526360133335063,0.0,0.3785869328911721,13.547114431254933,1.9145277136403376,8804.975598697934,1971.0,0.9978596448287009,0.03169372062972802,0.0051718163700694,0.024460047759585858,0.0026308506527024994,0.006560822146239916,0.0008483304536697313,0.6966191239945716,0.0,0.3033808760054283,1.1102230246251565e-16,0.3033808760054283,0.0,0.024155447738118417
158,spinup,4.413350001315797,1.0370720842080026,3.3762779171077955,3.357108035018627,6.601607009174896e-05,6.67054722347547,0.42509276344693464,1.1938191100588769,7.381785266050211,18.234010557274768,0.0010384119238847254,0.6139527296698054,0.0031845341987490803,125.0902750302323,2.370197188633767,2.837768368326337,0.003997469012319635,1.3297471770256144,3.5418839105065447,4.992586535025607,101.19610238297989,1264.3437536797617,373.8836291705828,298.4613191326728,364.4383311753119,7.38684583149758,11.387934408466652,0.0,1.526606587335091,0.0,0.367729310241253,13.467482942748294,1.9041908668288077,8810.93613574674,1971.0,0.9978682985078513,0.031694939251878856,0.005171831768370384,0.024458142731022873,0.002630865495776978,0.006560607443337967,0.0008483004684883195,0.7083987269640398,0.0,0.2916012730359601,5.551115123125783e-17,0.2916012730359601,0.0,0.017674162076799973
159,spinup,4.404671217766395,1.0375380241821988,3.367133193584195,3.319924834299553,9.055508469311244e-05,6.559998849821371,0.4187949548661425,1.1726329894553615,7.351628263801657,18.249163580172997,0.005816012865579619,0.8964373313358561,0.003859738457288431,125.32778627785694,2.373336766393202,2.7826822455868165,0.003749431117643108,1.3367568335383233,3.5618153016401317,4.452643581594513,102.55528122044532,1261.327991554657,367.3457947638253,293.1646728909174,364.7412899396563,7.386931347884361,11.172596618849692,0.0,1.5019920293508005,0.0,0.3613191523884294,13.255915635868755,1.87698458927693,8804.421335094643,1971.0,0.997829528787892,0.031692096218828555,0.005170809607968659,0.024458890419334633,0.0026305667529016594,0.006560209407846294,0.0008482086518098896,0.7013803359291527,0.0,0.2986196640708473,0.0,0.2986196640708473,0.0,0.02357462563263205
160,spinup,4.453230630280876,1.1000461369078334,3.353184493373042,3.3234069659349053,0.00010057971404616154,6.722722963043972,0.42667035000593734,1.1977653953345127,7.374183755538576,18.240568239573825,0.007375535285603942,0.5843331663279887,0.00315336748127554,125.49409636521055,2.3695673569037083,2.8182262509929363,0.004419020200785353,1.307419151909537,3.365973658931453,5.461544660307413,103.2152903741741,1181.1592562721694,381.1530161539554,299.4479120755367,364.56942589914286,7.388086716094796,11.454178726997448,0.0,1.601970357481092,0.0,0.3885144471462365,13.534837306057867,1.9101965427784597,8826.931509924338,1971.0,0.9978319545801642,0.031693903759286136,0.0051711286048289565,0.02447209760124642,0.002630750343440844,0.0065607625696682565,0.0008482568012491915,0.6678941423233883,0.0,0.33210585767661194,0.0,0.3321058576766119,0.0,0.030271801254818986
161,spinup,4.4422563930409655,1.0848595369328151,3.35739685610815,3.337993489710916,8.610842416927381e-05,6.688743902193759,0.4255024893872861,1.1998419255991257,7.392392302278782,18.245676747234132,0.003362548638294971,0.5504927249942818,0.0030435942248000026,125.72590853301446,2.3691016446436763,2.824992702654352,0.004639620485883259,1.3204659571064237,3.3829469682653013,5.724266417588488,102.95124208159596,1171.7436356370335,378.73040037339683,299.9670560201873,364.6714841160991,7.38740512750466,11.210622813937933,0.0,1.557912587429872,0.0,0.3898956498623837,13.514978638921601,1.9083968879202156,8837.760259748417,1971.0,0.9978212556644628,0.03169458652497526,0.005171124535995915,0.024474658522835827,0.0026307789373416564,0.00656088865850832,0.00084826118604217,0.68636280129899,0.0,0.31363719870101014,0.0,0.31363719870101014,0.0,0.0232755773022088
162,spinup,4.430088248573739,1.0649184625845227,3.365169785989216,3.34711287028744,8.915227972681412e-05,6.698350256519582,0.4259624503515932,1.206115279454984,7.416542315241181,18.24865879232227,0.0035243439483379387,0.542757544033056,0.003627668159828645,125.94093509089167,2.367911708530036,2.83562847050542,0.004822694425613653,1.3199217035382858,3.3554119880719444,6.372589578376404,102.6216676979363,1156.0144494413466,378.6514704457843,301.53542885944705,364.7310226744031,7.386730225556848,11.015725221946523,0.0,1.5386612613805166,0.0,0.3719794302579015,13.558044644006863,1.9131436055899225,8851.724782067378,1971.0,0.9978422000762129,0.03169675938520551,0.005171491378859375,0.024474650355548452,0.0026308647469014436,0.006560968775976535,0.0008482778933509492,0.6854983819973669,0.0,0.31450161800263304,5.551115123125783e-17,0.31450161800263304,0.0,0.025739767785595922
163,spinup,4.357076450340462,0.9196061820023218,3.437470268338141,3.4229971931927277,4.546117111352159e-05,6.559762812717951,0.41861716221446205,1.1902854210555434,7.412023681987601,18.266826444861294,0.0006666812286168725,0.6077892145653023,0.00447086066321577,126.23499774142519,2.370632408863941,2.863700638629668,0.004464376740515913,1.3829559248563508,3.494788431013094,4.525968333987531,102.71349020966092,1172.458240047546,366.039265674655,297.5778775187356,365.09416721889363,7.383373786772847,9.8079204381533,0.0,1.3274908180627725,0.0,0.3271850908812087,13.339700166075238,1.8863045245796553,8851.348917499838,1971.0,0.9979428647576294,0.031696091255245674,0.005171976056055504,0.024441297195767434,0.002630777011043823,0.00655943558521837,0.0008481584660474789,0.7602884083799213,0.0,0.23971159162007855,1.6653345369377348e-16,0.23971159162007855,0.0,0.011881839758671376
164,spinup,4.410937394579045,1.0738583841223526,3.337079010456693,3.3204998729806285,9.221080575395476e-05,6.510404157556171,0.4156898713400811,1.1704505013117126,7.370599713669612,18.28335041279987,0.00190949703712754,0.5455152062713754,0.0029086572545162373,126.52532321529156,2.372649249485649,2.77603058873771,0.004468675978426848,1.3596625870523322,3.4536867036918286,6.521630837748909,102.85219006051655,1164.2724558710388,368.23316381317187,292.61903889590394,365.4245590502855,7.3880023318699,11.540544924928035,0.0,1.6070571750810982,0.0,0.3793151924866378,13.205627642480778,1.8694108745364633,8845.341364667654,1971.0,0.997861357625849,0.031697805567358024,0.005171287518067319,0.02446481288575232,0.002630821877336761,0.006559899453125007,0.0008481652568062183,0.6698553517716564,0.0,0.33014464822834366,0.0,0.33014464822834366,0.0,0.023579682116431078
165,spinup,4.428217623732406,1.0800813194563448,3.348136304276063,3.330356425793637,8.962884801709092e-05,6.7216761942173395,0.42723904828166775,1.1951444581248294,7.378859093343339,18.274029400796284,0.0031088315546434673,0.5188655819916006,0.003065350104784378,126.66810083773034,2.3690378844538595,2.8150763346099454,0.004724211203989611,1.3117878244655365,3.378034555988926,7.416690934638039,102.47844756176701,1178.10248917813,380.2668558225797,298.7926634115013,365.23822952702983,7.38743788940129,11.418769091843195,0.0,1.5621195777507095,0.0,0.4000341296909029,13.539998809766733,1.9112698220195692,8865.488109706626,1971.0,0.9978646063914849,0.03169767826720857,0.00517141426012587,0.024472848388144754,0.0026309427874493525,0.0065602411922329375,0.0008481779785058821,0.6756099560379076,0.0,0.32439004396209226,1.1102230246251565e-16,0.32439004396209226,0.0,0.023710877998300236
166,spinup,4.402525093421461,1.0238951165930812,3.3786299768283787,3.359080279414883,7.19537280070537e-05,6.621843737156125,0.42228673335776123,1.187408944848928,7.371596301187562,18.2855755696509,0.0018697815790530762,0.6477759883804506,0.003812902849013932,126.90432313013406,2.370689490604376,2.8265020329036017,0.0038441642036132206,1.341140980486755,3.5808890019484245,5.220651673753863,102.53451843787917,1274.4365041717745,370.4723486522306,296.85874270522277,365.46903240782103,7.386072489590351,11.314447843874566,0.0,1.5050325904034898,0.0,0.3656441238642759,13.43158752927345,1.8988814765051916,8868.893050799037,1971.0,0.9978623804809428,0.03169838742351647,0.005171354802519528,0.02446962233507883,0.002630906632573177,0.006559830786519302,0.0008481195915212097,0.7090589044943104,0.0,0.29094109550568953,5.551115123125783e-17,0.29094109550568953,0.0,0.020551482912685017
167,spinup,4.420352141468186,1.0516612198777735,3.368690921590413,3.3428222558280543,8.159502378831363e-05,6.656531082257506,0.4241093105727446,1.1846436985399404,7.359264015782141,18.289948230407234,0.0038803696333556425,0.6696148659247436,0.003093028239043359,127.10536351579579,2.3707086518131666,2.817893434202791,0.003808736207320631,1.3254987841299641,3.5383607503426573,4.093071835018743,103.1142208078952,1267.4356882562142,373.7721791472707,296.1674159756092,365.55646621139624,7.386775716807088,11.497017194401906,0.0,1.5565221421374025,0.0,0.37192342019862623,13.460150350353201,1.9031411607632116,8872.293126757155,1971.0,0.9978610900977174,0.03169774748462554,0.0051711051095686055,0.024474244042496644,0.0026309092908811723,0.006559800906978124,0.0008480923550248582,0.6947876394171388,0.0,0.3052123605828612,0.0,0.30521236058286116,0.0,0.022969737365117312
168,spinup,4.429977639029755,1.0520510527280298,3.377926586301725,3.350412640816084,8.268764074994375e-05,6.704381752303635,0.4266441105365787,1.1938914949027375,7.368772539890047,18.288671549157375,0.003933440896356298,0.6617706302381814,0.003246350365637095,127.29028002263908,2.369479826391836,2.8303086834780764,0.003923489983419933,1.3176089224874625,3.5118421000819957,4.9387301774122285,102.40161825072673,1263.724336964673,376.34780290509235,298.4794157402759,365.53092208634206,7.386294651613849,11.365949956188992,0.0,1.5255232873672175,0.0,0.37844911761086925,13.55001125853892,1.914080029878363,8883.651109004053,1971.0,0.9978651306808418,0.03169714345552676,0.005171206873567505,0.024472490068572224,0.002630944010527526,0.006559724004074827,0.0008480802959478981,0.6968981482433434,0.0,0.3031018517566566,0.0,0.30310185175665655,0.0,0.023986994351599632
169,spinup,4.415490556865497,1.036157723119924,3.3793328337455733,3.358508473728855,6.600088997413985e-05,6.672310065681219,0.4253456898523787,1.1920300376839676,7.371940246229385,18.29375540904393,0.0010251491186203333,0.7271887359419159,0.00318516144988789,127.5010559753025,2.3697195372454085,2.8429860776182228,0.003998069126443568,1.3288078861129544,3.5418839105065447,4.993528110700312,101.196899884942,1264.198716264718,373.6629461662853,298.01404123559445,365.63252880855856,7.3860324111447,11.432869488948263,0.0,1.5255087668324872,0.0,0.36767416375440176,13.473040934972452,1.9038451140865487,8888.231160320682,1971.0,0.9978737337446282,0.03169827961727717,0.0051712236702621504,0.024470464892179786,0.0026309487138163876,0.0065595180337396355,0.0008480511810807304,0.7087521557099412,0.0,0.29124784429005873,5.551115123125783e-17,0.29124784429005873,0.0,0.017241493871474552
170,spinup,4.406702865371702,1.0363332010001491,3.3703696643715526,3.3211405275699355,9.04686486121082e-05,6.561842293815449,0.41905251815452854,1.1708217608230358,7.341913405555464,18.307291618990654,0.005759657276593242,1.0289997443769205,0.0038564300528553543,127.73431110516194,2.372883617463471,2.7877211175277865,0.0037500025252025088,1.3357906813301208,3.5618153016401317,4.4536133614763855,102.5559256452169,1261.208448195686,367.09414462584215,292.71185580807804,365.90317061397036,7.38614074720685,11.210125478621666,0.0,1.5009602737623269,0.0,0.36120524182829555,13.261409039860794,1.876583187279559,8880.31445893164,1971.0,0.9978349811530032,0.03169538089129049,0.005170205426781182,0.024471163781066903,0.0026306449737351564,0.006559140847227949,0.0008479633388876701,0.7017868914322833,0.0,0.29821310856771677,0.0,0.29821310856771677,0.0,0.02307351603679456
171,spinup,4.455586091507704,1.0993756290055194,3.3562104625021845,3.3245745771134363,0.00010056909727526924,6.724473496283505,0.42691111908226137,1.1960139117555646,7.364605408822658,18.2971613892347,0.007361831612330342,0.6898545647579879,0.0031522636911402936,127.90051772136884,2.369127348411614,2.8231292354764563,0.004419674173507895,1.306430215582201,3.365973658931453,5.462532645435405,103.21577861481099,1181.081846702246,380.9701229607474,299.010031583419,365.700627077058,7.3873084150477295,11.476285844847906,0.0,1.6013542470199638,0.0,0.38841367623935663,13.539668987345848,1.909796924017909,8901.502334673458,1971.0,0.9978372623897045,0.03169712373750087,0.005170530792928495,0.024484284184482674,0.002630816509970685,0.006559703811321536,0.0008480129626606309,0.6681167497850673,0.0,0.33188325021493276,0.0,0.33188325021493276,0.0,0.02965562742974382
172,spinup,4.44440054559762,1.084323594887559,3.360076950710062,3.3391290798160242,8.62607425568371e-05,6.6894840149571255,0.4256564521939928,1.1982933036776102,7.383232500030549,18.30080855880239,0.0033606949825698527,0.6488320847930948,0.003043209013974534,128.1307543545653,2.368670199301895,2.8298353906317306,0.004640289424686134,1.3197055016683281,3.3829469682653013,5.725027612343881,102.95165326812624,1171.576120127623,378.4914911726609,299.579892054023,365.773475152889,7.386646149733205,11.242122493630449,0.0,1.5573284682803312,0.0,0.3897644764665432,13.519425643063546,1.9079196241436984,8911.034686302737,1971.0,0.9978263382960927,0.031697679045834905,0.00517053275146522,0.024486662394119292,0.002630840862345914,0.006559843654621979,0.0008480199051584357,0.6865187793025331,0.0,0.31348122069746687,0.0,0.3134812206974669,0.0,0.023035141076699763
173,spinup,4.432201991895156,1.0644083645469473,3.367793627348209,3.348227428104555,8.928974860366295e-05,6.6988020583366445,0.42608283974006916,1.204687076150074,7.407893589973732,18.302396335677567,0.0035176519821852248,0.6382716480673347,0.003627992316005228,128.34399428248818,2.3674851464372484,2.840421970439333,0.004823369066391794,1.3192196547473627,3.3554119880719444,6.373294834095622,102.62215101666177,1155.8408909544203,378.43011587704154,301.1783702072765,365.80514389903664,7.38599412708621,11.047275756436541,0.0,1.5381335224327328,0.0,0.37187050669497135,13.562572659358962,1.9126764898121622,8923.736487320904,1971.0,0.9978470908659366,0.03169971297161674,0.005170903573195581,0.024486470883626002,0.0026309181033118316,0.006559939599357556,0.0008480394495786936,0.6856141201026081,0.0,0.3143858798973919,0.0,0.3143858798973918,0.0,0.025310907712410464
174,spinup,4.358820770061016,0.9190665837438519,3.4397541863171646,3.4240237452715303,4.5519257507457736e-05,6.5594877199632995,0.41869404450127556,1.1889397759122704,7.403861420943761,18.319201100601184,0.0006631733677437025,0.7073052128154159,0.004472272095133749,128.63580640318662,2.370213249433809,2.868523260438658,0.0044649940347129624,1.3824482949827488,3.494788431013094,4.526471604573712,102.71380698496256,1172.1772135091164,365.77564219023304,297.24145885935775,366.14104592917005,7.382647401734383,9.853601162594954,0.0,1.3267163277022163,0.0,0.3270351123703199,13.344061036442403,1.8857818726845896,8922.08394357514,1971.0,0.9979473788225077,0.03169897507795118,0.005171399446183009,0.024453016217321204,0.002630825318707882,0.006558421209261447,0.0008479240268094094,0.7604393180619597,0.0,0.23956068193804042,0.0,0.23956068193804042,0.0,0.01167206791911881
175,spinup,4.412656274002151,1.0733216332223756,3.339334640779775,3.321419772317703,9.233026739869689e-05,6.510019080750567,0.41575082306208994,1.1691691600147647,7.362844988788453,18.33442655560329,0.0019103385392383928,0.6405482355251673,0.0029074845068563,128.92431240007946,2.3722380432307024,2.78053135575449,0.00446928464918524,1.3591703555591947,3.4536867036918286,6.522127091576909,102.85248164295726,1163.9955519032706,367.92049295193664,292.2986965504649,366.4454821731486,7.387290049249801,11.56230415337622,0.0,1.6065926745341699,0.0,0.3791876266602843,13.209074735458039,1.868852174076228,8914.773997416358,1971.0,0.997865927654707,0.03170057838640805,0.005170718414152742,0.024476314989020167,0.002630867130129432,0.0065589024633003114,0.0008479342487928164,0.6698832071952402,0.0,0.33011679280475975,5.551115123125783e-17,0.33011679280475975,0.0,0.023250850782324622
176,spinup,4.429915637326996,1.079511629805383,3.3504040075216124,3.3313357968942836,8.969603822724214e-05,6.721469501912991,0.42730710795757293,1.1938973566649385,7.371559637828684,18.323848396580168,0.0031090902416861235,0.6086590886630825,0.0030642128865354195,129.06540981321888,2.3686261091315433,2.8195382237655084,0.004724834475863571,1.311302773290595,3.378034555988926,7.417171468185368,102.47869041741254,1177.8590671863797,380.02258509215005,298.4808812129461,366.23402374728727,7.386738345809034,11.454058837120908,0.0,1.5616824236831623,0.0,0.3999045485070682,13.543708906765968,1.9107599184539632,8933.722695954164,1971.0,0.9978690935642854,0.03170036076405952,0.005170848161046815,0.02448419810357156,0.0026309837515371163,0.0065592614736342154,0.0008479500885090129,0.6757272600899958,0.0,0.3242727399100041,5.551115123125783e-17,0.3242727399100041,0.0,0.023524844277233378
177,spinup,4.4040836149971145,1.0229927027945693,3.381090912202545,3.360067709357309,7.188514505646881e-05,6.621822034707837,0.4223687585315657,1.1861460345252466,7.36457693323834,18.334139981884434,0.00185004236755144,0.747081282640831,0.003813895292609073,129.29826433955418,2.3702849717211616,2.830826431103948,0.00384468395331956,1.3406166835135824,3.5808890019484245,5.2211787330367025,102.53487931325573,1274.1742419464367,370.15580811620543,296.54300820409424,366.4397494430973,7.385378643656371,11.358262099305453,0.0,1.5042090180990724,0.0,0.36553682021119044,13.435598775451684,1.8983943884925085,8935.901426729763,1971.0,0.9978667848205665,0.031701004273591606,0.00517079303363574,0.024480837048227705,0.0026309396755077427,0.0065588640502995295,0.0008478944707992753,0.7092431616294417,0.0,0.2907568383705582,1.1102230246251565e-16,0.2907568383705582,0.0,0.020067514308299336
178,spinup,4.4221427106945805,1.0508271707626933,3.3713155399318864,3.3438232829804244,8.15647018143884e-05,6.657565148427363,0.424250919765375,1.1833189643660986,7.352332185869034,18.337294101620973,0.003859704802761339,0.7702075592403874,0.0030907763091205724,129.49619651204685,2.3703177971850784,2.822079278637278,0.003809252635331255,1.3247099376698133,3.5383607503426573,4.093856368224059,103.11469557616343,1267.3393735219001,373.5168233935878,295.8362251731723,366.5028270010529,7.386094857728495,11.539359996476003,0.0,1.5558458298046558,0.0,0.37183440168494525,13.465076809763291,1.90270773969665,8938.083475623886,1971.0,0.9978655567759562,0.031700287172822084,0.005170549700368202,0.02448540744984147,0.0026309336944189774,0.006558852439771253,0.000847870112229246,0.6951101746688186,0.0,0.3048898253311813,5.551115123125783e-17,0.3048898253311813,0.0,0.022346346421895258
179,spinup,4.431915571781504,1.051350521113847,3.380565050667657,3.351465092144972,8.267839134894407e-05,6.70553593246257,0.4267987827050094,1.1926226638735777,7.36190558605786,18.334790139123466,0.003920032568531167,0.7592987262101045,0.003245582662920693,129.678688363649,2.3690968436057145,2.8344993147259387,0.00392401410899736,1.3167362971221312,3.5118421000819957,4.939600526562584,102.40213179459289,1263.6459700220626,376.11993442820034,298.1622010303348,366.4527519940979,7.385623502806308,11.407361190410677,0.0,1.52491560247516,0.0,0.3783504947623554,13.555096828364281,1.9136814443626577,8948.291192566541,1971.0,0.997869481333554,0.03169963301877607,0.005170661024961297,0.02448357546503792,0.0026309612175233173,0.006558794018038285,0.000847861423985096,0.697092924886044,0.0,0.30290707511395604,0.0,0.30290707511395604,0.0,0.023485112100843156
180,spinup,4.41744559661559,1.0353157928183845,3.3821298037972056,3.359517792917394,6.598848305108696e-05,6.673210649573441,0.4255011047617195,1.1907893566728134,7.365205489874655,18.338709856478403,0.0010164797788913694,0.8297056823881046,0.0031847508381103616,129.88640916848803,2.369345589998126,2.8471108305674835,0.003998595858592238,1.3279513528651676,3.5418839105065447,4.9943866881772765,101.19763821152615,1264.0781667699694,373.4174682028335,297.70386418440467,366.53108965689654,7.38537344177832,11.482673327340358,0.0,1.524781167438682,0.0,0.3675735523159875,13.477249784167366,1.9034318148430114,8951.715894341945,1971.0,0.9978779509669335,0.031700725714623276,0.005170683098317487,0.02448142610141682,0.002630953581654355,0.006558607388965593,0.0008478362188865992,0.7090011328690777,0.0,0.2909988671309222,5.551115123125783e-17,0.2909988671309222,0.0,0.016697470136357258
181,spinup,4.408520427296533,1.0351184294120679,3.3734019978844647,3.3220214674072395,9.035461678436811e-05,6.563151356184484,0.41924662444980887,1.1694542691033676,7.3351576574061195,18.35105806313853,0.005696918592883248,1.1608083456958622,0.00385222644710009,130.11432655626055,2.372526748419835,2.79163516683408,0.00375050995634671,1.3348983150767864,3.5618153016401317,4.454509614691285,102.55652341437546,1261.1380732241398,366.82257226554077,292.3699753848914,366.7779858970971,7.3854992710902,11.252570419805474,0.0,1.5001327647312088,0.0,0.3611030728225783,13.265233014373722,1.8761498246854447,8942.623396197583,1971.0,0.9978392250773795,0.03169780389276042,0.005169661157566035,0.0244820983499564,0.002630644392163038,0.006558247675779717,0.0008477521569649129,0.7022002340731238,0.0,0.29779976592687624,0.0,0.29779976592687624,0.0,0.022570823740287183
182,spinup,4.457791417797692,1.098696124697275,3.359095293100417,3.3254892636226177,0.00010053267133779234,6.726334575174092,0.4271410133692101,1.1946277995112198,7.357737517168819,18.339794908284475,0.007336874598334728,0.796360879345851,0.003150926288979209,130.279985974247,2.36877820431594,2.826928209620709,0.00442024795755628,1.305402353986643,3.365973658931453,5.463558341342606,103.2162886110348,1181.1000678151042,380.8001416211998,298.6634959270307,366.5527979385815,7.386677022502959,11.500278113261441,0.0,1.60089300621834,0.0,0.3883412788499766,13.543687217330952,1.9094302996721324,8962.70382429928,1971.0,0.9978414715063219,0.03169952477906164,0.005169992288359142,0.024495172470891245,0.0026308030609287847,0.006558829015758079,0.0008478051079139047,0.6683156614339231,0.0,0.33168433856607693,0.0,0.331684338566077,0.0,0.028691211788883512
183,spinup,4.446600145708707,1.0837961335381026,3.362804012170605,3.340110334254013,8.638477251872552e-05,6.691011963539194,0.4258612115500654,1.197058377454584,7.376489493956645,18.342344040815426,0.003357573837238472,0.7487143862157537,0.003042917540140064,130.50847202215192,2.3683277201023603,2.833656333240226,0.0046408753075003065,1.3187153949538968,3.3829469682653013,5.726017787712067,102.95218683110019,1171.5679609252477,378.3036431172895,299.271153731399,366.6036982812286,7.38602812663733,11.27148512951058,0.0,1.5567725577033256,0.0,0.389687515337911,13.523572163109446,1.9075768865223504,8971.173218898248,1971.0,0.997830440945235,0.03170008097902098,0.005170010056415419,0.0244974331998676,0.0026308189995852306,0.006558979917347083,0.0008478130238293471,0.686611277339239,0.0,0.313388722660761,0.0,0.313388722660761,0.0,0.022713485531142646
184,spinup,4.434275824573987,1.063931298735869,3.370344525838118,3.3491189721869956,8.941938633217806e-05,6.699477444418628,0.42621714309450265,1.2035699139497813,7.401494399681269,18.34294100178756,0.00351410236243821,0.732918106328898,0.003628241316819945,130.71991170438315,2.3671508099288956,2.844143132304305,0.004823967758877816,1.3184337238929231,3.3554119880719444,6.374085564711375,102.62267777566244,1155.752570035933,378.20346284796886,300.8990735356324,366.61556181420286,7.385398781962287,11.077533176439864,0.0,1.5376027326144488,0.0,0.3717439894185791,13.566192091505915,1.9122528299510622,8982.820064012905,1971.0,0.9978509636133034,0.03170204535180787,0.005170388150336668,0.024497081255215637,0.002630889971335779,0.006559089256020242,0.0008478346528782367,0.6857955150665728,0.0,0.31420448493342734,0.0,0.31420448493342734,0.0,0.024820649420782378
185,spinup,4.3606070512640125,0.9185044579806452,3.442102593283367,3.424866751591501,4.5543435453949e-05,6.559707518408883,0.41879196020245496,1.1879004951630239,7.397763656194202,18.3587292641111,0.0006554221593527364,0.8057547016158513,0.004473300364063463,131.00923547054254,2.3698858884720946,2.8723116030966613,0.00446555173454414,1.3817926122524482,3.494788431013094,4.527121069736873,102.71421985012788,1172.0382033640035,365.5493719744837,296.98163297723215,366.9311453255127,7.382067911896288,9.899399016131776,0.0,1.325981749429818,0.0,0.3268988833160977,13.347740953984296,1.885308324780411,8980.111015170241,1971.0,0.9979509489172469,0.03170125405848382,0.005170892153870291,0.024463531685184288,0.002630790403865497,0.006557587448702731,0.0008477226603852272,0.7606442732187286,0.0,0.23935572678127132,5.551115123125783e-17,0.23935572678127132,0.0,0.011261387916568805
186,spinup,4.414567630049743,1.0727459762045537,3.341821653845189,3.322199079380759,9.242624506568648e-05,6.510270993617979,0.4158558845589132,1.1681573732839463,7.356886542449288,18.372954274127505,0.001904958167270321,0.7370978294045352,0.0029065996073104937,131.29564608204709,2.371919023236362,2.7840606177352663,0.004469832798828774,1.358460805740605,3.4536867036918286,6.522841738118695,102.85290016203699,1163.8611268964396,367.6493777432336,292.04574432360187,367.2155844513618,7.386723208499499,11.586087661518356,0.0,1.6061794261852254,0.0,0.3790668862471319,13.212176090307265,1.868365489285254,8971.724425305127,1971.0,0.9978695517926397,0.031702799690972436,0.005170227642450266,0.024486672675868005,0.0026308249379468135,0.00655808326274688,0.0008477353381409393,0.6700598557182332,0.0,0.32994014428176677,0.0,0.32994014428176677,0.0,0.022783697405300403
187,spinup,4.431854708876565,1.0791073484401024,3.352747360436462,3.3321684705819554,8.981172824063045e-05,6.721721164890705,0.42740775033289585,1.192955454843182,7.365894527046603,18.361445310180553,0.0031124084950200875,0.7000978371387351,0.0030630983761321617,131.43479138021652,2.36830698880263,2.8230136126431207,0.004725391237044733,1.310622086306062,3.378034555988926,7.41784738555823,102.4790246754868,1177.7366323421752,379.786201461349,298.245400596288,366.98552044047693,7.386185136720714,11.488657931039295,0.0,1.5613274578096,0.0,0.39980351949426673,13.546913701304764,1.9103135350513778,8989.675450014563,1971.0,0.9978726561894489,0.03170251346404074,0.0051703665642584325,0.024494372638970186,0.0026309396065867094,0.0065584593748023775,0.0008477550066611226,0.6758397384637855,0.0,0.3241602615362145,0.0,0.3241602615362145,0.0,0.023142889271723855
188,spinup,4.405861886587341,1.0221924296283582,3.383669456958983,3.3609039981343214,7.183681670969921e-05,6.622166639245253,0.4224787255024754,1.1852008952533581,7.359140666719762,18.370794127028923,0.0018388547617228179,0.8492226391059884,0.003814661551233699,131.66389583901,2.3699707486356885,2.834212551590398,0.0038451571688174293,1.3398987894045051,3.5808890019484245,5.221900286367555,102.53538312803991,1274.0398890583733,369.87088882951866,296.3067182071632,367.1724016025566,7.384830699429941,11.40733426293982,0.0,1.503499237525477,0.0,0.3654185557100361,13.438944170596299,1.897946618329419,8990.840561458906,1971.0,0.9978702605198109,0.031703103284663754,0.005170313036241315,0.02449086202116049,0.00263089038869438,0.006558082674021573,0.0008477036559223683,0.7095236747981769,0.0,0.2904763252018231,0.0,0.2904763252018231,0.0,0.019526660707193128
189,spinup,4.4239560145455545,1.0499807976852267,3.3739752168603276,3.3445576582063365,8.15470936286487e-05,6.658276873671172,0.4244014594693935,1.1822633648890326,7.346910251952124,18.37301710146882,0.0038399647846256374,0.8801224461693593,0.003088279520384494,131.85813364362954,2.3700146694509203,2.8252795236433106,0.0038097248132538362,1.3238993619599404,3.5383607503426573,4.094664160845471,103.11520476695118,1267.2360605555843,373.2426749852539,295.5723195196722,367.216867535696,7.385557407451396,11.5820161066775,0.0,1.5552839400913345,0.0,0.37173107136647077,13.467937362819429,1.9022633029336853,8992.003820399963,1971.0,0.9978689918008774,0.03170238653013117,0.0051700753296072925,0.024495420302874906,0.0026308774858189426,0.006558090406181031,0.0008476830395891316,0.6954233172217882,0.0,0.3045766827782119,0.0,0.304576682778212,0.0,0.02176471459208113
190,spinup,4.433907485712718,1.0506739786961055,3.383233507016612,3.3523088906010177,8.26622646119675e-05,6.706635317419716,0.42698938213910376,1.1915794725019941,7.356445280244241,18.369565807627218,0.003908638560554698,0.8679127274852656,0.003244879238657068,132.03780034352928,2.368796785843524,2.8376636833023237,0.00392449167199527,1.3158201191212193,3.5118421000819957,4.940510781724323,102.40270809990109,1263.5859282478639,375.8831770181226,297.90139747119656,367.147857523989,7.385090378220362,11.450658497853707,0.0,1.524463560121145,0.0,0.37826160159118566,13.558304056511849,1.9132952068022657,9001.238640707661,1971.0,0.9978729146402305,0.03170169591271015,0.005170192043267308,0.024493508632058195,0.0026309012419742407,0.00655805230713925,0.000847677898406132,0.6972160699367289,0.0,0.3027839300632711,0.0,0.3027839300632711,0.0,0.02290350689078123
191,spinup,4.4194846402118335,1.0344363907900445,3.3850482494217893,3.3604197056752287,6.590664431101619e-05,6.674805222914748,0.4257136129386087,1.1897512330786553,7.359731468199672,18.372565021266382,0.001010907732811808,0.9447475898234717,0.0031845851141402036,132.24208254326624,2.369054463715299,2.850314199637407,0.0039990733248933584,1.326920626389108,3.5418839105065447,4.995420627801748,101.19852630333841,1264.099181811422,373.2153847509816,297.444327597392,367.2077963409722,7.384844621921574,11.532437262056808,0.0,1.524042695746487,0.0,0.36750265844880325,13.481099018658941,1.903100653000838,9003.71674153582,1971.0,0.9978813557352656,0.03170274158133392,0.005170214403747826,0.024491259504790128,0.0026308857053553873,0.006557882272275285,0.0008476555812500189,0.7093392157283619,0.0,0.290660784271638,1.1102230246251565e-16,0.290660784271638,0.0,0.016110218679782084
192,spinup,4.4104129101470475,1.0339234358342426,3.3764894743128036,3.3228663278253636,9.018211908975517e-05,6.565428092994723,0.41951686284665984,1.1682683887803815,7.329489954715307,18.38394652784539,0.00562853335678619,1.3008444150725889,0.0038478930353579442,132.46495191093874,2.3722541835249995,2.7946934488632835,0.0037509746281034857,1.33375839909364,3.5618153016401317,4.455653396169379,102.55727883382656,1261.2380117179468,366.6106137480532,292.07349880602806,367.4353708621767,7.384985357812354,11.28826952678169,0.0,1.4992997676928854,0.0,0.3610152747452994,13.269533882493484,1.8758162413410724,8993.657244038968,1971.0,0.9978427158831369,0.03169981357657381,0.005169186448954708,0.02449194127239644,0.0026305730560503594,0.0065575423074132715,0.0008475748063603187,0.7026508596545891,0.0,0.2973491403454109,5.551115123125783e-17,0.2973491403454109,0.0,0.021840783985844592
193,spinup,4.460165049406735,1.0979670939984827,3.3621979554082517,3.326387924016491,0.000100454025283401,6.729341128800248,0.4274620199027321,1.1934009454686092,7.351760233678677,18.371762011354395,0.0072985235083333115,0.9093910887917415,0.0031497086626162264,132.63011195397812,2.368516870488823,2.8298950853036824,0.004420764621628227,1.304075318629961,3.365973658931453,5.4648825111934105,103.21695900169992,1181.2978154235477,380.69689850056625,298.35677569374286,367.19176771952306,7.386167061567841,11.525697365918877,0.0,1.6004338052712694,0.0,0.38829503840834395,13.54791644077575,1.9091617415182731,9012.819927835197,1971.0,0.9978449832700779,0.03170150171236382,0.0051695241649036185,0.024505023822203435,0.0026307225312845184,0.006558139575010481,0.0008476304777511345,0.6685744192835771,0.0,0.3314255807164229,0.0,0.3314255807164229,0.0,0.02771858137585232
194,spinup,4.448790261027838,1.083238205345704,3.365552055682134,3.3410106670331725,8.641095877797873e-05,6.693373093936473,0.42612788033011706,1.1959365823342956,7.37049963107379,18.373392052181405,0.0033577149175858024,0.8559819887548843,0.0030429707944831037,132.8567781441731,2.3680733868910746,2.8366352416254688,0.004641395945837424,1.3175704179506365,3.3829469682653013,5.727163234268356,102.95280515717961,1171.705635838947,378.16124003661355,298.9906988043696,367.224297436315,7.385521267399394,11.29837352691758,0.0,1.5563022441063938,0.0,0.3896223718366456,13.527545664346103,1.9073092546351218,9020.412080376273,1971.0,0.9978338257394257,0.031702023309401875,0.005169554415528109,0.024507212361202367,0.002630729618766448,0.0065583029851584915,0.0008476408298862968,0.6866763854626131,0.0,0.31332361453738683,5.551115123125783e-17,0.31332361453738683,0.0,0.021983645869815494
195,spinup,4.436408077462008,1.0634102338395104,3.3729978436224974,3.3499474368591633,8.951374665978094e-05,6.701328724225357,0.4264281602231069,1.2025355896695806,7.395720858346422,18.373189291928938,0.0035041142258499624,0.8352073150009708,0.0036288179855647755,133.0663243904109,2.366906756565818,2.8470454191672623,0.004824495272326015,1.317380356553432,3.3554119880719444,6.375144652647274,102.62338777524555,1155.8540500023728,378.04600940504423,300.64048679792774,367.22017567536716,7.384906035240996,11.108664971315417,0.0,1.5369813459948807,0.0,0.3716481374689938,13.569940577091721,1.911952509500782,9031.1849862907,1971.0,0.9978541752890042,0.031704003564395664,0.0051699424314594,0.0245067593121154,0.002630792656863565,0.006558418172763435,0.0008476619328816226,0.6860385794101794,0.0,0.3139614205898205,5.551115123125783e-17,0.3139614205898205,0.0,0.024283779652970128
196,spinup,4.36260376407325,0.9179089443266845,3.4446948197465646,3.4256674115770704,4.554384595336811e-05,6.561279163272282,0.4189844704097279,1.1869077470446394,7.392127467763802,18.38818148614626,0.0006499487592930667,0.9115579481150342,0.004474288562145025,133.3530631517355,2.3696556376815763,2.8752599522332933,0.004466062029134182,1.3807654715849316,3.494788431013094,4.5281385873760245,102.71487973758259,1172.0993804030802,365.39412477662347,296.7334405078011,367.51984712681696,7.381598640565414,9.944726528117453,0.0,1.3252208828912624,0.0,0.3268190731626103,13.351761699584117,1.884973294090713,9027.601832052713,1971.0,0.9979539428649021,0.031703230216011256,0.005170447095148152,0.024473167011773315,0.0026306830858320593,0.006556922022368692,0.0008475490874824995,0.7608569568395483,0.0,0.2391430431604518,0.0,0.2391430431604518,0.0,0.010734427618259363
197,spinup,4.416709221469805,1.0721198958320033,3.3445893256378016,3.322950320707616,9.2451238402023e-05,6.512024754702007,0.4160610866633755,1.1671649385579002,7.351265401779052,18.40160746679365,0.0019023334762982458,0.841103571460043,0.0029062678202069234,133.637264202919,2.371701304148756,2.7867991680226707,0.004470342328324112,1.357362401659833,3.4536867036918286,6.523948017450833,102.85354366971939,1163.945680427151,367.4624106195873,291.7976302039727,367.7883153382543,7.386275761471553,11.608396709620699,0.0,1.6056233462954865,0.0,0.3789595710296736,13.215816771373088,1.8680190733437132,9018.324646234061,1971.0,0.9978726081727212,0.03170479177919372,0.005169785619214087,0.02449621129039399,0.002630706065193757,0.006557425993796383,0.0008475605018278293,0.6703815988840685,0.0,0.32961840111593144,1.1102230246251565e-16,0.3296184011159315,0.0,0.021968322880698984
198,spinup,4.434010560481805,1.078598805158327,3.3554117553234786,3.332895193864827,8.987542728489802e-05,6.723157701443968,0.42758469956999196,1.1920312940416966,7.360438361010743,18.38936690452413,0.0031120618284582735,0.7981786831133724,0.0030625108129823365,133.77455482636645,2.3680945671451377,2.825698185082461,0.004725915267600376,1.3096196668598599,3.378034555988926,7.418842271899046,102.47953475856677,1177.8014382588517,379.61331923950434,298.01435533191085,367.5436278038051,7.385757954888665,11.522487818053166,0.0,1.5609004960239674,0.0,0.39970662255913425,13.550283544051705,1.9099675221607748,9035.447931463606,1971.0,0.9978755883792874,0.031704503660942046,0.005169932029296294,0.02450380058273741,0.002630815393442269,0.006557809999842015,0.0008475805239037427,0.6760131736395342,0.0,0.3239868263604658,5.551115123125783e-17,0.3239868263604657,0.0,0.022665970669265983
199,spinup,4.407957391866663,1.0213868200040532,3.38657057186261,3.3616670459015605,7.172885319644877e-05,6.623939178377057,0.42268350214006756,1.1842720465081604,7.3538041546533455,18.39795326412772,0.0018175028997805885,0.9575137343822263,0.0038156788738819628,133.99992343736142,2.369764152781014,2.8368350866536955,0.003845621218490891,1.338772665139182,3.5808890019484245,5.223030627795914,102.53612272763738,1274.1400367468323,369.6789483595486,296.0745009311702,367.71526876306683,7.38441942192941,11.454978850406503,0.0,1.5029083188799544,0.0,0.3653490768091958,13.442856127878235,1.8976371302659087,9035.775072518785,1971.0,0.9978731715156954,0.03170506724456797,0.005169868440183903,0.024500182467899506,0.0026307569421063727,0.006557441574544702,0.0008475304304429983,0.7097717849598161,0.0,0.29022821504018387,5.551115123125783e-17,0.29022821504018387,0.0,0.018849656474809403
200,spinup,4.426191131088644,1.0490248141869036,3.377166316901741,3.345476345909465,8.138531194614072e-05,6.662218249561123,0.4247141953256405,1.1811900261480754,7.341332363505211,18.39936681284015,0.0038081824555043975,0.9926336284771576,0.003086405288498001,134.1905144638353,2.369826326654102,2.82788482210652,0.0038101919539367305,1.3224085378742896,3.5383607503426573,4.09614874028487,103.11609760061472,1267.660988333788,373.15223317555063,295.30397895299586,367.7435566827542,7.385161528766101,11.625235147048459,0.0,1.5544741448880353,0.0,0.37170234169255223,13.474679285409675,1.9021034752605923,9036.118660395916,1971.0,0.9978721166454394,0.0317043044952372,0.005169636863238159,0.024504814309485503,0.0026307308642357094,0.006557455470913066,0.000847508645925934,0.6960310846771912,0.0,0.30396891532280873,5.551115123125783e-17,0.3039689153228088,0.0,0.020861173967850387
201,spinup,4.436430065312678,1.0498971838404847,3.386532881472193,3.353461992846232,8.245450325634371e-05,6.712245829985682,0.4273917627122275,1.19046032037352,7.350457545448133,18.39502637829268,0.0038785115918791666,0.9781902043614,0.003245139481288907,134.3672695640589,2.368626289944549,2.8404030409313887,0.003924966795278622,1.3139346291840315,3.5118421000819957,4.942389807122137,102.40383467426719,1264.248186723338,375.9007904552492,297.62160330660316,367.6567757881954,7.384713444932004,11.49429539259075,0.0,1.5238632543700064,0.0,0.37827942084294686,13.567083041605766,1.9132562773488613,9044.595721866861,1971.0,0.9978761872986581,0.03170353507966169,0.005169765179731214,0.024502959606586293,0.0026307407190828483,0.006557424702882458,0.0008475017838559842,0.6976450801760651,0.0,0.3023549198239348,1.1102230246251565e-16,0.3023549198239348,0.0,0.021235866692803664
202,spinup,4.421793033127825,1.0336365139891883,3.388156519138635,3.3613005064224675,6.582801079452426e-05,6.6782342931756515,0.4260608661205856,1.188663422265876,7.353588194046338,18.397197888262543,0.0009976425594928559,1.0592260122380668,0.0031849013495485186,134.5688305620008,2.3688963185037935,2.852887637762664,0.003999550351654723,1.3254132052723497,3.5418839105065447,4.996934278820189,101.19983434502406,1264.3925223633476,373.11999472786414,297.17236893345944,367.7001710201995,7.384478713475076,11.57543047945891,0.0,1.523440787134806,0.0,0.36741900050688475,13.486261654908628,1.9029033712063268,9046.285713703182,1971.0,0.9978843486553064,0.03170455285479316,0.005169784523552495,0.024500639752914874,0.0026307174275562997,0.006557260849898784,0.0008474795301212677,0.7096619461548399,0.0,0.29033805384516004,5.551115123125783e-17,0.29033805384516004,0.0,0.015409827514518658
203,spinup,4.412324962795355,1.0326738477493966,3.379651115045958,3.323614424823179,8.997759290828522e-05,6.568693790458095,0.41986569601466045,1.16706035871872,7.323216405352127,18.40775354503711,0.0055521641789307566,1.434785335492347,0.003843649802521131,134.78723213061633,2.3721130787354467,2.797026300765893,0.003751441644783124,1.3323826909993177,3.5618153016401317,4.457036719089548,102.55820160136385,1261.5142515609823,366.46487037437214,291.7714846711248,367.9112389420453,7.384631120056565,11.321542192919694,0.0,1.4985845059407759,0.0,0.3609054355327994,13.276576460856138,1.8755220205766396,9035.406897340863,1971.0,0.9978456391515974,0.03170159655787787,0.005168751051845741,0.024501339256632546,0.002630403295235727,0.006556935220726772,0.0008474018542194613,0.7030015794036254,0.0,0.2969984205963747,0.0,0.2969984205963747,0.0,0.020639012415803158
204,spinup,4.462669894603698,1.097272248412448,3.3653976461912496,3.3272277560848846,0.00010031948847052309,6.733602788337379,0.42788452521372794,1.1921159046162177,7.345143731898752,18.394770541865974,0.007247374940856844,1.0139223718271,0.0031485671485674874,134.95202372712586,2.368387586774548,2.832098103958143,0.004421274344605043,1.3024465432651642,3.365973658931453,5.4665064792269495,103.21777915445006,1181.6894742551585,380.64683461342804,298.03550843917094,367.6516767118706,7.385818016364416,11.551961609470332,0.0,1.59999657048827,0.0,0.3882475648451087,13.552338356760222,1.908932839999275,9053.789905986812,1971.0,0.9978479575257369,0.03170326134898175,0.005169094019588211,0.02451446993669177,0.0026305440423669375,0.006557541245891591,0.0008474589283813604,0.668961888919663,0.0,0.331038111080337,0.0,0.331038111080337,0.0,0.026408190855141362
205,spinup,4.451238679687406,1.0826437481537186,3.3685949315336874,3.3418854469179435,8.639718441038183e-05,6.6973337882223465,0.4265247097104379,1.1947318061534526,7.363840606867173,18.39559023907007,0.00335169926303771,0.9576660891905207,0.0030435351400949604,135.17654846567905,2.367952105169168,2.838912560012362,0.004641903414839749,1.3160107304134399,3.3829469682653013,5.728722788297138,102.95365297963495,1172.0753774479274,378.11332279995327,298.68949815750085,367.6680095242731,7.385171024735229,11.326990588564396,0.0,1.5558163154918474,0.0,0.3895483238412607,13.531987669288455,1.9070693412526691,9060.660796483635,1971.0,0.9978367213249841,0.03170377299603561,0.005169128267027976,0.02451661091327027,0.0026305471842148565,0.006557714169462037,0.0008474698016706012,0.6869871649944815,0.0,0.31301283500551846,0.0,0.31301283500551846,0.0,0.02121960294318588
206,spinup,4.438802934181116,1.0629576300952002,3.3758453040859173,3.3507164847914943,8.95881131788777e-05,6.704523298864694,0.4267657230866591,1.2014195504122753,7.389208104587193,18.394678249588647,0.0035011289474497285,0.9301959635016126,0.0036296307673969706,135.3844346005401,2.366792632032322,2.849243319374392,0.004825004354521166,1.3159878695809943,3.3554119880719444,6.3765456223070744,102.62432287272274,1156.1384127810647,377.9739478389174,300.36147086818374,367.64971140086834,7.384563430502446,11.134785564883789,0.0,1.5365826684271684,0.0,0.37156934420394816,13.57367358205384,1.9116902196503323,9070.706623665643,1971.0,0.9978568793473312,0.031705734791997287,0.005169527672018564,0.024516057174195437,0.0026306037980440627,0.006557835989181504,0.0008474937406082286,0.6862186589529544,0.0,0.3137813410470455,5.551115123125783e-17,0.3137813410470456,0.0,0.023832971235070204
207,spinup,4.364721242506227,0.9173759933267712,3.447345249179455,3.4264413535010854,4.551458544269155e-05,6.564496346666302,0.4192957001429734,1.1858347082921186,7.385785526653861,18.408975768575015,0.0006465855013968099,1.0084414058564344,0.004475227984427543,135.66858626208668,2.3695506347029673,2.8774944613478444,0.004466556747780551,1.3793748397963626,3.494788431013094,4.529516316015071,102.71578140807293,1172.422440889338,365.32845573755,296.46517493987767,367.9354973257193,7.381268945131437,9.99083192149606,0.0,1.3245814404415988,0.0,0.3267301854200701,13.356704727740293,1.8847015156976372,9066.396585121001,1971.0,0.9979565267449182,0.03170493583693742,0.005170032376784081,0.024482424167379876,0.0026304880872864023,0.0065563468162467,0.0008473814681463309,0.7611333862353831,0.0,0.23886661376461682,1.1102230246251565e-16,0.23886661376461682,0.0,0.010279629780916856
208,spinup,4.418858458139811,1.071519585712992,3.3473388724268185,3.323588737707269,9.247450943057866e-05,6.514810370753428,0.41634825634585365,1.1660959777424595,7.345005321288637,18.42171525803834,0.0018980011148530254,0.9349284395828796,0.0029063369584032958,135.95063307975263,2.3716054438033844,2.7888059744389646,0.0044708287347111795,1.3560314876398831,3.4536867036918286,6.525289736217594,102.85431684650669,1164.2136114557013,367.327525511069,291.5303841426646,368.1902438354266,7.385962955469352,11.629520594938942,0.0,1.6053244209063688,0.0,0.3788845497304561,13.219211100738178,1.8677136051459344,9056.371435257533,1971.0,0.9978751682140664,0.03170649209979924,0.0051693740221751576,0.024505390490593026,0.0026305054720218235,0.006556854465425981,0.0008473927969156981,0.6705428362160731,0.0,0.3294571637839268,5.551115123125783e-17,0.3294571637839268,0.0,0.02132391361666964
209,spinup,4.436288023833543,1.0781344954179217,3.3581535284156216,3.3335347289603843,8.994148703461161e-05,6.725652292831019,0.42784584232510087,1.1910358637274265,7.354364181022994,18.40885786478452,0.003111400986707497,0.8865877881651962,0.0030621162265322185,136.08596931542505,2.3680012223089655,2.8276783173219933,0.004726407453007593,1.3083486935326398,3.378034555988926,7.420101255616996,102.4801527023142,1178.033397170274,379.51085563120336,297.7654922988112,367.93322667163557,7.385462562705485,11.557814494729827,0.0,1.560498338536377,0.0,0.3996282807900689,13.553578707820332,1.9097055354388963,9072.801651834581,1971.0,0.9978780238702499,0.03170623959306284,0.005169522724913647,0.024512895606255074,0.0026306125718661985,0.006557243351774629,0.00084741276477953,0.6762923608977317,0.0,0.32370763910226835,0.0,0.32370763910226835,0.0,0.021923751193346448
210,spinup,4.410086500686472,1.0205201578205607,3.38956634286591,3.3623162859054485,7.161848772671056e-05,6.626478556360589,0.42294879916718064,1.1832853239158807,7.347778825948237,18.4167910955353,0.0017986958156327394,1.0565809322549236,0.003816677593402712,136.30757012617457,2.369680759351408,2.8387274584995725,0.003846074346274375,1.3374238012493953,3.5808890019484245,5.2243897763939575,102.53706957231904,1274.3779913220947,369.52747698600683,295.8278148762825,368.0918128605261,7.384143367414752,11.49421722114392,0.0,1.5022595772904244,0.0,0.3652617445552298,13.446615393288706,1.8973778364946317,9072.426045365588,1971.0,0.9978755359169897,0.031706783864230675,0.005169454547731491,0.024509207689422906,0.002630546252163205,0.006556878624548086,0.0008473619546689368,0.7100241666233609,0.0,0.289975833376639,1.1102230246251565e-16,0.289975833376639,0.0,0.01806282891155151
211,spinup,4.42830599491306,1.0482715829596776,3.3800344119533827,3.3459105455659106,8.132317488406446e-05,6.663737975756154,0.42497563806600086,1.1801138326489498,7.33531618537239,18.417572162531265,0.003787496183436502,1.0920361891724746,0.0030840422411525085,136.4952750542056,2.369749044860402,2.8295026035861643,0.0038106480522284982,1.321166094928616,3.5383607503426573,4.0973888093590265,103.11688756218555,1267.681702311778,372.9237592147352,295.0349246811346,368.10745881019875,7.384899191837775,11.660305999051154,0.0,1.5542945234816323,0.0,0.3715816991480283,13.476681451951404,1.9017284460158996,9072.03942058286,1971.0,0.99787428703938,0.03170608575911169,0.005169208407119702,0.024513821881040704,0.002630523539219119,0.006556907382056226,0.0008473443823012838,0.6960032230078597,0.0,0.30399677699214034,0.0,0.30399677699214034,0.0,0.020204503998365438
212,spinup,4.438403756479804,1.0491483017772005,3.389255454702604,3.3538845663001977,8.241438928101842e-05,6.713450376647877,0.4276574264601099,1.1893733386819842,7.344488337723422,18.412602744258937,0.003862012056082043,1.074225858498683,0.0032445856082882855,136.66945122401893,2.3685461748191834,2.841895331318385,0.003925425860968872,1.3128571042217,3.5118421000819957,4.943459037561377,102.40453547611465,1264.2352438430282,375.67649568255814,297.34985192752464,368.008105759432,7.384451287786016,11.533628727471534,0.0,1.5235324002366673,0.0,0.3781637948702127,13.56710146567468,1.9128652717554382,9079.806531958124,1971.0,0.9978782867752822,0.031705343878020376,0.005169332964618885,0.024511938960742073,0.0026305357476450845,0.006556893716349488,0.0008473421536595673,0.6978887642797615,0.0,0.30211123572023857,0.0,0.30211123572023857,0.0,0.021153708544213005
213,spinup,4.423991619682192,1.0327311148339622,3.391260504848229,3.362110127725665,6.564639941291598e-05,6.68253232584045,0.42647010882719116,1.1874957352820672,7.3474445619404705,18.41411789727454,0.0009868245720761842,1.1594513625650213,0.0031854443466321674,136.86724860987536,2.368826937261065,2.854606282923223,0.004000006242354025,1.3237385293109845,3.5418839105065447,4.9986114218474915,101.20131024928789,1264.86026256902,373.0759313577093,296.88044078908206,368.0383823093022,7.384217929611014,11.625491154874975,0.0,1.5226791362621936,0.0,0.36738801209295124,13.490889715794228,1.9026826704365263,9080.854091802192,1971.0,0.9978867446496188,0.03170630697094764,0.0051693495627836775,0.024509588786906816,0.0026305065322397457,0.006556741233135259,0.0008473200323793335,0.710099735922623,0.0,0.2899002640773769,1.1102230246251565e-16,0.28990026407737696,0.0,0.01465093546639442
214,spinup,4.414092396398265,1.0313955974745617,3.3826967989237016,3.3243033793353285,8.969607269564511e-05,6.5731258905643974,0.4202916975675891,1.1657558422917338,7.316828646171289,18.42396620519418,0.005473431954094292,1.5655748732305081,0.0038392775109187724,137.08007681599713,2.3720638435749217,2.798670369222158,0.003751895096332261,1.3308152302937661,3.5618153016401317,4.458611486895537,102.5592440064228,1261.9946856597878,366.3844194266804,291.4453484161865,368.2353125216814,7.384379816594535,11.363428872240682,0.0,1.4977756997887373,0.0,0.3607976804650608,13.281028702456984,1.8752135684908424,9069.321360745264,1971.0,0.9978480894427998,0.03170333422596567,0.005168309522315617,0.0245103437220746,0.002630190216904144,0.006556427335933021,0.0008472439418987593,0.7036056732703907,0.0,0.29639432672960936,0.0,0.29639432672960936,0.0,0.02006683149294223
215,spinup,4.465003600385469,1.0964217048767408,3.368581895508728,3.3279892499187107,0.00010005983432278492,6.739083287209192,0.42839067296738353,1.190693561273862,7.338310489591317,18.410296072635298,0.007198135450004379,1.1193344369783838,0.0031476899053231528,137.24402307472147,2.3683508992218836,2.8336386740656265,0.004421756980440006,1.300610848608537,3.365973658931453,5.468338535935572,103.21870753967447,1182.2734539901446,380.6589213610787,297.679914809749,367.96201727660207,7.385570439246683,11.577063923914015,0.0,1.5995707787866784,0.0,0.38818669304410125,13.55702708596999,1.908685225642492,9087.054698003834,1971.0,0.9978504845792229,0.031705005168722225,0.005168656684771612,0.024523592006808384,0.0026303251421449627,0.006557042911405218,0.0008473027494763822,0.6693829230519895,0.0,0.33061707694801046,0.0,0.33061707694801046,0.0,0.025224009160175365
216,spinup,4.453317608588523,1.0818834402976063,3.371434168290916,3.342651640329869,8.624651114231952e-05,6.7024005221833685,0.42699663915049463,1.1933920438964603,7.3567999013894045,18.410383044092026,0.0033411258007242945,1.059639840732778,0.003044740652264574,137.46626089068442,2.367922412661076,2.8404998240329897,0.004642378748836831,1.3143667416895597,3.3829469682653013,5.730366842152631,102.95452438328341,1172.6301029035542,378.1194334567876,298.35455025192886,367.9637050498717,7.384924674577432,11.35866166775142,0.0,1.5553492858192028,0.0,0.3894665908972271,13.536378613994284,1.9068283721217987,9093.321645894808,1971.0,0.9978391591916205,0.03170546376885218,0.005168686854401356,0.02452576006833244,0.0026303271342237905,0.00655721993246406,0.0008473122330551538,0.687392398454064,0.0,0.3126076015459358,2.220446049250313e-16,0.3126076015459359,0.0,0.020180652965012806
217,spinup,4.441037152969352,1.0623714441942482,3.378665708775105,3.3514909177977654,8.956230321264479e-05,6.709644983081238,0.42723131446530005,1.2001548432190672,7.382046629489871,18.408806253986405,0.0034885640649953502,1.0265968838426358,0.0036309550658615813,137.6722620148844,2.3667754113908006,2.8508431347590673,0.0048254781133224315,1.314290823001676,3.3554119880719444,6.378250180155928,102.6254827232629,1156.710280899702,378.00529213302787,300.0452871398274,367.93211932675496,7.384322705892635,11.160166688796508,0.0,1.5359264439334521,0.0,0.3715127526823991,13.578558444022665,1.9115079614318597,9102.772233922975,1971.0,0.9978592704627445,0.03170741574056144,0.00516910206780697,0.02452516170959277,0.0026303793214260455,0.00655734988439796,0.0008473344294944859,0.6865341690348019,0.0,0.31346583096519803,5.551115123125783e-17,0.31346583096519803,0.0,0.022961541678756858
218,spinup,4.366495504134526,0.9168925213936272,3.449602982740898,3.4270317047307968,4.549737277583399e-05,6.568068091421382,0.4196517619421022,1.184639592538558,7.378814950511004,18.422497058597546,0.0006462274578363601,1.1051044421351865,0.004475561395096804,137.95417134426427,2.3695434145060417,2.8790467750761297,0.0044670295799817215,1.378027138497218,3.494788431013094,4.530852739902075,102.71662131369332,1172.8111207584811,365.2912806476842,296.1663894527645,368.2057778177747,7.381030825833309,10.035569980520151,0.0,1.3240770419215755,0.0,0.3266037922093926,13.36026027670413,1.8843754740384644,9097.855088833538,1971.0,0.9979586210448218,0.031706592677780206,0.005169609552886384,0.02449146004182599,0.002630262663320959,0.006555877777143717,0.0008472266112413725,0.7613993309987261,0.0,0.23860066900127389,0.0,0.23860066900127389,0.0,0.01021404331087907
219,spinup,4.420652243951928,1.070872067329069,3.3497801766228585,3.3241429950976302,9.245338382586948e-05,6.518337437621009,0.4166875908076485,1.1649045756553176,7.338142990251029,18.434659068037572,0.0018943398808818105,1.0303864290028169,0.0029068378900290646,138.23365334608997,2.3716064056903625,2.7901213522809036,0.0044712903155095995,1.3546636593716253,3.4536867036918286,6.52666736584809,102.85510433270271,1164.6047796089986,367.22639443278865,291.2325270925054,368.44898145146664,7.385728666237661,11.651688115409938,0.0,1.6049734107248066,0.0,0.3787723807119725,13.222540410445166,1.867341080284687,9087.190404094681,1971.0,0.9978772711264047,0.03170813210601961,0.005168959515033256,0.024514374003594054,0.0026302757797041446,0.0065563869460956,0.0008472388398597182,0.6707672844819969,0.0,0.32923271551800304,1.1102230246251565e-16,0.32923271551800304,0.0,0.02067304368172512
220,spinup,4.438376334635757,1.077684520293302,3.3606918143424553,3.334153254791754,8.995989830563292e-05,6.7294241370593335,0.4281889969463213,1.189879937250817,7.347658662572167,18.421267108331627,0.0031003198584116983,0.9761437600530882,0.0030619442176681804,138.36685552951698,2.3680038253913454,2.8290306749777754,0.004726867595282816,1.306865057947055,3.378034555988926,7.421572546885169,102.48091293507932,1178.4700833084676,379.482908324504,297.4765043456763,368.1812790284542,7.385240297102595,11.592406311975653,0.0,1.5601687556337254,0.0,0.39953756996308576,13.557635478443203,1.9094044942575867,9103.045499225127,1971.0,0.9978800715303031,0.031707874336038014,0.0051691192680069315,0.024521802274948892,0.002630380502993224,0.006556781462197438,0.0008472599937192618,0.676541627285784,0.0,0.3234583727142159,5.551115123125783e-17,0.32345837271421596,0.0,0.021324329634567048
221,spinup,4.411947584880106,1.0197444597911192,3.392203125088987,3.3629092511676495,7.149439278350662e-05,6.63001653577067,0.4232689657051154,1.1821562570316697,7.341226780398879,18.428656222176727,0.0017783216450372994,1.1571542230941594,0.003817797404803071,138.58453611430264,2.3696894946041565,2.839991394502249,0.0038465159469279688,1.335950109072329,3.5808890019484245,5.225872795475779,102.53806987672976,1274.8106821473118,369.43797993265014,295.54554196842633,368.3289890743003,7.38393048980281,11.542618203712284,0.0,1.5016645021714876,0.0,0.36515112191103416,13.451171156181404,1.8970423178016507,9102.084105169475,1971.0,0.9978775265678327,0.031708360578636255,0.005169051440865615,0.024518012843119684,0.0026303100504501626,0.0065564322136423365,0.0008472121857139052,0.7104444318449561,0.0,0.2895555681550439,0.0,0.28955556815504385,0.0,0.017493754633301183
222,spinup,4.430159294544111,1.0474334915210237,3.3827258030230873,3.3464714699165032,8.117782287288218e-05,6.6678989190104705,0.4253351764951822,1.1788748165613492,7.328701083237772,18.428898504894736,0.0037616787999508517,1.2009075122097042,0.003081936932773751,138.76829317960653,2.3697692099963676,2.8306458064294406,0.003811093246275095,1.3195962735283118,3.5383607503426573,4.098953247799113,103.11784016570708,1268.1911809989438,372.8513844051211,294.7251638699563,368.3338660612113,7.3846901005457015,11.705534352397974,0.0,1.5537779173115571,0.0,0.37146842102883937,13.481028778466865,1.9013654233921033,9101.104560360258,1971.0,0.9978763083272968,0.03170763633255732,0.005168803142560765,0.02452265722380465,0.0026302846912990203,0.006556477110513949,0.0008471977711495927,0.6963245958506893,0.0,0.3036754041493107,0.0,0.30367540414931077,0.0,0.019362912314433427
223,spinup,4.440303477427365,1.0483330034432885,3.3919704739840757,3.3544967407264714,8.2285246586122e-05,6.717690140728928,0.42803078990271765,1.1881060896930289,7.337730004687053,18.42333625027001,0.0038378327852376212,1.1839260603408535,0.0032445261352901894,138.93929181463696,2.3685698450440493,2.8430214511831706,0.003925871487442406,1.3112700811376237,3.5118421000819957,4.945038897855846,102.40549620154252,1264.7442063618362,375.62787347382584,297.0330327363036,368.2226638827355,7.384246064302055,11.574852196405775,0.0,1.5231465886848319,0.0,0.37806129112945175,13.571450477842836,1.9125054348813708,9108.308116317496,1971.0,0.9978802582381736,0.03170687565628053,0.005168930911612472,0.024520808681547185,0.002630294444392285,0.006556481143327223,0.0008471990411424542,0.6982884815688101,0.0,0.30171151843118993,0.0,0.30171151843118993,0.0,0.02042526567733421
224,spinup,4.425809667853746,1.0318333860725752,3.393976281781171,3.362719840111221,6.554094148604964e-05,6.68680125032791,0.4268598921767596,1.1861885770420526,7.340534681921429,18.424262177133922,0.0009765761213152131,1.2744721972805098,0.0031860796108667136,139.13375442967103,2.3688578274473153,2.8557155970561214,0.004000447193248809,1.3221571536627552,3.5418839105065447,5.000199366769904,101.20267749621628,1265.3814986737195,373.0485295699815,296.55364406641047,368.24116348777795,7.38400983910327,11.669914836652492,0.0,1.5220607970407563,0.0,0.3672523931918944,13.494904192188004,1.9022884051783633,9108.799915085126,1971.0,0.997888672779935,0.031707772246362655,0.00516894115474453,0.024518431376314185,0.002630262459910897,0.0065563488648987985,0.0008471801871567788,0.7106885954456087,0.0,0.2893114045543913,0.0,0.28931140455439136,0.0,0.014062397168110762
225,spinup,4.415598016790329,1.0301369346015092,3.3854610821888196,3.3248044657326257,8.948838042760039e-05,6.577674781372315,0.42071658104297766,1.1642972662234783,7.309742000767704,18.433513394374103,0.005390763315275876,1.7069682703570603,0.003834691654481859,139.34152936582456,2.372108765254954,2.799647759544761,0.003752339192410227,1.3292645978064217,3.5618153016401317,4.460169126819882,102.56027619991617,1262.5474123475406,366.3251875950501,291.0806964067497,368.4261596293998,7.384177541517666,11.399874843379981,0.0,1.4970573665382756,0.0,0.36063784471214677,13.28464237291398,1.874762025756045,9096.699862238354,1971.0,0.9978500426757093,0.031704792242714025,0.005167893689760913,0.024519218719289557,0.0026299476285060863,0.006556051758872021,0.0008471071754620582,0.704198718798603,0.0,0.2958012812013969,1.1102230246251565e-16,0.2958012812013969,0.0,0.01933240774967335
226,spinup,4.467030715987593,1.0955486945406956,3.371482021446899,3.3285782536086392,9.984519786322246e-05,6.744766023780856,0.4289025377807588,1.1891182596019778,7.330838327176024,18.419279301534917,0.007145599812061451,1.233114054216224,0.003146660344509721,139.5047469337135,2.3684042548209745,2.8345006668667962,0.0044222160788783505,1.2987967500880142,3.365973658931453,5.470147827635543,103.21963060641285,1182.9277947173655,380.68589752616776,297.28608075979884,368.1415930900395,7.385364796547535,11.601766574823346,0.0,1.5991369903953174,0.0,0.38809304303546116,13.561119824925079,1.908288087472856,9113.872155366776,1971.0,0.9978525253885749,0.03170646969142632,0.005168245217275726,0.02453260420215056,0.002630080837569774,0.006556686165512778,0.0008471703648761051,0.6699498649191,0.0,0.3300501350809,0.0,0.3300501350809,0.0,0.02392989346087117
227,spinup,4.455354329636286,1.0811771972142432,3.374177132422043,3.343305043142011,8.623278880602885e-05,6.707952293518606,0.427505366390304,1.1918638530239019,7.349162625242599,18.418746633362083,0.0033336262263289457,1.169036622299976,0.0030459905802916296,139.72467650347818,2.367978343524664,2.8414314574284183,0.0046428247990869,1.3125606424225948,3.3829469682653013,5.73217233696647,102.95550632751763,1173.2804426161836,378.15924212606774,297.9724941599571,368.13089605580103,7.384712352962961,11.389625019075162,0.0,1.5549982224939392,0.0,0.3893456638899234,13.540495651501507,1.906436811361875,9119.63163962833,1971.0,0.9978411615138407,0.03170686616161754,0.005168268413128195,0.024534796465263263,0.0026300838086676433,0.006556881880990072,0.0008471826100247351,0.6877604488384438,0.0,0.3122395511615562,0.0,0.31223955116155616,0.0,0.019297492002859712
228,spinup,4.442992786956207,1.0617450978609602,3.381247689095247,3.3520853288254804,8.952527937694121e-05,6.714638318328438,0.42768038864244706,1.1987305119751928,7.37441232936129,18.416604253753864,0.003483990043411064,1.1324808491089147,0.003632435668446054,139.9283654653292,2.3668346538960465,2.851723279127478,0.00482591403881974,1.3126460086571665,3.3554119880719444,6.379904150281356,102.62659033136642,1157.3073026307072,378.0100666166228,299.689196524133,368.0880054106062,7.3841058446628915,11.18936919472526,0.0,1.535461352544916,0.0,0.3714029753111794,13.582564659105048,1.9111327689258335,9128.569418114756,1971.0,0.9978611464376088,0.03170876195376819,0.005168683734854754,0.024534158456173676,0.0026301398520698375,0.006557017230470115,0.0008472055354173985,0.6869201197871463,0.0,0.31307988021285366,5.551115123125783e-17,0.31307988021285366,0.0,0.021834234458212084
229,spinup,4.36813517910405,0.9164070003790784,3.451728178724971,3.4275684153677903,4.551810787093774e-05,6.5724846584987775,0.4200508685485977,1.1832835317840933,7.371338668438085,18.429775673624487,0.0006431493719661905,1.2124078021464024,0.0044754175625549,140.20766806004698,2.369606991333003,2.8799821139336235,0.004467472531393212,1.3765136102996596,3.494788431013094,4.532352625962684,102.7175958627061,1173.3569055496796,365.31859857836986,295.8273668335156,368.3512820887669,7.380816424928443,10.08049741028561,0.0,1.323603541975805,0.0,0.32645770168578736,13.364686892116406,1.8839679442796862,9123.146596236717,1971.0,0.9979603755069982,0.031707901361587104,0.005169190752826829,0.024500388660742244,0.0026300228356032915,0.006555562690209181,0.0008471006395051563,0.7616575350363664,0.0,0.23834246496363365,0.0,0.23834246496363365,0.0,0.009955811368686444
230,spinup,4.422262462550685,1.0702044117438296,3.3520580508068547,3.324588181259892,9.245268305911584e-05,6.522522142507114,0.4170602840225104,1.1635216732388751,7.330811632235934,18.441464022577282,0.0018900979359563208,1.136279122623385,0.0029077345956812087,140.48470216896862,2.3716751855601754,2.7908569202754223,0.0044717183820070705,1.3531946394108771,3.4536867036918286,6.528148033290005,102.85595412870767,1165.126864430732,367.1756307759873,290.8867939106812,368.5850178746092,7.3855144177757195,11.671886900758812,0.0,1.604647922952164,0.0,0.37863794250005267,13.225863738786195,1.866878568312777,9111.949303638781,1971.0,0.9978790082195058,0.03170942054825038,0.005168548835963694,0.024523258360512022,0.002630034534922117,0.006556085714579426,0.0008471156804829003,0.6710769119384923,0.0,0.32892308806150783,0.0,0.32892308806150783,0.0,0.019552150141904083
231,spinup,4.440149335880425,1.0772017739421302,3.3629475619382947,3.334607425637467,9.001146320821801e-05,6.733619107330968,0.42854994469441426,1.188521434473146,7.340514017104608,18.427637648796775,0.003095688006892018,1.0736220541451402,0.003061830593006223,140.61600393250686,2.3680724560765793,2.829756736796634,0.00472728536711143,1.305376620501007,3.378034555988926,7.423049302577989,102.48168595520448,1179.002689069132,379.4765066374315,297.13687120724444,368.3086319405054,7.385025695853816,11.62508310339291,0.0,1.5598003045402267,0.0,0.39941493818088003,13.561200392923162,1.9089694328279603,9127.311298655655,1971.0,0.9978817215111764,0.03170917795689594,0.005168723542607379,0.024530603308433756,0.0026301399355806395,0.0065564935673794985,0.0008471389037875659,0.6768623372082075,0.0,0.3231376627917925,0.0,0.3231376627917925,0.0,0.020459263189806287
232,spinup,4.413533432525271,1.0188846817314634,3.3946487507938072,3.363347076700969,7.138467931348931e-05,6.634094698557217,0.4236236094799823,1.1807961806558978,7.33424861282561,18.434586937886458,0.0017552634947076919,1.264613249592986,0.003818831941750968,140.82981938305252,2.3697611120677715,2.840624571284862,0.0038469370516823432,1.3344384101945994,3.5808890019484245,5.227391859793599,102.53909354113975,1275.3729310987108,369.3862293179403,295.20551542184677,368.4475503827978,7.383718629367353,11.589852278116549,0.0,1.5010912432518766,0.0,0.36499319913114814,13.455188211243089,1.896578107588963,9125.849801156031,1971.0,0.9978791602997085,0.0317096366446891,0.005168652063810399,0.024526740774309906,0.002630067499760073,0.006556159102062891,0.0008470934456538281,0.7109757521519101,0.0,0.28902424784808983,5.551115123125783e-17,0.28902424784808983,0.0,0.016900917358147218
233,spinup,4.431916978064102,1.0464376703431815,3.385479307720921,3.347080538156104,8.096967951804253e-05,6.674316055971272,0.4258109253708097,1.1773343109972974,7.321518470883191,18.43436020498315,0.003729901614325021,1.3124677067929615,0.0030801509811608104,141.0098482099007,2.3698570733516346,2.8312983907850287,0.0038115199224075906,1.317685646170203,3.5383607503426573,4.100856538364126,103.11898232020198,1269.0982631524355,372.9068081870355,294.340029037632,368.4430533187978,7.384481466885399,11.746778160617907,0.0,1.5529380353761693,0.0,0.371368328352764,13.487625523902075,1.900998578220642,9124.389567289463,1971.0,0.997878168190411,0.03170885460523142,0.005168407130330902,0.024531484545045824,0.0026300344995337658,0.0065562126570893825,0.0008470797751124438,0.6971453767226723,0.0,0.3028546232773278,0.0,0.30285462327732776,0.0,0.018451062853124787
234,spinup,4.442297737264413,1.0473547191777468,3.3949430180866664,3.355249546962166,8.202245660556054e-05,6.725064869648266,0.42856972446306846,1.186482819750877,7.330174218800856,18.428236582563816,0.003807528219899992,1.2957238075547075,0.0032443001777879496,141.17759347012998,2.36866864944021,2.8437627987845695,0.003926298356965412,1.3090955921225085,3.5118421000819957,4.947205235177568,102.40678705910241,1265.7650697682648,375.76019868948214,296.62720635594064,368.3206316304575,7.384046319704869,11.620560124057853,0.0,1.5226364799304788,0.0,0.3779692296119838,13.57935506032503,1.9121978692681614,9131.146005605042,1971.0,0.9978821853381818,0.03170807465613079,0.005168543103289633,0.024529766702656032,0.002630039255306274,0.0065562275658949485,0.0008470813684755327,0.6988089976336259,0.0,0.3011910023663742,0.0,0.3011910023663742,0.0,0.01890159594539004
235,spinup,4.427557460607847,1.0307882591431896,3.396769201464657,3.3631794504068973,6.539919777662627e-05,6.69206089499447,0.42734978285358066,1.1845077429531994,7.3327757535355715,18.4286127487015,0.0009627195093237383,1.395264073368654,0.003186757048460209,141.36869309960466,2.368960716669008,2.8562317913819193,0.0040008699024280244,1.3203599641537243,3.5418839105065447,5.002005855927686,101.20421125519444,1266.0469723542162,373.0664234212313,296.1334263339455,368.3281432605805,7.383811722067214,11.720426907052069,0.0,1.5216318218838105,0.0,0.36708822888814163,13.498232154938357,1.9018266373077233,9131.153565203838,1971.0,0.9978903450166552,0.031708958365524856,0.005168531802436286,0.02452740795706333,0.0026300072694466787,0.006556116767718245,0.0008470676893187495,0.7110544780589763,0.0,0.2889455219410237,5.551115123125783e-17,0.2889455219410237,0.0,0.013630723087901605
236,spinup,4.417036329939325,1.0287083957037644,3.388327934235561,3.3252012106472213,8.91893075280921e-05,6.583414750310783,0.4212560011316089,1.1625012534289485,7.301736864098196,18.437316448938763,0.005303028983164411,1.8648512489004043,0.0038310995285833578,141.57034681873637,2.3722221597746724,2.8000388283599915,0.0037527710961595168,1.3274744059934467,3.5618153016401317,4.461967198119947,102.56146674808986,1263.2773037690908,366.34089017181543,290.6316833667356,368.50219639232563,7.383983707449781,11.442375655952247,0.0,1.496352393825414,0.0,0.3604678308376053,13.287961188439024,1.8743045566806402,9118.563233646822,1971.0,0.9978517379859042,0.03170598251261214,0.005167473155512093,0.024528253064975705,0.0026296938302134204,0.006555840443905595,0.0008469984443339626,0.7048229380484615,0.0,0.2951770619515385,0.0,0.2951770619515384,0.0,0.018237560625370842
237,spinup,4.468988181256644,1.0945762476103584,3.3744119336462854,3.329090978953895,9.955763342408273e-05,6.752037486101237,0.42955698904205036,1.1871478599356606,7.322352748307072,18.422556822445017,0.007088718627905472,1.3652420163468035,0.0031461839351368402,141.732606662926,2.368525806653377,2.8347802936523356,0.004422653215778724,1.2967035897398398,3.365973658931453,5.47223545144084,103.22068400198317,1183.7941629521033,380.78629136075716,296.7934700462724,368.2071268838044,7.385170438537823,11.626310462827607,0.0,1.5987409085161262,0.0,0.38801689105985127,13.565239633784415,1.9078998134456848,9135.252607433005,1971.0,0.9978543429113548,0.031707705473778096,0.005167817074956491,0.02454180321016311,0.0026298267139052544,0.006556497115634158,0.000847067138894173,0.6703891297169476,0.0,0.32961087028305236,0.0,0.3296108702830524,0.0,0.02309448439070396
238,spinup,4.457287810678962,1.0803684322058378,3.3769193784731244,3.3438705803061097,8.612517851222366e-05,6.715137907381962,0.42816361706815126,1.1899065138977756,7.340495834391367,18.421465779972685,0.003323104867732138,1.2960081111608739,0.0030479210631685883,141.95036872281372,2.368102644234572,2.841812814613287,0.004643245011120936,1.3104710058846505,3.3829469682653013,5.73426156146321,102.95663533734903,1174.1387292315237,378.2945425325538,297.48314865304457,368.18526964788447,7.384507802696236,11.415344486066378,0.0,1.5545288120332557,0.0,0.3891960215422784,13.544621424040459,1.906003272210251,9140.588454308478,1971.0,0.9978429489936659,0.0317081516352614,0.005167840568103823,0.024544089420847966,0.0026298268032292453,0.006556707734963591,0.0008470835333379185,0.6882874590190551,0.0,0.3117125409809449,0.0,0.3117125409809449,0.0,0.018427177060634018
239,spinup,4.444787640759102,1.0610041193256028,3.3837835214334993,3.3525150473733434,8.945874357922476e-05,6.720638755254542,0.4282495446555727,1.1968786535120572,7.36578031751974,18.418853345437533,0.003475444033647889,1.256579892154674,0.00363470283992302,142.15187669165016,2.3669610409764217,2.8520017667478075,0.004826322943586631,1.310828886890544,3.3554119880719444,6.38173164064345,102.62782494793785,1158.0406995352762,378.0862971239097,299.22622176095706,368.13298352363694,7.383891318878465,11.220177273058182,0.0,1.5351133028114465,0.0,0.37124739772446863,13.585710377285219,1.9106460476134268,9149.081704597103,1971.0,0.9978627553489896,0.03171002926837649,0.00516824042271315,0.024543443698875046,0.0026298905155858338,0.006556852826775031,0.0008471073685304728,0.6873129759832953,0.0,0.3126870240167047,0.0,0.3126870240167047,0.0,0.02098954315659845
240,spinup,4.369671529850191,0.9158676026869822,3.453803927163208,3.4280311776043986,4.5471155231498654e-05,6.5785347460378745,0.42059186423486145,1.1815151592778133,7.362759283798749,18.431535343498872,0.0006376260503862232,1.338670515359216,0.004476582068331662,142.4282053089733,2.3697388696958437,2.880274210597151,0.004467900701991912,1.3747090577425303,3.494788431013094,4.534141952552083,102.7187498446993,1174.1424409960387,365.40272344656586,295.38526401702075,368.38647757170565,7.380599674409448,10.127450116376233,0.0,1.3229485835883033,0.0,0.32631548025231666,13.369453205384488,1.8835185161336185,9143.221297342412,1971.0,0.9979619494960839,0.031709109098417725,0.005168747814089762,0.024509606585932667,0.0026297757052084142,0.006555396683018938,0.0008470020149115582,0.7621447697960053,0.0,0.23785523020399488,0.0,0.23785523020399493,0.0,0.009590770727189848
241,spinup,4.423711157277301,1.0694670724462285,3.3542440848310733,3.324934395210734,9.241189912226173e-05,6.527992455059483,0.41755625296554144,1.1617851142824691,7.322392646006262,18.44279626209749,0.00188796051287154,1.261138304739953,0.002909065742149305,142.70275598243492,2.3718149238977935,2.7910294362353887,0.004472130273188532,1.351516122901475,3.4536867036918286,6.5298394273283815,102.85692210423298,1165.8429612069049,367.19483783331356,290.4526446559796,368.6116695079719,7.3852972711131395,11.692616684249817,0.0,1.6042028011164766,0.0,0.37847661388742315,13.229069701615789,1.8663543706983623,9131.576617314644,1971.0,0.9978805364925103,0.03171062822764288,0.005168108899470733,0.024532456619136486,0.002629790354061052,0.006555919542573558,0.0008470164796017744,0.6715499679180033,0.0,0.32845003208199675,0.0,0.32845003208199675,0.0,0.018844049856742637
242,spinup,4.441689934417664,1.0766243555624282,3.3650655788552366,3.3348974223819923,8.999470218562913e-05,6.738983841259108,0.4290400375638837,1.1867763861259573,7.332296950097801,18.42858841954109,0.0030980362150083113,1.193948707555999,0.0030618744657813697,142.83193915362662,2.368209836463979,2.829924870625113,0.004727683192428359,1.3037526102598898,3.378034555988926,7.424659165581913,102.48248978925567,1179.6941850718786,379.5433256296526,296.7005995583289,368.3276582834562,7.384813706551828,11.659007743502919,0.0,1.5595206761170577,0.0,0.3992737069663046,13.564078232757542,1.9085010777394338,9146.516487439303,1971.0,0.9978831536129681,0.03171042968160866,0.005168287065935891,0.02453976534720166,0.0026299008301042,0.0065563384279970095,0.0008470400509181859,0.6771942155418329,0.0,0.322805784458167,1.1102230246251565e-16,0.322805784458167,0.0,0.019651641437006366
243,spinup,4.414962722502476,1.0180767243229687,3.3968859981795063,3.3636330391532296,7.12937209307762e-05,6.639289674329324,0.4240985476366208,1.179081802722523,7.3262139259754955,18.435148913977418,0.0017347768145347586,1.3989539454431057,0.0038199348607607818,143.04160886310805,2.3699008943625293,2.8407192228346485,0.0038473570244647905,1.332743128599774,3.5808890019484245,5.229100036622908,102.54024735157294,1276.0904800464605,369.3992813668349,294.7769115444454,368.4588050603223,7.383510833003397,11.635919976410026,0.0,1.5006052693180165,0.0,0.3648272433866125,13.45837390996583,1.8961064702562598,9144.634840490598,1971.0,0.9978804966371856,0.03171088011899742,0.005168212016646818,0.024535800202593792,0.002629828041979491,0.006556009124083914,0.0008469951816171814,0.7114000909769944,0.0,0.28859990902300553,5.551115123125783e-17,0.2885999090230055,0.0,0.01601794175791197
244,spinup,4.433259280569249,1.0457057915371757,3.3875534890320735,3.3470760991428588,8.092826124760797e-05,6.677901060255053,0.4262466993422452,1.175609453540157,7.3136280588346505,18.434597450982423,0.003710508935713404,1.4574249185746007,0.0030780532967970573,143.2179391762876,2.369996155989034,2.8311095608375836,0.0038119456358498317,1.316228557926666,3.5383607503426573,4.102310562329864,103.11990102805935,1269.529001396993,372.80201488508413,293.90880522186603,368.4478169475483,7.38427548929301,11.78382790383503,0.0,1.5527899084305,0.0,0.37119343008031735,13.487036033577542,1.9004048094680477,9142.713672939466,1971.0,0.9978792763114795,0.03171014767121664,0.005167951102178636,0.024540486224942447,0.002629803419044995,0.006556074110637036,0.0008469864433262523,0.697329149309746,0.0,0.302670850690254,0.0,0.302670850690254,0.0,0.017548120087987916
245,spinup,4.4435888562632035,1.0464910883384992,3.3970977679247043,3.355297161090094,8.194749687408287e-05,6.728508110689514,0.4290107722429142,1.1847711028627717,7.3224314254193255,18.42814395584598,0.00379171224306513,1.4434837282084276,0.003243834499016575,143.38219866106382,2.3687993658170736,2.8434897956440994,0.003926719881184627,1.307745769404561,3.5118421000819957,4.948545174430655,102.40766589891551,1266.1642810380738,375.6727834296137,296.19926775443815,368.3188014112962,7.383830131726115,11.666507027525073,0.0,1.5223109043658845,0.0,0.3777980605244599,13.578680105956789,1.9116174509896373,9149.022923607206,1971.0,0.9978832516888286,0.03170945806126515,0.005168077340158672,0.024538743203622974,0.002629814934045436,0.006556104066194363,0.0008469918750689147,0.6991754265487186,0.0,0.3008245734512815,0.0,0.30082457345128144,0.0,0.018402333086854163
246,spinup,4.429141735078705,1.029711954768192,3.3994297803105127,3.363647903119185,6.523135585444278e-05,6.698740026898974,0.4279336520217653,1.1826987485460247,7.32482775212767,18.428100843831476,0.0009450958858180612,1.5521371503472527,0.0031877115188928473,143.56891305551918,2.369097771201468,2.8562000007171178,0.004001284220285262,1.3183728061605182,3.5418839105065447,5.003993538731229,101.20594464887206,1266.9458511739142,373.1661206437162,295.68116781963647,368.31793313729946,7.383592394853006,11.77347654005548,0.0,1.5208921087653962,0.0,0.3670166411110796,13.502603511913609,1.9014614200843734,9148.655583367778,1971.0,0.9978917717933463,0.03171027064331791,0.005168050200949006,0.02453640354459609,0.002629782145822341,0.006556007835413302,0.0008469814603872148,0.7117418588143036,0.0,0.2882581411856963,5.551115123125783e-17,0.28825814118569637,0.0,0.012756826523635759
247,spinup,4.418379127991956,1.0271938169835957,3.39118531100836,3.3256851186840546,8.879881598969145e-05,6.591119074426876,0.4219192712987216,1.160542984113426,7.293405005017562,18.43627179896383,0.005214152360799059,2.0519092867117212,0.0038276879860099505,143.76500426524368,2.3723752242894354,2.8000942385294283,0.003753201352993374,1.325393061360247,3.5618153016401317,4.464059112588332,102.56285407426606,1264.3015535057605,366.47092670302925,290.14210530737694,368.4813388942341,7.383781251118903,11.479532913211944,0.0,1.495679413036061,0.0,0.36035466954737716,13.293180942865249,1.8739715337850742,9135.703678187201,1971.0,0.9978533142221993,0.03170724872973333,0.005166979164904176,0.024537344561528573,0.0026294696132948396,0.006555750953140184,0.0008469148521715157,0.7054085951084366,0.0,0.2945914048915635,0.0,0.2945914048915635,0.0,0.01790722799067441
248,spinup,4.47074256294736,1.0934674960298285,3.3772750669175315,3.3295566486401,9.920972919891908e-05,6.760357541491687,0.4302593003399998,1.1850059604177796,7.3134580161753,18.42099855412091,0.007034045023245452,1.5263852059651786,0.003146230780235012,143.92655671478914,2.368691637591283,2.8346800748306946,0.0044230780208946475,1.2945065524476387,3.365973658931453,5.474427900469774,103.22177661523794,1184.8222471393049,380.9512258140991,296.2579834301092,368.17600480338194,7.3849696185750435,11.650043946348546,0.0,1.5982025171142236,0.0,0.38793351648189733,13.569896066914922,1.9075996299999827,9151.990182520529,1971.0,0.9978559409349339,0.03170899623728639,0.00516731060309484,0.02455107760326884,0.002629599062977904,0.006556427879493039,0.0008469873806691598,0.6709256624556668,0.0,0.3290743375443333,0.0,0.3290743375443333,0.0,0.02197331619800668
249,spinup,4.45896426787608,1.079325329127881,3.3796389387482004,3.344380569638661,8.594624821531888e-05,6.723449140615237,0.4288691544440494,1.1877493910547894,7.331228969684805,18.41933210016836,0.0033045210160333265,1.4506033396391536,0.00305020733464562,144.14225346614532,2.3682739081698,2.841746900569342,0.004643649521272127,1.3082887253055526,3.3829469682653013,5.736442660247616,102.95781257511368,1175.1748580681287,378.4856082882815,296.94385612218775,368.14264735177187,7.38430829272453,11.440518015952879,0.0,1.5541706291034818,0.0,0.38907576282617984,13.549248775190994,1.9056718666438761,9156.962976127668,1971.0,0.9978445466500903,0.0317094478052361,0.0051673256516839095,0.02455349070351668,0.002629597521367327,0.006556655889645489,0.00084700961666715,0.6887733521084685,0.0,0.3112266478915316,0.0,0.3112266478915316,0.0,0.017537864988552632
250,spinup,4.446556278670091,1.0602901627609527,3.3862661159091383,3.3529811660155406,8.941145678997549e-05,6.728243447196078,0.4288883690349098,1.1948717147412409,7.356327060348421,18.41625910751019,0.003462860163305599,1.403840696144183,0.0036373682952969785,144.34184077449115,2.3671406099065773,2.851892655459173,0.00482671706691434,1.308707825925034,3.3554119880719444,6.383863455161146,102.62926384496099,1159.0149170097593,378.23381551396716,298.7244760710871,368.0811561743555,7.383674083413219,11.246830106164534,0.0,1.5345424231951121,0.0,0.37111473849346527,13.59023410359959,1.9102633949176724,9165.091350342629,1971.0,0.9978642221498251,0.03171131526874814,0.005167729497792885,0.02455286156136098,0.0026296569089077062,0.006556809196507397,0.0008470359749615903,0.6878551260342922,0.0,0.3121448739657077,5.551115123125783e-17,0.31214487396570784,0.0,0.020199211088529553
251,spinup,4.370999280942137,0.9152127868621557,3.455786494079982,3.42833597424565,4.547140013204059e-05,6.584585783506502,0.4211195768245471,1.1796467178720649,7.353461646694571,18.428519215880346,0.0006324550856357673,1.4904144229446028,0.0044780636290490915,144.61532272846762,2.369924669060754,2.880158587234274,0.00446832461176387,1.3729158424617434,3.494788431013094,4.535918826080073,102.7199025066085,1174.946899787385,365.5273681729806,294.9181434273242,368.32621713182436,7.380373256905142,10.174306291372918,0.0,1.3223865634331635,0.0,0.32613314526425297,13.37315918976803,1.8830138848544467,9158.868158688589,1971.0,0.9979632349525271,0.03171031936453128,0.005168222169882912,0.02451898343787098,0.0026295443715424658,0.006555361595564023,0.0008469332905457168,0.7626597455546343,0.0,0.2373402544453655,1.6653345369377348e-16,0.2373402544453655,0.0,0.009370906847684083
252,spinup,4.425128000419649,1.068554772366216,3.356573228053434,3.32522077359535,9.234521951855828e-05,6.534312547112368,0.41809951037715737,1.1598553372264577,7.313098291615497,18.439361868465255,0.0018799264259634525,1.4129675295355169,0.0029111105917850894,144.88725620200344,2.372008053753711,2.7907459967355654,0.004472535365403132,1.3496379443667075,3.4536867036918286,6.531731337697488,102.8580100036005,1166.6916982337757,367.2529043310077,289.97018981762403,368.54304882387544,7.385054643954706,11.713225352784484,0.0,1.6037024164480527,0.0,0.3782871736149729,13.23229483934832,1.8658001143595135,9146.837365981113,1971.0,0.9978818357644895,0.031711797776705485,0.0051675804941150785,0.024541837111198388,0.0026295605807187205,0.006555886500688462,0.0008469498793350694,0.6720446026896093,0.0,0.32795539731039075,0.0,0.32795539731039075,0.0,0.0182172812763389
253,spinup,4.443338548226834,1.0762391745076445,3.3670993737191894,3.335218670172501,9.011198226819771e-05,6.745257671830203,0.4295557454987643,1.1849328845790361,7.3231536539646855,18.424798565686878,0.0031017583653275022,1.3364482077394422,0.003062546638048686,145.01437304913753,2.3684014623316894,2.8296548756113835,0.004728068092467773,1.3018579507984707,3.378034555988926,7.426540622600918,102.48346832235673,1180.5480333995029,379.63714694473146,296.2397140699989,368.2519323030158,7.3845677366489815,11.690653724741964,0.0,1.559249726501843,0.0,0.3991310240283283,13.567868965236837,1.9079999374918692,9161.419206396533,1971.0,0.9978843583999883,0.031711555428564256,0.005167767085619482,0.02454902725077182,0.002629677302030047,0.006556298941151276,0.0008469716918979363,0.67761541207647,0.0,0.3223845879235299,5.551115123125783e-17,0.3223845879235299,0.0,0.019274807090970496
254,spinup,4.416245351634223,1.0173585463399875,3.3988868052942354,3.3638791133378785,7.126160741708624e-05,6.644649289499854,0.42453938341236497,1.1773685649609233,7.3174508014766975,18.43104508362119,0.0017133338461297009,1.5516843674531704,0.0038216559856615556,145.22015374865106,2.3700927481407974,2.840403795102912,0.003847777275346121,1.3310201115352795,3.5808890019484245,5.230833502018598,102.54142090305308,1276.9046397630057,369.43414546097847,294.34859271623554,368.3768023266052,7.383265850083113,11.682494678304561,0.0,1.5000595357595632,0.0,0.3646454456573158,13.461782955221372,1.8955721345828738,9159.18609288253,1971.0,0.9978815997526531,0.03171190851291838,0.005167695351955819,0.02454491345683464,0.002629603715222923,0.006555971771980086,0.000846926907886905,0.711879567583193,0.0,0.2881204324168069,5.551115123125783e-17,0.2881204324168069,0.0,0.015462942588804967
255,spinup,4.434595158458468,1.0448732580851514,3.3897219003733174,3.3473429016384615,8.079732069193663e-05,6.683945494856546,0.4267257532902763,1.1738345640990284,7.304930729756708,18.43018294583027,0.003677007648157531,1.6169416147586915,0.0030767248101331674,145.3927317646248,2.3701945409605862,2.8307267262749853,0.0038123690603138376,1.3143772713751547,3.5383607503426573,4.104155157727524,103.1210240453775,1270.4293689889164,372.84816501919624,293.4650731359492,368.35960431486467,7.384030984163793,11.821464964419015,0.0,1.5522985251057886,0.0,0.3710492426434825,13.49114984485835,1.8998958634960081,9156.908143614104,1971.0,0.9978804201148332,0.0317110869500344,0.005167433437128216,0.024549567900129084,0.002629577376930909,0.006556043557235724,0.0008469201388980319,0.6978136324736579,0.0,0.3021863675263422,0.0,0.3021863675263422,0.0,0.01677607934128042
256,spinup,4.4450388815523665,1.0457307699902314,3.3993081115621355,3.3556543530763867,8.185334273477722e-05,6.734619119324691,0.42951238797987273,1.1830051359607814,7.313711210212438,18.42336764819106,0.003770491710125915,1.6008021487887227,0.00324399329315594,145.55389152116587,2.3689975036016193,2.843118888657003,0.003927133634381914,1.3058455000648008,3.5118421000819957,4.950437375965315,102.4088205500041,1267.0360814638364,375.74159639149764,295.7577663521976,368.22335718977877,7.383584512486108,11.708450827361492,0.0,1.5219405833477582,0.0,0.3776424345469375,13.582833490282962,1.9111279606108607,9162.878071454565,1971.0,0.9978843498551992,0.03171037283904282,0.005167563721161355,0.02454782041139908,0.002629589375704144,0.006556082636336935,0.0008469271141188014,0.6996303404001294,0.0,0.3003696595998706,0.0,0.3003696595998706,0.0,0.017891254912328153
257,spinup,4.430547046551048,1.028706210809119,3.401840835741929,3.364047724834548,6.50945423761104e-05,6.7051774030701,0.4284722082048866,1.1808668514113485,7.316053086853024,18.422953753331065,0.0009323465937567575,1.7153293164927244,0.003188539958399501,145.73708855933396,2.3692994418060223,2.855829972254617,0.004001686517889184,1.3164217016361126,3.5418839105065447,5.005951537335106,101.20763457639558,1267.8511704425111,373.26675413114253,295.2231834979548,368.21507791565017,7.383346330951261,11.82070383493101,0.0,1.5203582664323285,0.0,0.3668705559842689,13.50668626440048,1.900980410741326,9162.182151182458,1971.0,0.9978929054104616,0.03171111711137875,0.005167520548643493,0.02454548633711101,0.0026295548788267493,0.006556003025726198,0.0008469198873031536,0.7124040036244923,0.0,0.2875959963755076,1.1102230246251565e-16,0.2875959963755076,0.0,0.012269390353471219
258,spinup,4.419465476565808,1.025754646809824,3.3937108297559835,3.3260068523379456,8.843752107070055e-05,6.597982429875304,0.4225006928677552,1.1585574439303423,7.284433955935735,18.430693989011164,0.005133603087666712,2.2465859853223775,0.003824340673779739,145.92760744848465,2.3725872095232923,2.7996742778044084,0.003753621842959388,1.3235029395442786,3.5618153016401317,4.4659578360039545,102.56410880504522,1265.2680042910265,366.5628224228585,289.6457093816953,368.3698750574122,7.383547289660545,11.519563219164569,0.0,1.4950357085372223,0.0,0.36018182312335356,13.297610726066704,1.8734880510779781,9148.900079689494,1971.0,0.9978544951925181,0.03170804987546959,0.005166439508452257,0.02454651547288135,0.0026292436006416153,0.006555761518172025,0.0008468558806247813,0.7060658195131252,0.0,0.29393418048687475,5.551115123125783e-17,0.29393418048687475,0.0,0.017222882309523697
259,spinup,4.472286636217953,1.0924075413071395,3.3798790949108137,3.329969718582938,9.888963925236756e-05,6.768666511845617,0.43095294790654587,1.18280568320491,7.304036341148709,18.41501675785582,0.006978850859792537,1.6939450921070363,0.003145600301867338,146.0883936625729,2.368911840158811,2.834132856158509,0.004423480013662337,1.292343446366467,3.365973658931453,5.476585768109351,103.22286462792182,1185.896813929239,381.1195501057274,295.70790207031405,368.0564673849418,7.384735353570931,11.67222871341859,0.0,1.5977591708277892,0.0,0.3878378193601446,13.57430186664297,1.9071912520942913,9164.833799483145,1971.0,0.997857242235742,0.03170980866084998,0.00516675602757085,0.024560390176779554,0.002629373639161166,0.006556453145674018,0.0008469305340167827,0.6715527763169657,0.0,0.32844722368303425,0.0,0.3284472236830342,0.0,0.02099865466788973
260,spinup,4.460511101097317,1.0782308075708749,3.3822802935264407,3.3449274835862077,8.569146515639539e-05,6.732085468281553,0.4296075566600272,1.185498061193884,7.321505729395886,18.41286746378936,0.0033001849093064178,1.6124895054454667,0.003052643855165691,146.30179945031003,2.3684962072617983,2.84128528226683,0.0046440245639958,1.3060647383909407,3.3829469682653013,5.738665277254285,102.95901359517251,1176.271344679817,378.69823233273934,296.3810113206369,368.0134598264212,7.384073741841132,11.467304530277756,0.0,1.5537898572897106,0.0,0.38893873719514116,13.55405493959628,1.9052536100965027,9169.50863356287,1971.0,0.9978458881098361,0.03171026737229711,0.005166759322631133,0.024562949081633395,0.00262937347837058,0.006556703424869205,0.0008469580042533391,0.6891611826081302,0.0,0.31083881739186975,5.551115123125783e-17,0.31083881739186975,0.0,0.016834793742610474
261,spinup,4.448112967728497,1.059312903143081,3.3888000645854173,3.353498770430919,8.927172457659398e-05,6.736868101936186,0.4296181480950051,1.192596441123337,7.346357570960413,18.40932524289495,0.0034441904695822084,1.5601819075960741,0.0036406656625460275,146.49941510179485,2.3673668340427896,2.8514111845205052,0.0048270759205963935,1.306485354183903,3.3554119880719444,6.386096925786763,102.6307680961538,1160.1276502159915,378.4592471211876,298.15564519908514,367.94259046278296,7.383434390780103,11.274451360811307,0.0,1.5340293763248098,0.0,0.370965106780924,13.594768396711123,1.9098418532026056,9177.330955172934,1971.0,0.9978655253064419,0.031712152986849866,0.005167159916282849,0.024562400671923737,0.0026294317203650417,0.006556872093889096,0.0008469877550086483,0.6884481053290343,0.0,0.31155189467096567,0.0,0.31155189467096567,0.0,0.019587673951910318
262,spinup,4.372297889836826,0.914553374373484,3.4577445154633426,3.4287301495205207,4.541987908739143e-05,6.592096501917481,0.4217690018278708,1.1774980873094818,7.343463546579598,18.421214830680864,0.0006258203382991959,1.6483015179808842,0.004480421682480534,146.7702048228741,2.3701588959764064,2.879604243742761,0.004468724194369277,1.370860830933064,3.494788431013094,4.537956011627032,102.72121718912182,1175.9603735802386,365.7024847740245,294.3809740131022,368.180245591444,7.380113706279023,10.21853392048261,0.0,1.3217552981251797,0.0,0.3259582221071482,13.377803650882,1.8824936425885643,9170.793970228333,1971.0,0.9979644347343412,0.03171114018825713,0.005167646901840276,0.024528510068223812,0.0026293131316526257,0.006555433226720829,0.000846889138986102,0.7631319187753518,0.0,0.2368680812246482,0.0,0.2368680812246482,0.0,0.009055322114596758
263,spinup,4.426272298313023,1.0674887071567134,3.35878359115631,3.325522309795223,9.224603141109903e-05,6.5417839195423255,0.4187391377746976,1.1576893533873944,7.303152194620513,18.431722836105994,0.001867411321665722,1.5703061552358475,0.0029138196128068263,147.03959295512726,2.372250451879869,2.7901006306141314,0.004472918642653894,1.347675779642301,3.4536867036918286,6.53370859500824,102.85913689957428,1167.702432838539,367.37983082196,289.4286819891936,368.3903882664382,7.384775212640337,11.73402784723461,0.0,1.6031658606268482,0.0,0.3780692308973239,13.235631630535504,1.8652025789412887,9158.44074615617,1971.0,0.9978830306386779,0.03171259332300633,0.005167000065470419,0.02455141621190666,0.0026293223225095216,0.006555968953087934,0.0008469102678772182,0.6726251694512316,0.0,0.3273748305487683,5.551115123125783e-17,0.32737483054876837,0.0,0.0176721377751244
264,spinup,4.444802826752134,1.0755532103302334,3.3692496164219006,3.335602787049261,9.010989673218046e-05,6.752797880319264,0.4301875104632862,1.1827632601538447,7.313214840089079,18.416820522114975,0.00309935578756383,1.486367316956591,0.0030639980652799434,147.1645121733954,2.368641721363879,2.829007098025475,0.00472842474249579,1.2998018217452816,3.378034555988926,7.428579023146511,102.48451102893799,1181.5621523602024,379.80996498784447,295.6972960750874,368.09249562290177,7.3842651598959,11.72485313393086,0.0,1.5589768526096608,0.0,0.3989541988357175,13.571660549593368,1.9074266758650582,9172.716446226246,1971.0,0.997885454435121,0.031712278024938145,0.005167177948389064,0.024558613594966878,0.0026294438091133614,0.006556386530135038,0.0008469348024801792,0.6780726003140501,0.0,0.32192739968594986,0.0,0.3219273996859498,0.0,0.01874949966548792
265,spinup,4.417612174717187,1.016341943572887,3.4012702311442995,3.36431730023122,7.110135627282199e-05,6.652106588364081,0.4251532088135065,1.1752531646900197,7.307599331077866,18.422711865753516,0.0016889507733365533,1.7150989290627139,0.0038244934504967063,147.36613318552443,2.370333798014888,2.839725243107668,0.0038481880361985687,1.3288666201700499,3.5808890019484245,5.232999435297829,102.54288834626132,1277.9946629931967,369.5838818175777,293.8197310570212,368.21026623955856,7.382949374406016,11.733661815613331,0.0,1.499460938955592,0.0,0.36447087331656536,13.466248252550635,1.8950202795326625,9170.18942210093,1971.0,0.9978827157224159,0.031712535559800505,0.005167091571172229,0.02455446958284425,0.002629370373087983,0.006556067743128918,0.0008468920824902547,0.7124623437064763,0.0,0.28753765629352357,1.1102230246251565e-16,0.28753765629352357,0.0,0.014946677491958455
266,spinup,4.4359858019305065,1.0437374376418178,3.3922483642886894,3.347888938826282,8.049492658225116e-05,6.693373720683122,0.4274401596282209,1.1715760849915116,7.294865631164276,18.42149370964771,0.0036363865895777353,1.7904153699209113,0.0030766524497311365,147.53469217362334,2.37044890114124,2.8300943711719135,0.003812788844005502,1.3119689380047193,3.5383607503426573,4.106554900140107,103.1224705896811,1271.8077781351533,373.0875533323865,292.9004409835708,368.1859527744098,7.383704567871895,11.859359907434229,0.0,1.5514936832076447,0.0,0.37091081418823957,13.498327640463206,1.899447060820998,9167.629884652346,1971.0,0.9978817275399735,0.031711609797664735,0.0051668262241794695,0.02455920988890339,0.002629337754390147,0.006556147365703163,0.0008468861402347963,0.69877808698474,0.0,0.30122191301525997,5.551115123125783e-17,0.30122191301526,0.0,0.01608567755677794
267,spinup,4.446674904340626,1.0447268806768177,3.401948023663808,3.356419199573369,8.154131335600566e-05,6.745637205480762,0.4303209475929533,1.1806741957312885,7.3032617977667025,18.414231644653004,0.0037325979685367333,1.7714934710561512,0.0032455702008871265,147.6927616252614,2.369263105895031,2.842612212794936,0.003927546514378895,1.3030930742167197,3.5118421000819957,4.9531785303884845,102.41047239430628,1268.6207498366334,376.0778774114993,295.1750185222692,368.040776785481,7.383256330467603,11.751724545505422,0.0,1.5213167222771544,0.0,0.37753961725836543,13.591796078556904,1.910774001580846,9173.34395700388,1971.0,0.9978858037815991,0.031710830811531004,0.0051669574765558016,0.024557594104713063,0.0026293441638071133,0.00655619171297373,0.0008468934768463184,0.7003041445556475,0.0,0.2996958554443527,0.0,0.2996958554443527,0.0,0.01670061187171467
268,spinup,4.431886552640749,1.0277428196689489,3.4041437329718,3.364463061876813,6.498979109673704e-05,6.713751049864898,0.42921361266888164,1.17853757131305,7.305471194706696,18.413413669399755,0.0009203983882648623,1.8912055338424574,0.0031905061645087973,147.8731448558697,2.369569750826096,2.8551359470774877,0.004002089877955291,1.3141330294906237,3.5418839105065447,5.008252799035452,101.20959177625765,1269.0176337147684,373.4787920852336,294.6408507099219,368.02442117861557,7.383018831211719,11.859707083895653,0.0,1.5199883796616807,0.0,0.3666838290130674,13.511052979491893,1.9004516674885614,9172.364128122803,1971.0,0.9978940973774765,0.03171156504915436,0.0051668940348325535,0.024555260882870945,0.0026293101906304907,0.006556122046776932,0.0008468898778615728,0.7128085675861221,0.0,0.28719143241387785,5.551115123125783e-17,0.2871914324138778,0.0,0.011708450552822151
269,spinup,4.420424283058021,1.0244095322903666,3.396014750767654,3.3263107094627316,8.807590297589185e-05,6.606567688114038,0.42324609863480794,1.1561940636650725,7.273806637093957,18.420774448872343,0.005056404448800015,2.438878686249561,0.003821407096945062,148.0596375289663,2.372865742251952,2.7988983980800124,0.003754047940867353,1.3213763672448866,3.5618153016401317,4.468094651496681,102.56552410814888,1266.4675719820862,366.75670291510284,289.05485136506513,368.1716339337577,7.383231484293135,11.547931268539916,0.0,1.4942941774092469,0.0,0.3599844771424212,13.305856559856178,1.8729604837529465,9158.789727922376,1971.0,0.9978556645479022,0.03170848405870442,0.005165805442843195,0.02455635141716967,0.002629001839091873,0.006555889420403523,0.0008468274536143393,0.7068108264484667,0.0,0.29318917355153334,0.0,0.29318917355153334,0.0,0.01611641542535013
270,spinup,4.473663895741423,1.0914187417777514,3.3822451539636726,3.3303554344563278,9.860634147881672e-05,6.778655162726796,0.43179416090772876,1.1802869497540573,7.29309952418015,18.40474991145015,0.006919462147230701,1.8551874341836518,0.003145619980077017,148.220049315013,2.369199469917194,2.833238535301409,0.004423877043918236,1.2900017489686642,3.365973658931453,5.47892184229886,103.22403867068182,1187.199550043625,381.3714223136757,295.0782049060191,367.85128520528326,7.384421123204287,11.695020717753454,0.0,1.5972982109570344,0.0,0.3877171926604387,13.578978138399183,1.906730190861023,9174.416354899016,1971.0,0.9978585030592916,0.03171028499166356,0.005166112154272989,0.02457033422749343,0.0026291315275963796,0.006556585649955381,0.0008469033296304376,0.6722263597649921,0.0,0.32777364023500793,0.0,0.3277736402350078,0.0,0.02031690882146054
271,spinup,4.461902146106071,1.077274098710321,3.3846280473957497,3.3454358151009504,8.549998074112868e-05,6.742251342351516,0.43046874672941277,1.1829968158922903,7.31045244822079,18.402186469086313,0.0032880000694287073,1.7695969691824351,0.0030554774653357617,148.43103428974814,2.3687838330343225,2.8405169710272884,0.0046443872195655635,1.30368440875847,3.3829469682653013,5.7410448028544945,102.96030415648727,1177.5876207081199,379.0001979805292,295.7556862894844,367.800000034515,7.383765288275009,11.495605984240761,0.0,1.5534514113564892,0.0,0.3887775767211081,13.559227438246142,1.9047934258000152,9178.847028927215,1971.0,0.9978471685314152,0.03171077501301324,0.005166112122371968,0.024573012626314533,0.0026291317777970952,0.006556853822159935,0.0008469347761689961,0.6896542981002971,0.0,0.31034570189970284,5.551115123125783e-17,0.3103457018997028,0.0,0.016579309516024366
272,spinup,4.449414429510914,1.058236568574223,3.3911778609366916,3.3539321273588527,8.902866536641415e-05,6.746444791489029,0.43043733242234256,1.190053104748234,7.335178388615884,18.398220240930478,0.0034327815090262363,1.710663911417879,0.0036441877798945896,148.62687741832747,2.3676585535644747,2.8505829213368186,0.004827418551133076,1.304244896076908,3.3554119880719444,6.388348890452953,102.63228076092457,1161.3688970879427,378.7454109124825,297.5197971689143,367.72065602503335,7.383119699816953,11.298155258176527,0.0,1.5335244833762014,0.0,0.3707873569089042,13.599209536003958,1.9093107429470353,9186.406347170123,1971.0,0.9978666965662528,0.03171268032284202,0.0051665006788138065,0.024572590674540554,0.002629195183711989,0.006557036436064453,0.0008469693507689581,0.6890433162567285,0.0,0.31095668374327157,0.0,0.3109566837432715,0.0,0.019096071147586997
273,spinup,4.3732527603579285,0.9137565027930294,3.4594962575648998,3.429003659968398,4.526814322962069e-05,6.600926027995884,0.4225256714719254,1.1749773795053233,7.3322173248420155,18.409692755696405,0.0006206711943881777,1.8033473209542723,0.0044831965667219975,148.89505531661553,2.3704547773152145,2.8786980203107366,0.0044691195938799735,1.3687820040324878,3.494788431013094,4.540016763690489,102.72255273287543,1177.167911021774,365.97176641723865,293.7507832496624,367.94997494729495,7.379794861415631,10.262544582819606,0.0,1.3211003100517924,0.0,0.32576234661400133,13.382081481934186,1.8819246923913924,9179.600295541828,1971.0,0.9979655502213036,0.03171172276067638,0.0051669796568568176,0.02453872400439398,0.002629085390648299,0.006555605985714168,0.0008468706262962406,0.7637661497845222,0.0,0.23623385021547777,5.551115123125783e-17,0.23623385021547777,0.0,0.008759041191498826
274,spinup,4.427147322354298,1.0663986690083416,3.360748653345956,3.3256470794953064,9.206062069273246e-05,6.5501501981791055,0.41944917285442374,1.155194358941295,7.291972364873326,18.419871786456458,0.0018606865800844877,1.7251712741189438,0.0029165480916030647,149.16191948319369,2.3725543726171328,2.7890276774198806,0.004473300672083889,1.3457209997393218,3.4536867036918286,6.535678829986585,102.86025966066804,1168.866604672343,367.5429032434195,288.80491970616663,368.1535419467862,7.384458507607901,11.754103389512082,0.0,1.6026556964633363,0.0,0.37785915941743276,13.2387821654297,1.8645865250107203,9166.954994472224,1971.0,0.9978840866199271,0.03171325584711057,0.005166320679198278,0.024561659721412478,0.002629096823603812,0.006556154185135318,0.0008468944075744945,0.6733275473527922,0.0,0.32667245264720784,0.0,0.3266724526472078,0.0,0.017218441029949537
275,spinup,4.44584280902846,1.0744533669997223,3.3713894420287382,3.3357047297626505,8.991408350904845e-05,6.761539575963252,0.4309289358554137,1.1802281365763765,7.301957925318682,18.40467490150935,0.0030812567464181552,1.6338880984847657,0.003065403440287225,149.28467541817716,2.368948224154469,2.827925810047351,0.004728785853124993,1.2977623505166405,3.378034555988926,7.430599518930698,102.48554553871497,1182.7444424479772,380.035479700838,295.06350128932786,367.84976167630805,7.383931149474058,11.758054225146662,0.0,1.5584001066510118,0.0,0.3987693393614669,13.574853498143199,1.906848170524286,9180.955675867712,1971.0,0.9978864363181751,0.03171304179906165,0.00516648195126523,0.024568990136652473,0.002629211631859701,0.0065565870963994735,0.0008469236085033931,0.6788547237523993,0.0,0.32114527624760075,0.0,0.32114527624760075,0.0,0.01832681401053506
276,spinup,4.418547296312421,1.0152838121300487,3.4032634841823732,3.3643609815607687,7.090578467813157e-05,6.660706429246849,0.425882300615813,1.1727279350323214,7.29631552815256,18.410248860046178,0.0016594358638607172,1.8774517458485902,0.0038274465435151925,149.48222863184915,2.370647445050286,2.8386315342500765,0.0038486324272829727,1.3267310392386131,3.5808890019484245,5.235151043656237,102.54436021484145,1279.23947272472,369.7972196734501,293.18840980541853,367.9611885231026,7.382594902808341,11.77848196019937,0.0,1.4987807794687789,0.0,0.3642316972122717,13.469491214011686,1.8943849118784952,9178.175414249501,1971.0,0.9978836567610787,0.03171335827361024,0.005166379407669091,0.024564810567096813,0.0026291311852706094,0.006556269730184322,0.0008468845778760595,0.7131148822367698,0.0,0.2868851177632303,0.0,0.2868851177632302,0.0,0.014528842734877548
277,spinup,4.436785386614853,1.0429467293145658,3.3938386573002868,3.347659137934033,8.034443479131108e-05,6.70081374533159,0.42812766865220775,1.169094000057309,7.283719704979073,18.40881804481961,0.00359953173824182,1.9624678785595226,0.0030763366523837215,149.64732059832667,2.3707632583689757,2.8288324388333703,0.003813245168029626,1.310064241405666,3.5383607503426573,4.108455605225209,103.12364927628377,1272.859013495416,373.21812522256516,292.2799061492566,367.9326240836118,7.383346538471161,11.890861425639027,0.0,1.5512288978872204,0.0,0.3706846055719919,13.500173836369825,1.898728278601546,9175.333293690785,1971.0,0.9978824793651452,0.031712495850444035,0.005166107689059035,0.02456945797592891,0.0026291004131098767,0.00655635448252778,0.0008468828117103198,0.6991908408347196,0.0,0.30080915916528034,5.551115123125783e-17,0.30080915916528034,0.0,0.0157951832221329
278,spinup,4.447414117879124,1.0439427574572435,3.403471360421879,3.3561859707042587,8.139633079179582e-05,6.752513890482032,0.43099448088231,1.1782732804649643,7.2923372126532655,18.401353966947312,0.0037048594669117146,1.9395637175373022,0.00324642420340367,149.80267494738294,2.369568258483791,2.8412656815336974,0.003927992704325662,1.3013484018485626,3.5118421000819957,4.954912375582612,102.41158166764225,1269.577904202612,376.18246914865017,294.5747765496997,367.7834096873631,7.382886599258184,11.78932471635552,0.0,1.5210018744256117,0.0,0.3773217235805903,13.59246443593575,1.9100403122595226,9180.762356749785,1971.0,0.9978864705115491,0.03171180783635083,0.005166231303464769,0.024567809162555587,0.002629110324646396,0.006556403252178264,0.000846894126834112,0.7008801998437276,0.0,0.2991198001562723,5.551115123125783e-17,0.2991198001562723,0.0,0.016655042083729657
279,spinup,4.432902877253735,1.0269920442101066,3.4059108330436274,3.3646458827316863,6.483004315479804e-05,6.7233525980743964,0.4299906541898822,1.17617339682962,7.2945899498821545,18.40029005650507,0.0009076584232729719,2.0626139375133588,0.0031915854765797477,149.97925090714156,2.3698781788797887,2.8540577870677164,0.004002520242071154,1.3118651794300522,3.5418839105065447,5.010526629358628,101.21159879035302,1270.4278578293408,373.75468650812684,294.04979413439963,367.76213824805336,7.382650134386911,11.907921652779681,0.0,1.5192451080023999,0.0,0.3665391971076763,13.516518859392047,1.8999177371483806,9179.56977404996,1971.0,0.9978950841960913,0.03171246013638945,0.005166178525045719,0.02456539700387015,0.0026290694761107536,0.006556330931942222,0.0008468896366066949,0.7137188562633956,0.0,0.28628114373660435,5.551115123125783e-17,0.28628114373660435,0.0,0.010984000622522068
280,spinup,4.421088201408261,1.0232161387941214,3.3978720626141397,3.3263196455351247,8.781239657634969e-05,6.614952442079218,0.4239214358761912,1.1539122485910371,7.2629641786233385,18.40731989233692,0.004979264549076231,2.6362107950149056,0.0038177488103494275,150.16077374261084,2.373189487994963,2.797865277801138,0.0037545032209705073,1.3194207071167388,3.5618153016401317,4.470060695976045,102.56683027894357,1267.7362913567583,366.9534955406729,288.484385093186,367.9027360476633,7.382888041755528,11.584186263798212,0.0,1.4934708011923776,0.0,0.3597556470833069,13.313335617387619,1.8723498381240633,9165.78793556485,1971.0,0.9978565174961677,0.03170930172273007,0.0051650981388178824,0.024566476796886276,0.0026287602395368742,0.006556103976520651,0.0008468255645608276,0.7075749658601228,0.0,0.292425034139877,1.6653345369377348e-16,0.2924250341398771,0.0,0.015976149241563334
281,spinup,4.474683196884836,1.090665517579261,3.384017679305576,3.330383592190318,9.841097838057781e-05,6.787466947602056,0.4325130441150767,1.1779847155474283,7.282092639240498,18.391048953480173,0.006863886507670302,2.024549130485494,0.0031447503816860287,150.3205999490259,2.3695298003075798,2.8320409372294675,0.004424292686517992,1.287946813295231,3.365973658931453,5.480972411179852,103.22507275342542,1188.4175351116223,381.5629521179141,294.50263373910343,367.5774627360806,7.384089247598649,11.715452233000748,0.0,1.5968836721190731,0.0,0.3875778725804379,13.58283836066627,1.9061697099081796,9181.145502978403,1971.0,0.997859348999348,0.03171109937781636,0.005165411870129474,0.024580472427190865,0.002628884916287653,0.006556796414281051,0.0008469002625908329,0.6729475297311622,0.0,0.3270524702688377,5.551115123125783e-17,0.3270524702688377,0.0,0.019540016599152506
282,spinup,4.46301829357829,1.0765988958291601,3.3864193977491297,3.3456139080916074,8.547690006058531e-05,6.750608160650897,0.43114406572033326,1.1808411381910249,7.299522549033791,18.38819719832863,0.003276945341753944,1.9337602460953645,0.0030571781369564746,150.52903850070402,2.369115551778187,2.8394430911111757,0.004644762159448171,1.301652354424766,3.3829469682653013,5.743075712217334,102.96140876676336,1178.7566785010665,379.2141931899562,295.2167550519765,367.52041460402165,7.383441661638389,11.525699675221137,0.0,1.552627291499313,0.0,0.38906288652801413,13.563658736005946,1.9042350051700119,9185.36997380207,1971.0,0.9978479393970026,0.03171155477314197,0.005165427187052805,0.02458314866314123,0.002628885784687747,0.006557068151740482,0.0008469310316394924,0.6902873350431089,0.0,0.3097126649568911,0.0,0.3097126649568911,0.0,0.016146292662670023
283,spinup,4.450446191995988,1.0574638713527977,3.3929823206431897,3.3540506137156445,8.890594840573729e-05,6.754315931871328,0.43106681239000094,1.1879640908472147,7.324391496412017,18.38397930233466,0.003418974052171534,1.8706454880606662,0.0036464838385650423,150.7227209850031,2.367987168409905,2.8495216215809047,0.0048277707414382,1.3023190933263158,3.3554119880719444,6.3902848302672535,102.63359233790455,1162.4710149534958,378.9485677137221,296.99753224675703,367.43603990605703,7.38280648045505,11.324860988855116,0.0,1.533486027928983,0.0,0.37012771737249306,13.603252871498059,1.9087121703900134,9192.718993150875,1971.0,0.997867369719516,0.031713504956084125,0.005165824694961329,0.024582695802771448,0.0026289485699396327,0.006557264255001325,0.0008469675442007643,0.6895753651443542,0.0,0.3104246348556458,0.0,0.31042463485564575,0.0,0.018700288322052436
284,spinup,4.373974645986199,0.9132016259677578,3.4607730200184426,3.4289754703207693,4.521297727547954e-05,6.607374555236066,0.4230404757564918,1.1729950630295687,7.321596459175413,18.3951775554507,0.0006150393570705959,1.9641888428692962,0.0044841700556447475,150.98853358607838,2.3707859646341047,2.877575660372659,0.0044695262526712,1.3671070764527944,3.494788431013094,4.541677873911583,102.7236196505592,1178.1300422926936,366.13367161121994,293.2551932684775,367.6598764752876,7.3794845500242205,10.302793004988171,0.0,1.3205486257226065,0.0,0.32552008275822775,13.386361137878788,1.8812329927041402,9185.694766313016,1971.0,0.9979660805568782,0.03171251379761546,0.00516631493283452,0.024548774099415513,0.0026288410619195353,0.006555835002880243,0.0008468687036967968,0.7642430302523399,0.0,0.23575696974766014,0.0,0.23575696974766014,0.0,0.008404081566386466
285,spinup,4.427804395605077,1.0655690362301538,3.362235359374921,3.325566317537966,9.19843654850197e-05,6.55626725610143,0.4199346363227944,1.1532682806333545,7.281515085490532,18.40513380185799,0.0018531983234778247,1.8861309625651863,0.0029177839897219335,151.25288960088955,2.3728905001988014,2.7877873751907636,0.004473688893888673,1.3441162788602068,3.4536867036918286,6.537295322250779,102.86118349638159,1169.7886620816082,367.6172315775923,288.3233895750965,367.8589900485365,7.384152089892705,11.774098455058171,0.0,1.6020200369328377,0.0,0.3777912705583199,13.241729402509026,1.8638728433529512,9172.811258633348,1971.0,0.9978845539890027,0.031714066667605186,0.005165669027640233,0.024571657193809576,0.0026288576885657436,0.006556387687764728,0.0008468904037005251,0.6739501432478452,0.0,0.3260498567521549,0.0,0.32604985675215487,0.0,0.01664797972186178
286,spinup,4.44669248265947,1.0737103029066535,3.3729821797528174,3.3355971781351013,8.981790992211222e-05,6.768017345476883,0.4314400363216779,1.1782725081645309,7.291620265274689,18.389742170350335,0.003076933678522716,1.7895618809957918,0.0030649570455212045,151.37343861492246,2.3692792217418632,2.826700388769861,0.004729146965377376,1.2960826962193261,3.378034555988926,7.432265415902652,102.48641392669062,1183.7179436042209,380.1687366165715,294.5745834703595,367.5513168871136,7.383636578403043,11.790529156143455,0.0,1.5581838550406837,0.0,0.3984288615810514,13.57785015166024,1.9062124069305966,9186.589871651726,1971.0,0.9978868596763727,0.0317140171560258,0.005165838829702875,0.024578969357167538,0.002628976108393086,0.006556838586518808,0.000846920236132626,0.6794269575743896,0.0,0.32057304242561024,1.1102230246251565e-16,0.3205730424256103,0.0,0.017898525761248382
287,spinup,4.419186690112584,1.0144231615962507,3.404763528516333,3.364154570311355,7.07408376397298e-05,6.6668177028411835,0.42636245303567893,1.1708270319257335,7.286128217196443,18.39512242549612,0.001634276655002241,2.0467455583982535,0.0038285182022593104,151.56700155318086,2.370978618702443,2.837361216676885,0.0038490780942740986,1.32506725963721,3.5808890019484245,5.236825178826494,102.54549516307334,1280.2523673165329,369.8918123682501,292.71317361263584,367.65887160957527,7.382310393705431,11.824492524434323,0.0,1.4982763844485707,0.0,0.3640211744155878,13.472468649381568,1.893768676304059,9183.59750878481,1971.0,0.9978840426536927,0.03171438010043014,0.005165736073486537,0.024574669327341085,0.0026289006563966254,0.006556533555193391,0.0008468792270250748,0.713781389224906,0.0,0.2862186107750941,0.0,0.28621861077509403,0.0,0.014059284155189198
288,spinup,4.437521016686219,1.041926437689391,3.3955945789968283,3.347472922681112,8.013245435459762e-05,6.707791180736997,0.4286386780892863,1.1671490503470179,7.273485351614352,18.393494409602532,0.0035568407137046214,2.1406805851457427,0.003074514453123696,151.72835309329574,2.3711001044588027,2.827559485001752,0.003813702086949396,1.3082405830655073,3.5383607503426573,4.110271692173569,103.12475369820255,1274.0020274458684,373.3496537168878,291.79365806419156,367.626365682936,7.383090409355135,11.92850516083949,0.0,1.5506592166337152,0.0,0.3705429454267451,13.505889943235836,1.8982425124514763,9180.545334724116,1971.0,0.9978829530502937,0.03171354759348135,0.005165466015523123,0.024579293085916023,0.002628874933336816,0.006556626597025619,0.0008468726880966279,0.6998576200965787,0.0,0.3001423799034213,0.0,0.3001423799034213,0.0,0.015266392652367582
289,spinup,4.448524789062959,1.0430638158219947,3.4054609732409635,3.356172949292524,8.119450038333714e-05,6.760434752316293,0.43157654281240415,1.1762701897218926,7.2819069867080275,18.385754558294384,0.003684826682110456,2.114204358288874,0.0032459044769393213,151.88074623160276,2.369909407354179,2.8400513901595037,0.0039284419984481275,1.2992155984579878,3.5118421000819957,4.957035321048681,102.41288432536199,1270.8303913935017,376.3624758631103,294.0739928878515,367.47163970669703,7.3826616272661845,11.83031874615269,0.0,1.5205836872166492,0.0,0.3772355842124148,13.598138234571387,1.9096710466953757,9185.780776891646,1971.0,0.9978870058687668,0.031712918716185354,0.0051655836095987565,0.02457771603659425,0.002628896719980416,0.006556682218095796,0.0008468791916109834,0.7014335209752375,0.0,0.29856647902476247,5.551115123125783e-17,0.29856647902476247,0.0,0.015894973592528103
290,spinup,4.4338884772989315,1.0260660725830741,3.407822404715857,3.3645352922074565,6.476248012888709e-05,6.730511734297458,0.4305580613670305,1.1741009953433488,7.284168686676228,18.384409296481163,0.0009139642249760974,2.2453643551212985,0.003191419185325521,152.05387949527383,2.3702248657774883,2.8527729492064524,0.004002963448222003,1.3098750747855537,3.5418839105065447,5.012526050286515,101.21333045047406,1271.5370898905574,373.9160778323288,293.5316824069585,367.4447446359516,7.382468882685711,11.95225336331961,0.0,1.5186772054505908,0.0,0.36640381815665846,13.521361633611297,1.8995325140289319,9184.388631118925,1971.0,0.9978955697524361,0.03171364262907615,0.005165500941351025,0.024575243921292227,0.0026288741227297346,0.0065566063227662195,0.0008468689291605256,0.7144193909259018,0.0,0.28558060907409843,0.0,0.28558060907409843,0.0,0.010401072201978471
291,spinup,4.421663706431411,1.021906552524781,3.3997571539066302,3.3260528068944453,8.754691386521591e-05,6.621814377443771,0.42446738836674147,1.1517728736901638,7.252534137799338,18.391165095043643,0.004904881789264295,2.8463317711557017,0.003813082374305408,152.23045840595108,2.3735481518857724,2.7965112227535704,0.003754982738226487,1.3176204976511825,3.5618153016401317,4.471870290816211,102.56802791685935,1268.8115119269692,367.07979493051596,287.9495296451085,367.57986504578577,7.382750362689526,11.620324409927875,0.0,1.4928285134860686,0.0,0.35958742293649804,13.318926865035232,1.871944150899611,9170.401846469787,1971.0,0.9978569546237864,0.031710478326941086,0.0051644076480698515,0.024576313467240346,0.002628571254002084,0.006556381170960076,0.0008468010478784707,0.7083788797082559,0.0,0.291621120291744,1.6653345369377348e-16,0.291621120291744,0.0,0.015436472325345719
292,spinup,4.475749357825913,1.0897562883244616,3.385993069501452,3.3301505556629603,9.821128149972547e-05,6.795181162591354,0.433121062336387,1.175756407353992,7.271364681030131,18.374692618039717,0.006817010907430853,2.210040130326006,0.003144339853470253,152.38952941689476,2.369901381485985,2.8305411492752683,0.004424738860145981,1.285942261534932,3.365973658931453,5.482972280620972,103.22608369570221,1189.5287651424774,381.6956432679026,293.9455444805688,367.25056423673357,7.383976230621831,11.735166473206203,0.0,1.5963891902323084,0.0,0.387483452365686,13.586179362547774,1.905840892382043,9185.522426522968,1971.0,0.9978598228120692,0.031712344876264384,0.005164709654842502,0.02459032514069323,0.002628701352882298,0.00655707259331318,0.0008468694983492504,0.6737482854703645,0.0,0.32625171452963553,0.0,0.3262517145296355,0.0,0.018790300249055578
293,spinup,4.463945031381463,1.0758157044653265,3.3881293269161357,3.3454205056222714,8.546626284304686e-05,6.757769805626512,0.431709653584115,1.178721819363351,7.288827156161707,18.371589014490137,0.0032760823068979663,2.116021676449609,0.0030578540785365094,152.59528882066672,2.369490933361806,2.8380249444929677,0.004645174155754477,1.2997747231070798,3.3829469682653013,5.744953394283218,102.96242052014561,1179.793283916756,379.36677811107097,294.68691373209765,367.1884821094258,7.383360309466789,11.557514960696157,0.0,1.5522143557328347,0.0,0.3889232801551117,13.566929636730398,1.9038787257937304,9189.559222285134,1971.0,0.9978483349981445,0.031712853735980595,0.005164729817684982,0.02459300411056635,0.0026287134461424728,0.006557351796078885,0.0008468969103445677,0.6909777735032056,0.0,0.3090222264967945,0.0,0.3090222264967945,0.0,0.01572021869708474
294,spinup,4.451384339200653,1.0566839102125303,3.3947004289881217,3.3538093896511048,8.885738964906228e-05,6.761205959389085,0.4316079083146262,1.1859241909416727,7.313743327907875,18.36713911594602,0.003409511872237298,2.0492116578135726,0.0036477759041298736,152.78663853600423,2.368366549202895,2.8481104814380678,0.004828160943227492,1.300465434462883,3.3554119880719444,6.3921474199017,102.6348553681422,1163.4648151123383,379.1008779887212,296.4875460925929,367.09947005177935,7.382764306977182,11.351557379903877,0.0,1.533158024846518,0.0,0.37000390080705237,13.606290282851635,1.908358665083857,9196.717751518247,1971.0,0.9978677311748461,0.03171488492735612,0.0051651354936103604,0.024592470757297473,0.0026287785050829317,0.006557571260364587,0.0008469273345446584,0.6900888476479274,0.0,0.3099111523520726,0.0,0.3099111523520726,0.0,0.018410006941097
295,spinup,4.374932953762269,0.9127386855008887,3.4621942682613795,3.4286638633476083,4.5275789000009054e-05,6.613592959485664,0.42353208380132956,1.1710543332222831,7.311055398457029,18.378076266479702,0.0006159394518053732,2.1470816431562527,0.004483742604878681,153.04971188551258,2.371167810844689,2.8762051780704585,0.004469973467939561,1.3652246803312411,3.494788431013094,4.5435439742546615,102.72484507909886,1179.076784655531,366.298434088689,292.7700001822871,367.3180874505872,7.3794923598343605,10.345649870196493,0.0,1.3202170286411805,0.0,0.32538393923599196,13.390458273176137,1.8808789762718905,9189.522811285868,1971.0,0.9979664231840193,0.031713931863683965,0.005165627124318325,0.024558391981174356,0.0026286785151006776,0.006556164291178019,0.0008468207239693696,0.7645714346989825,0.0,0.23542856530101744,8.326672684688674e-17,0.23542856530101744,0.0,0.007822435734157295
296,spinup,4.42858134112142,1.0648651281581238,3.363716212963296,3.325140569833802,9.204457151696096e-05,6.561789510655102,0.42035030335681306,1.151463258519564,7.271201688938778,18.387860229202527,0.0018534614512152052,2.069472942361091,0.0029185073004102907,153.31159657145633,2.3732783951645793,2.786329080746885,0.004474120774217956,1.3424144434180145,3.4536867036918286,6.53901107188936,102.86217024548849,1170.6478170859561,367.66875705760464,287.8721241558999,367.51375682164434,7.3842022386649795,11.79193180275649,0.0,1.60160682583695,0.0,0.37766713591439516,13.244146922886571,1.8635171759812552,9176.442810382106,1971.0,0.9978847932054586,0.031715541476401675,0.0051649966497916274,0.024581092770760433,0.002628700650015996,0.006556739080523297,0.0008468343946851335,0.6745291603556345,0.0,0.3254708396443655,0.0,0.3254708396443655,0.0,0.01620019518556071
297,spinup,4.447681108195282,1.0732641229072974,3.3744169852879855,3.335119797234514,8.99850295021057e-05,6.772860156050448,0.4317925556267062,1.1765725014347657,7.281558260974514,18.37229276923658,0.0031029954920431253,1.9635729882952784,0.0030633322794796952,153.43039925046523,2.3696694842707986,2.82526391620011,0.004729554029812177,1.2944432663328131,3.378034555988926,7.433891971531667,102.48726849682338,1184.4899351023817,380.2397627050478,294.14957247260855,367.20256854071346,7.383742695648237,11.818469062510236,0.0,1.5579873064808276,0.0,0.3983069359097132,13.579885844280671,1.9058970114488956,9190.033832819781,1971.0,0.997886941102431,0.031715675589264004,0.00516518607862377,0.024588219825637816,0.0026288442547121975,0.006557230142711949,0.000846853876007413,0.6799465200650984,0.0,0.32005347993490163,0.0,0.32005347993490163,0.0,0.017363154602910706
298,spinup,4.419747719323118,1.0139158603013265,3.405831859021791,3.363422136474595,7.090512316873827e-05,6.670026956544022,0.4265779550360547,1.1693196235027803,7.276507637078046,18.37747740695743,0.0016305138084984944,2.2337145928345197,0.0038279517156386707,153.620234029409,2.3713725324786106,2.8358093147748105,0.003849570782545445,1.3237377910177206,3.5808890019484245,5.238166134531706,102.54644094114178,1280.8835728155923,369.85355500338954,292.33631324694437,367.306212084872,7.382496129364134,11.865434196832794,0.0,1.4977242136443154,0.0,0.3639049036894568,13.4738200749932,1.8934778495754006,9186.8496844165,1971.0,0.9978839332771314,0.03171616508363916,0.00516510722025406,0.02458355729157525,0.0026287807788231096,0.006556961542724391,0.000846797547934936,0.7143169321986759,0.0,0.2856830678013242,0.0,0.2856830678013242,0.0,0.013640777492356074
299,spinup,4.43809772517387,1.0415796821697074,3.396518043004163,3.3465661596183227,8.03126299763021e-05,6.710673458410499,0.4288017938975683,1.1658517827904258,7.264262821077502,18.375793163660774,0.003530353651851117,2.3372681898827614,0.0030703264490988032,153.77789419080526,2.3715054720155777,2.825989531755725,0.003814209570208693,1.3069761366182855,3.5383607503426573,4.111533786026529,103.12552780991778,1274.5866857209533,373.27591859217813,291.46933406657234,367.2725812044415,7.383356094506885,11.962444841912166,0.0,1.5501564956903027,0.0,0.37046398833995864,13.507494194416797,1.8980227656356476,9183.608353620613,1971.0,0.9978827674912976,0.03171541384195521,0.0051648664399953905,0.024587774779141335,0.002628757721441963,0.006557089436175556,0.0008467774995452553,0.7004924929705012,0.0,0.29950750702949896,0.0,0.2995075070294989,0.0,0.014841254401811948
300,spinup,4.4490401763073715,1.043003417091543,3.406036759215827,3.355249412704506,8.140512972869945e-05,6.76318342275107,0.43171585968625004,1.175218067601499,7.273119194986096,18.36802942755849,0.0036735331320290757,2.3059487705884414,0.003241546517987111,153.9274805273312,2.3703246407223464,2.838565148766019,0.00392894529873683,1.2980581497648331,3.5118421000819957,4.958188870708305,102.41359855262587,1271.3816554854823,376.28610625336273,293.810956592574,367.1173766329825,7.382995730699604,11.867298444039385,0.0,1.5192865793978756,0.0,0.37816680217176796,13.599836544174678,1.9095035678535501,9188.673015174367,1971.0,0.9978867922367363,0.03171489499302025,0.00516502374957642,0.02458585375948893,0.002628781598321539,0.006557176178962398,0.0008467704933125017,0.7019894718917947,0.0,0.2980105281082053,0.0,0.2980105281082053,0.0,0.015587418156678447
301,spinup,4.434146195558585,1.0259854287463914,3.408160766812194,3.3636252497336723,6.495195151696416e-05,6.732679291069246,0.43062808367919253,1.1733246777611877,7.275941574791362,18.366692536491723,0.0009086392139231161,2.439068274381395,0.0031879272890749572,154.09731802781286,2.37064026680905,2.851425442684971,0.0040034590829567595,1.3089409959750964,3.5418839105065447,5.013465891056952,101.21413958012184,1272.007487842282,373.83910030113003,293.3375987575299,367.09064734103094,7.382867973617101,11.989843009367956,0.0,1.5193503813018647,0.0,0.3652654432591004,13.523952412190743,1.8993722957161876,9187.139570234733,1971.0,0.99789530329776,0.03171559961561331,0.005164974207819004,0.024583006977888594,0.0026287548551818885,0.0065571235080089055,0.0008467502251453789,0.7149836292127391,0.0,0.2850163707872608,1.6653345369377348e-16,0.28501637078726083,0.0,0.010146855890315326
302,spinup,4.42155904823976,1.0212044248052838,3.400354623434476,3.325025161028479,8.739607262572605e-05,6.623400196942113,0.4244745583933807,1.1511502473201423,7.244695700446583,18.37345288558377,0.004834223058080479,3.0528667431169842,0.003805044035990214,154.27012308377115,2.3739799006804363,2.795221908638124,0.0037555048569992353,1.316932951975716,3.5618153016401317,4.47256238764881,102.56850050155138,1269.2066351607355,366.9467113540564,287.793869640877,367.2258576424788,7.383198511617072,11.64628334980284,0.0,1.49224756020566,0.0,0.3595268501907638,13.32523187226941,1.8717168801214836,9173.017831293804,1971.0,0.9978565964207056,0.031712373565238754,0.005163905412568342,0.02458385347433062,0.002628443577245617,0.006556913139457563,0.0008466754906192922,0.709005989191681,0.0,0.290994010808319,0.0,0.290994010808319,0.0,0.015287413713363679
303,spinup,4.475809118514271,1.089334777082726,3.386474341431545,3.32914107457125,9.80863818168286e-05,6.797387563593786,0.4331657868838476,1.1751099728858647,7.263584771248542,18.357052384211766,0.006756999821994389,2.3881937081121065,0.0031393187136979908,154.42866127458862,2.3703460822619644,2.829163988986561,0.004425226673062232,1.285196843868405,3.365973658931453,5.483716308909513,103.226459386626,1189.9963287478445,381.562964501158,293.7839323213527,366.89799531085805,7.384442456110624,11.752548840933114,0.0,1.5959763202225372,0.0,0.3873891158809149,13.587425499341322,1.9056183319288946,9187.963847071289,1971.0,0.9978594905576514,0.03171423280518533,0.005164221056897609,0.02459773122994785,0.0026285674646901597,0.006557608784165859,0.0008467387863876669,0.6744173860724222,0.0,0.3255826139275778,0.0,0.3255826139275778,0.0,0.01861476687643661
304,spinup,4.463865521929011,1.0754695329678696,3.388395988961142,3.3445105275634877,8.543726168438789e-05,6.759657946167758,0.4317352179312595,1.1782038162988933,7.281259247183175,18.353959648750283,0.0032639813151805717,2.287871451032353,0.003055040297372006,154.6317297000283,2.3699344394486026,2.8367364464818654,0.004645632408429609,1.2991520426032088,3.3829469682653013,5.7455764677727394,102.96275319690993,1180.2219258376736,379.2507644855096,294.55741012754805,366.8361298330182,7.383842851091923,11.588820442519676,0.0,1.5521488427866297,0.0,0.3887939854121948,13.568123702052095,1.9035914814032515,9191.863851558783,1971.0,0.9978479690869438,0.03171474197220972,0.00516426978558613,0.024600341487059054,0.002628577172700478,0.00655788943163666,0.0008467667215372264,0.6914205635172594,0.0,0.3085794364827405,5.551115123125783e-17,0.3085794364827405,0.0,0.015483363447076974
305,spinup,4.451294153478646,1.0561180348381742,3.3951761186404714,3.3529426507991746,8.872738526976832e-05,6.763061841980208,0.4316332008777998,1.1854208483475808,7.306357406736628,18.34956221312562,0.003394156219334925,2.220671619550129,0.0036463900636724985,154.82041429359316,2.368811514093855,2.8468893717360952,0.004828601349668141,1.2998594291434806,3.3554119880719444,6.392756300584043,102.63527384091596,1163.8796911827667,378.99984642430405,296.3617076859678,366.74816589791453,7.3832401894060515,11.379481451575671,0.0,1.532839790669408,0.0,0.3698330591886234,13.607511872600917,1.9079658946589761,9198.89832393413,1971.0,0.9978673462564818,0.031716750844275325,0.005164689097062572,0.024599780312867095,0.0026286369995614832,0.006558103799287976,0.0008467990182025537,0.6906845324017356,0.0,0.3093154675982645,0.0,0.3093154675982645,0.0,0.018079050904847026
306,spinup,4.374742865628969,0.9121922748490695,3.4625505907799004,3.427780127785511,4.506481294640795e-05,6.615684903304354,0.423590393342673,1.170476309043675,7.303732043200791,18.360505283118613,0.0006049639913666818,2.3215842325946334,0.00448058265448094,155.0806876049844,2.3716118373739055,2.8750157006878085,0.004470455683239693,1.3645826723671184,3.494788431013094,4.544179539474688,102.72526895678496,1179.5255655240871,366.2503048933587,292.6254909703099,366.96690144272407,7.379953486685716,10.386480108614702,0.0,1.3199764500924491,0.0,0.32520539712987995,13.393504151195945,1.8803956143776968,9191.579821363288,1971.0,0.9979661137006749,0.0317157235520394,0.005165177914635392,0.024565715820902154,0.0026285273328347063,0.006556690326084323,0.000846694250526672,0.7651028308310713,0.0,0.23489716916892872,0.0,0.23489716916892872,0.0,0.007551767606492435
307,spinup,4.4285330044182665,1.0639910825440968,3.364541921874169,3.3242856713463462,9.182516597485405e-05,6.564084916109482,0.42043345328525,1.1507550843128012,7.263890675120754,18.37030274028462,0.001832222957691217,2.24484797593358,0.0029175020469210115,155.3400391043777,2.373723573581392,2.785041299596227,0.004474577497424888,1.3416848153030185,3.4536867036918286,6.539745498945279,102.86260173053606,1171.1203957014418,367.5610769247994,287.6950767237175,367.16284050481306,7.384650912255153,11.808702229173761,0.0,1.601298139441508,0.0,0.37747023931930473,13.245128794762689,1.8629787353439378,9178.357843918358,1971.0,0.9978844837812026,0.03171725161096789,0.005164548426650285,0.02458841415598672,0.0026285415980498517,0.006557253541015,0.0008467112136986794,0.6751410177476327,0.0,0.3248589822523673,0.0,0.3248589822523673,0.0,0.01576665183074482
308,spinup,4.44774977556341,1.0725974181530527,3.3751523574103572,3.334408648847039,8.975164432171504e-05,6.775471525728645,0.43191169809572993,1.175799486019047,7.2741404208555815,18.354781751812144,0.0030757591858420466,2.1299179678660214,0.0030607467733572724,155.45717031817088,2.370108385376399,2.824009811241288,0.004729978958608657,1.2936280443964907,3.378034555988926,7.434700055904237,102.48768735465106,1185.0055763774217,380.20432366126636,293.95631438288524,366.8525813811205,7.384158646313256,11.844602608397304,0.0,1.5579102443052273,0.0,0.39810776618243143,13.580854726332477,1.905333249568865,9191.813015343629,1971.0,0.9978866287124257,0.03171733852794614,0.005164732936629721,0.024595684903767234,0.002628683053848186,0.006557726071194861,0.0008467401924211111,0.6803801323832329,0.0,0.31961986761676703,5.551115123125783e-17,0.3196198676167671,0.0,0.017230041720354368
309,spinup,4.4197537658659884,1.0127729995850046,3.406980766280984,3.362788291789401,7.049944308408535e-05,6.672749246835671,0.4267277669609384,1.1683801044762936,7.269037509496644,18.359986460850266,0.0015853905288375444,2.4111588151611567,0.0038271407581494943,155.64337313545843,2.3718044326817678,2.8344385624802055,0.0038500540484846346,1.322846512579077,3.5808890019484245,5.239061535032932,102.54705976170774,1281.4596723018108,369.78467474046556,292.1014283421604,366.9566262506997,7.3828592239179684,11.905386570860959,0.0,1.4973902859508252,0.0,0.36366399327320276,13.475372293926323,1.8928243468341674,9188.488532086676,1971.0,0.9978836428235789,0.03171774043996659,0.005164630167421261,0.024591155505811854,0.002628615585071916,0.006557428414576251,0.0008466933392858352,0.7148494909219727,0.0,0.2851505090780274,0.0,0.2851505090780274,0.0,0.013380842410048504
310,spinup,4.438319998406832,1.0401381891666477,3.398181809240184,3.3460115053093467,7.979792015089966e-05,6.715063160733121,0.4290966532417194,1.164537136080865,7.256405263893662,18.358320670904735,0.003462990140930543,2.5234621139338724,0.003067222543065381,155.79761746100522,2.3719421173305184,2.82454113812994,0.003814694607299674,1.3057425220055627,3.5383607503426573,4.112761631733299,103.12628667011154,1275.3747343632685,373.28023677194636,291.1406651854805,366.9233652731943,7.383663469390684,11.994544225624544,0.0,1.5495006042501034,0.0,0.370325223162278,13.511446865470372,1.8973678130906548,9185.10059938145,1971.0,0.9978826381423379,0.03171691912865373,0.0051643614985303985,0.024595642230070602,0.00262858704164676,0.006557517403333487,0.0008466818801330858,0.7012383531752596,0.0,0.29876164682474055,0.0,0.2987616468247405,0.0,0.014506258111923461
311,spinup,4.449690504139805,1.041676696594814,3.40801380754499,3.354957494734713,8.090653544550234e-05,6.769539270593625,0.4321932007941668,1.1735554378370303,7.26465849190996,18.350500014301932,0.0036275688908165827,2.4875758796889142,0.0032392201632175225,155.94461886518144,2.370756225676587,2.837087058878908,0.003929415396373953,1.2963341403420339,3.5118421000819957,4.959900563457261,102.41466730800157,1272.4100777187784,376.38621852335774,293.39529004095715,366.7670246343141,7.383240425858485,11.903182299744206,0.0,1.5191170207834916,0.0,0.37791576935827675,13.603040829002039,1.9088739325017356,9190.02033627373,1971.0,0.9978869013865977,0.03171632745989594,0.005164488415650389,0.024594102148305486,0.0026286104217599793,0.006557566682712394,0.0008466850001734174,0.7026233740230252,0.0,0.29737662597697484,0.0,0.29737662597697484,0.0,0.015198845529434426
312,spinup,4.435193620918976,1.0246300944528814,3.4105635264660945,3.363591514796581,6.452900609942101e-05,6.740281304816859,0.4312483263708431,1.1713591608818383,7.266948715087361,18.34904273812895,0.0008963701466483237,2.624860408382108,0.0031875537643380673,156.11122895761358,2.371068353244256,2.8499444008407924,0.004003908986265355,1.3068158029240142,3.5418839105065447,5.015595724082012,101.21601483404248,1273.1786003115078,374.0214733942179,292.846208767501,366.73789056012356,7.383059663226631,12.030618546727936,0.0,1.5189820548316448,0.0,0.3650606848336848,13.527874099568237,1.8987364620899325,9188.36146760285,1971.0,0.9978956128581482,0.03171693522574984,0.005164404604144858,0.024591554451516708,0.002628584086023613,0.006557475883496866,0.0008466722122128538,0.7156630142461833,0.0,0.2843369857538167,0.0,0.2843369857538167,0.0,0.009303178480984598
313,spinup,4.422530201891014,1.0195607722444202,3.402969429646593,3.325008578305784,8.699538803283353e-05,6.6314912097631735,0.4251355165534655,1.1489143797520163,7.235315959289642,18.3556248312504,0.004736309536072697,3.2596586355825896,0.0038015774924706667,156.27977056282506,2.3744116749271624,2.7937278870288806,0.0037559781000287644,1.314758355891742,3.5618153016401317,4.4747468859870425,102.56994485591291,1270.4682215783755,367.1481844174658,287.23489049724793,366.86953896804283,7.383365780461095,11.675035300030828,0.0,1.4916380466662482,0.0,0.3593078413501628,13.334214802825194,1.8710631388739414,9174.118749005136,1971.0,0.9978569885478784,0.031713622602772135,0.0051633068531687365,0.02459259604605105,0.0026282754052529525,0.006557244480626075,0.000846600450639529,0.7097927703077901,0.0,0.29020722969220986,5.551115123125783e-17,0.29020722969220986,0.0,0.014649830462903954
314,spinup,4.477468846528799,1.0880501852239022,3.3894186613048976,3.3291561195996184,9.763418025130563e-05,6.807093672750284,0.4339599626101727,1.172571529114346,7.253581860801975,18.339115344076575,0.006665100538617921,2.570021424377696,0.0031378667894022385,156.43795028791942,2.3707863808029916,2.827510650371719,0.0044256545101952595,1.282648654906021,3.365973658931453,5.4862577540836845,103.22774263927859,1191.3652057726795,381.812654793678,293.1493074688872,366.539499950752,7.3845795668748435,11.769274207965282,0.0,1.5954082475452545,0.0,0.3872178583283207,13.590810302543273,1.9050474500607537,9188.893002873881,1971.0,0.9978600175385333,0.031715466090532995,0.005163594860626144,0.024606732180145894,0.0026283974510830465,0.0065579121062490624,0.0008466663216687688,0.6752824591466426,0.0,0.3247175408533573,5.551115123125783e-17,0.3247175408533573,0.0,0.017284666298818373
315,spinup,4.4657458476641,1.074401497786546,3.391344349877554,3.3447552449870392,8.52874217007208e-05,6.769618644674928,0.43257399876553676,1.1756073741148192,7.270914101659462,18.33582566049553,0.003244776268773519,2.4635037761002665,0.0030568844381275275,156.6386348145736,2.370369830341993,2.8351067178398837,0.004646018590727294,1.296452024121689,3.3829469682653013,5.74827427809574,102.96421715615126,1181.6161737237421,379.5410611233128,293.9082853541372,366.47369884147287,7.383957475063065,11.619777716954026,0.0,1.5523481608075052,0.0,0.38818073837377187,13.57207176245208,1.9030214217863994,9192.66315953002,1971.0,0.9978485571946479,0.03171594528940347,0.00516363523149934,0.024609602257097768,0.002628409258397125,0.006558171483303077,0.0008466970138851643,0.6920750992702448,0.0,0.30792490072975526,0.0,0.3079249007297552,0.0,0.014432000307434191
316,spinup,4.4533801853847885,1.0551666474920958,3.3982135378926928,3.3532481428887966,8.858610488318239e-05,6.773391335970385,0.4325032268413959,1.1827943333139703,7.295873756309044,18.33130108242862,0.0033595575659132416,2.3949369837908536,0.0036483182456477307,156.82483218752532,2.369251590833949,2.845319026681794,0.004828961182281077,1.2970514037752208,3.3554119880719444,6.395577562673283,102.63718313040772,1165.3080379119308,379.3315660374176,295.70506453538655,366.3831939822858,7.383334629912039,11.408774602060486,0.0,1.5317717886348183,0.0,0.37003939732919466,13.611591712316464,1.9073622166525994,9199.57720626631,1971.0,0.9978679773033035,0.03171798322620429,0.005164049137011403,0.024609172216750942,0.0026284672497931504,0.006558362607333725,0.000846734655103444,0.6915051044275496,0.0,0.3084948955724503,5.551115123125783e-17,0.3084948955724503,0.0,0.017104942176038227
317,spinup,4.376447502795723,0.9113064420427706,3.4651410607529525,3.4280557203361965,4.4998520222594906e-05,6.6256059064248065,0.42442870241533603,1.1678160634341177,7.29318866685286,18.34207673536546,0.0005976472369526182,2.5003198848326975,0.0044823719061809555,157.08226863924642,2.372052276818441,2.8734129937648385,0.004470875349619814,1.3618295580565052,3.494788431013094,4.546908187676172,102.7270402631883,1180.9512738091532,366.59165541224235,291.9604149909127,366.59858338478165,7.38003282739225,10.429476430531984,0.0,1.319521973123622,0.0,0.32498396415180175,13.398802771709487,1.8796968138084953,9192.140712363678,1971.0,0.9979668483184903,0.031716883022883384,0.005164519717576692,0.024575222931913852,0.002628354249233569,0.006556932301843118,0.0008466333856311151,0.7656533671695586,0.0,0.23434663283044138,5.551115123125783e-17,0.23434663283044138,0.0,0.007337564971720128
318,spinup,4.430152371750118,1.0625853604500541,3.3675670113000638,3.3245755597533826,9.156382666351251e-05,6.574726632982024,0.42133858814114616,1.1478495706129617,7.253204066860613,18.351699778526076,0.0018095764599362688,2.4261341052532073,0.002921498800840958,157.33905174922086,2.374168301839062,2.783347526576722,0.004474974178860792,1.338868252805315,3.4536867036918286,6.5425817432896345,102.86422177266329,1172.6404058425999,367.8771307764098,286.9686823777857,366.7910366791616,7.384710689768421,11.828870058204021,0.0,1.600717680105343,0.0,0.3771956660947049,13.24916436385772,1.8622282148614766,9178.780772323329,1971.0,0.9978852967378643,0.03171837551156159,0.005163865876203417,0.02459809263692506,0.0026283583333879465,0.006557472637111527,0.0008466550401246024,0.6759845400060471,0.0,0.32401545999395276,1.1102230246251565e-16,0.3240154599939528,0.0,0.014760232267616791
319,spinup,4.449911802598645,1.071614810757149,3.3782969918414967,3.3348009808491343,8.962167540825152e-05,6.787082756708001,0.43289689157364475,1.1727861961504225,7.2631547655945,18.336022072184324,0.0030596367057570805,2.3026750265847897,0.0030630175098977177,157.45441270099516,2.370550828529351,2.822339807168001,0.004730342815611407,1.2904767599814964,3.378034555988926,7.437824015792434,102.48928661204408,1186.6088870591304,380.6122475617834,293.20297540418983,366.4776459217492,7.384201585943158,11.87334128433271,0.0,1.5575535436086532,0.0,0.39790571580040945,13.585016516441366,1.904634251603621,9192.101919310226,1971.0,0.9978874339758055,0.03171843374007177,0.005164030661169197,0.024605498416395442,0.0026284918842287507,0.006557934603454015,0.00084668772749792,0.6809568899955986,0.0,0.3190431100044015,0.0,0.31904311000440144,0.0,0.01658333030776612
320,spinup,4.421618486907014,1.011525736495012,3.410092750412003,3.3631756972641447,7.026308750175294e-05,6.6839545510201415,0.4276864805154684,1.1653903552553342,7.257937075904961,18.3410103877324,0.0015548540176668624,2.597222293744327,0.0038306147483735016,157.63694868218633,2.3722452134720506,2.8327327678161227,0.0038505127091054895,1.3196644712672745,3.5808890019484245,5.242264879281135,102.54923260081519,1283.1511222226945,370.16097734810796,291.3539746543739,366.57736586642244,7.382891706027422,11.948572700477392,0.0,1.49685238081159,0.0,0.36342312060473503,13.480413724393316,1.8921211608956952,9188.661613381882,1971.0,0.9978844578216464,0.031718721029177,0.0051638904412424315,0.02460106971622351,0.002628420130573933,0.006557609067476475,0.0008466434699022584,0.7154542886451104,0.0,0.2845457113548896,0.0,0.2845457113548896,0.0,0.012660265554553879
321,spinup,4.439957758862283,1.0387678492545906,3.4011899096076923,3.3463552247577533,7.943272882535884e-05,6.726673275219318,0.43007452494418774,1.1614041875012353,7.2450532673980685,18.339135672557738,0.003410288713884251,2.719166252109271,0.003068304950421372,157.7878815132195,2.372388082599143,2.8227648898934703,0.003815163794361988,1.3026433872935712,3.5383607503426573,4.115852237876617,103.12816229009796,1277.11093431405,373.6662999150736,290.3574108733554,366.53992961276197,7.38368728375009,12.024674448328668,0.0,1.548769487234736,0.0,0.37010553228609927,13.517462326270671,1.8966981928606144,9185.142438000625,1971.0,0.9978834476804428,0.03171781194183183,0.005163592280154777,0.02460568733757025,0.0026283887875888858,0.006557673554881066,0.0008466332446048527,0.7020488556402003,0.0,0.29795114435979986,0.0,0.2979511443597999,0.0,0.013590520992534948
322,spinup,4.451352569584383,1.0404919988081294,3.4108605707762547,3.355394318966488,8.05485580381678e-05,6.781942590124858,0.43323205143495463,1.1703061590325925,7.252937771109998,18.331074420417252,0.003588931900986905,2.6764731244209994,0.0032394259483359547,157.9327486176827,2.3712054302034313,2.835275510516237,0.003929874052043937,1.2931464244045396,3.5118421000819957,4.9630736475814725,102.41661456692574,1274.2308924356448,376.80360097822785,292.58295253519,366.3787809972116,7.383247435520805,11.936425859233635,0.0,1.5186738173002312,0.0,0.377745738499242,13.608925297111002,1.908255953696131,9189.925797104543,1971.0,0.9978877726062766,0.031717151313554744,0.005163695236094277,0.024604310847196127,0.002628411967094894,0.006557711470896959,0.0008466394844521413,0.7034319249502595,0.0,0.29656807504974037,1.1102230246251565e-16,0.2965680750497403,0.0,0.014169962723841991
323,spinup,4.436625888147516,1.0235451143694394,3.413080773778078,3.3641072699021644,6.4342143056629e-05,6.752702634460285,0.4323000255584637,1.1680977477251864,7.25501522776984,18.32934456987116,0.0008818039713082657,2.8128711329751535,0.0031897485194622636,158.09669028443025,2.371518848873183,2.8481252552459297,0.0040043489030006756,1.3037396667706365,3.5418839105065447,5.01868644055064,101.21866378242422,1275.0077081750023,374.4566699085777,292.0308376071893,366.34419933162576,7.383061254369776,12.067919935509202,0.0,1.5184765617363132,0.0,0.36486909732621686,13.533447836245113,1.8981151281877775,9188.150174937546,1971.0,0.9978965067078547,0.03171766881759261,0.005163591660317086,0.024601865829146818,0.002628386543999217,0.006557612379616436,0.0008466285391766127,0.7163951370967523,0.0,0.2836048629032477,0.0,0.2836048629032477,0.0,0.008759452952456313
324,spinup,4.423271041645785,1.018017336475197,3.4052537051705873,3.3253260587543094,8.653575359962782e-05,6.642850318589444,0.42609349686652565,1.145708270212087,7.2233430063515875,18.335639364268662,0.0046422645934923205,3.474928131078163,0.0037993035018797903,158.26055738758677,2.374871115313239,2.7919165652863502,0.0037564473849824817,1.3121654937981158,3.5618153016401317,4.477353313309932,102.57166684688666,1272.2082074155842,367.52299766455224,286.43334554415696,366.47010536588454,7.383375819385786,11.712397379966397,0.0,1.4908869983973452,0.0,0.35900422355594286,13.339902977470178,1.8703456408399635,9173.796545394074,1971.0,0.9978577648024528,0.0317142842054925,0.005162479215128593,0.024603021344324537,0.002628081536788582,0.006557389804030072,0.0008465603384367737,0.7107229972655086,0.0,0.28927700273449136,5.551115123125783e-17,0.28927700273449136,0.0,0.013944795321859962
325,spinup,4.478619292680798,1.0868131390402822,3.3918061536405157,3.329440123537578,9.72251605436532e-05,6.819393901349238,0.434992487994621,1.169144344305058,7.241213766609972,18.318903944001946,0.0065786680967208164,2.764375403556779,0.0031374618110506596,158.41792830704503,2.3712576488126103,2.8255156749955748,0.004426069206766333,1.279898436972541,3.365973658931453,5.489002094345236,103.22911036972755,1193.084570221301,382.21772418414736,292.2924924870588,366.1355515148549,7.38457851831772,11.785936011521727,0.0,1.594648624468471,0.0,0.38702297285576726,13.595377461924453,1.9043764510524501,9188.39977483288,1971.0,0.9978607914291151,0.031716078902025005,0.005162746717447445,0.024617279616145276,0.0026282057458443735,0.006558047807822967,0.0008466256817765946,0.6762405920105512,0.0,0.3237594079894488,0.0,0.3237594079894488,0.0,0.016340618946603838
326,spinup,4.4668242755663865,1.073405931617533,3.3934183439488543,3.345203858465913,8.508826537719516e-05,6.781758253691827,0.4336040278100033,1.1722679753452283,7.25837531393438,18.315306179380855,0.0032317452204545538,2.648056619715525,0.003059790079909562,158.6164757034706,2.3708373951286967,2.8331317616674774,0.004646384609688614,1.2937652926759642,3.3829469682653013,5.750959652770744,102.96565979252304,1183.3131000862659,379.9378917898425,293.07341736326305,366.06359299737403,7.383952799669457,11.649091010653883,0.0,1.5520659824618512,0.0,0.3879645307443043,13.577036915164427,1.90235174239474,9192.042973315896,1971.0,0.9978493098375709,0.03171649390144795,0.005162781189897418,0.024620337191774616,0.0026282255348349243,0.006558308353525243,0.0008466573388723746,0.6927629223472844,0.0,0.30723707765271546,1.1102230246251565e-16,0.30723707765271546,0.0,0.013599768637222702
327,spinup,4.454684537324113,1.0543270581679283,3.4003574791561846,3.353783118319486,8.849769993879963e-05,6.785563253974035,0.43354789296484386,1.1795093032782293,7.283364436236872,18.310549420788902,0.003336062827561559,2.57469473098389,0.0036514135450218415,158.80025762797146,2.369721108785447,2.8433726307446956,0.004829292399113307,1.2943108673597694,3.3554119880719444,6.3983314012073205,102.63904484054176,1166.9977699287356,379.74202591829953,294.88378902589204,365.96844726976417,7.383330684290222,11.438233333114429,0.0,1.5312160342755283,0.0,0.3698221145404859,13.61676795618021,1.9066816020645563,9198.83785290428,1971.0,0.9978687239110183,0.03171854208452805,0.005163209002248158,0.024619954779548224,0.0026282830676610347,0.006558487131507609,0.0008466986139015906,0.6922493791416432,0.0,0.3077506208583568,0.0,0.3077506208583568,0.0,0.016427206910819836
328,spinup,4.377061540628325,0.9105792365824324,3.4664823040458916,3.4283733916966193,4.488775703372029e-05,6.636268113753102,0.4253286701971778,1.1647013851785524,7.280879819047854,18.321104131976824,0.0005867689250090748,2.68548688256097,0.004483890531881895,159.0550369124586,2.3725229388223963,2.8715014634656466,0.00447127601672319,1.3595019553656733,3.494788431013094,4.54921758469963,102.72849851463846,1182.5109907964818,366.9937564811345,291.1817283599172,366.1794199747505,7.380026774473349,10.471149337443032,0.0,1.318799927538712,0.0,0.32470156628202945,13.404765357376736,1.8789007819466517,9191.298906045475,1971.0,0.9979675457050807,0.031717351366980964,0.005163684243783656,0.0245859935236548,0.0026281690265398203,0.00655707030613455,0.0008466015534965069,0.7663361179505112,0.0,0.23366388204948887,0.0,0.23366388204948887,0.0,0.007223289904443882
329,spinup,4.430653855890703,1.0615185479319968,3.3691353079587065,3.324742319023453,9.139922813529377e-05,6.584627195655994,0.42216714524808346,1.1448443090496578,7.240971703881117,18.33051685067667,0.001794363404657714,2.613448261341969,0.0029249590497198007,159.3093858147548,2.374645381677912,2.781333143839774,0.004475340294886359,1.3367258759494016,3.4536867036918286,6.544739892490209,102.86544369864309,1174.1199592037012,368.16019251846757,286.2173505194121,366.367669127611,7.384703289700822,11.847923986937715,0.0,1.6001194858742427,0.0,0.37690834310081234,13.253405403665493,1.8613622107693624,9177.804213484038,1971.0,0.997885865258589,0.031718776768386456,0.005163027602809869,0.024608844458821864,0.0026281730221539923,0.006557609299855601,0.0008466247905045788,0.6768276700555188,0.0,0.3231723299444812,0.0,0.3231723299444812,0.0,0.014173851162443806
330,spinup,4.4506358505567265,1.070573578410012,3.380062272146714,3.3350474461331574,8.943684614891316e-05,6.797466985636034,0.4337446716428442,1.1697708432231624,7.250896533912119,18.314629921983,0.0030469261032391825,2.4816566114448317,0.0030643598513407254,159.42278218321866,2.3710238791318368,2.820356223133568,0.004730667083903297,1.2881932229456594,3.378034555988926,7.440087998438997,102.49045229430885,1188.1173274050743,380.96007328301556,292.44912064953087,366.0500965375605,7.384187607049841,11.906293447338015,0.0,1.5571006666323797,0.0,0.397642978332828,13.58939261270242,1.9038336122288169,9190.997825196866,1971.0,0.9978879169592709,0.031718769727008586,0.005163184970424246,0.024616352304651996,0.0026283045678112994,0.006558073608354044,0.0008466610449663979,0.681849049271576,0.0,0.3181509507284241,0.0,0.318150950728424,0.0,0.015779638807007307
331,spinup,4.422292444366825,1.0105543000283974,3.411738144338427,3.3633511575286628,7.00968644115064e-05,6.693679600538165,0.42847239701173223,1.162472636303185,7.245685120347439,18.319345756979168,0.0015296083758297764,2.7888295954740396,0.003832869886930711,159.60168317003357,2.372717541544324,2.8307247153004633,0.0038509491389382756,1.317342429544551,3.5808890019484245,5.244602434467328,102.55080721519316,1284.7082532098402,370.4747542054193,290.6245289284852,366.1443701666851,7.382877811602894,11.987280016909391,0.0,1.4963128662352445,0.0,0.3631689130468747,13.485957790193229,1.8913142216683008,9187.448480130652,1971.0,0.997884881561102,0.03171891165113873,0.005163029069816944,0.024611827945775475,0.002628232741743508,0.0065577606424672375,0.0008466201307878482,0.7162282869223323,0.0,0.28377171307766774,0.0,0.28377171307766774,0.0,0.011974194579112264
332,spinup,4.4404676168208,1.037617203274119,3.4028504135466804,3.346371248877027,7.920818521996772e-05,6.735835010867815,0.4307931631449921,1.15855140850356,7.232822423954242,18.317271547638736,0.0033556399591144924,2.917734415798208,0.003068137936795762,159.74954886734056,2.3728620415809543,2.820692661922771,0.003815609459182604,1.3005096120614479,3.5383607503426573,4.1179804744289275,103.12945015012735,1278.5761134320223,373.93085791272614,289.6442004919282,366.10294639727107,7.383686355442097,12.056383339844794,0.0,1.5480520945729717,0.0,0.3698628999285828,13.52251289785795,1.8959322459990688,9183.806366057472,1971.0,0.9978837327398002,0.031717940492871965,0.0051627294109417715,0.0246164023852128,0.002628196823953018,0.006557835708743415,0.0008466098499829609,0.70282718415857,0.0,0.29717281584143,0.0,0.29717281584143,0.0,0.012962924575907394
333,spinup,4.452040703729411,1.0394842603161663,3.4125564434132447,3.3554010023356877,8.03430948355254e-05,6.791881895626835,0.43401949424257674,1.1674229069964315,7.240586089868395,18.309000000092592,0.0035528202649374794,2.87104858794701,0.003237682523495575,159.89201850872485,2.3716831447180926,2.8332171107957653,0.00393030444959567,1.2908213636170256,3.5118421000819957,4.965386750435195,102.41804691604379,1275.8230830487523,377.1163462340585,291.86212372716216,365.93759476094783,7.383247951737969,11.971447311099999,0.0,1.5190706131872203,0.0,0.3766015195642019,13.614104389923202,1.9075265295540835,9188.467903124283,1971.0,0.9978881140996188,0.031717200394253124,0.005162823994803352,0.024615062222819,0.002628222512106984,0.006557888747250757,0.0008466179590715077,0.7044631225900652,0.0,0.29553687740993495,0.0,0.29553687740993495,0.0,0.013347241964071607
334,spinup,4.43712694836865,1.02246488844896,3.414662059919691,3.36410697700693,6.41763741038728e-05,6.7620547367723,0.43302684784965884,1.1652660294285393,7.242618345103514,18.307019051086012,0.0008752049260049792,3.0071381189947552,0.0031901823347598775,160.0533325305966,2.371997686163132,2.846058110226943,0.004004760171776173,1.3016042567008437,3.5418839105065447,5.020833922298117,101.22045954680988,1276.4748628684335,374.7479024754151,291.32289251642294,365.8979943025648,7.383073941902259,12.10234414005199,0.0,1.5171094148833857,0.0,0.36559929600512125,13.538236446460214,1.8974415188141232,9186.58829084205,1971.0,0.9978967676979185,0.031717632603137154,0.005162707874420965,0.024612620982580602,0.002628196694726849,0.006557808657518399,0.000846608945660941,0.7169952136283574,0.0,0.2830047863716425,1.1102230246251565e-16,0.2830047863716425,0.0,0.00860181205066625
335,spinup,4.4235537543050745,1.0166120022423653,3.40694175206271,3.325097052669945,8.61755683552775e-05,6.6519163696346855,0.4268089588584353,1.1428646197373746,7.21096209845521,18.313062079857282,0.004556738666942574,3.6931748201875303,0.0037956815203884675,160.212916339928,2.3753600767873433,2.7898557469672522,0.0037568941602807242,1.310131040493156,3.5618153016401317,4.479395331925739,102.57300369869802,1273.70356881698,367.7919875313734,285.72241734349086,366.0188680414068,7.383407177717972,11.744893327606372,0.0,1.489923431201298,0.0,0.35870260092972783,13.344853239891469,1.869571160673148,9172.132590246221,1971.0,0.9978580102457965,0.03171420497497831,0.0051615825040349905,0.02461381521601126,0.0026278918448235,0.006557602270014734,0.0008465411552904766,0.7118826424270632,0.0,0.28811735757293677,0.0,0.28811735757293677,0.0,0.01295703861220103
336,spinup,4.47927117950074,1.0856493358358308,3.393621843664909,3.3291495504298063,9.687000365927719e-05,6.829017855602178,0.435732894202656,1.1661723743125931,7.228565258578181,18.29613863387439,0.006518317626696178,2.961420222302923,0.003136165828115544,160.36951184683022,2.371752545889924,2.8233100520145866,0.004426457241578087,1.2777270126189508,3.365973658931453,5.49116968023335,103.23018117208439,1194.5316928986163,382.4975958240283,291.54948370381845,365.6805566942844,7.384625967175406,11.804495722720864,0.0,1.5941757741482903,0.0,0.3868372869109134,13.599093517265189,1.903716057404361,9186.585408323066,1971.0,0.9978609893775418,0.0317159351207735,0.005161836350656515,0.024628065748459445,0.0026280187574357116,0.006558273369726339,0.0008466069475803002,0.6769841869646249,0.0,0.3230158130353751,0.0,0.3230158130353751,0.0,0.01560258259490274
337,spinup,4.4674034113194345,1.0723833772694167,3.3950200340500167,3.345053553794479,8.49018493986125e-05,6.791119442043351,0.43432349228982886,1.1693605404296992,7.245623402744338,18.292262514655775,0.003227236617882023,2.8347299859894868,0.0030609733373038097,160.56598237893576,2.3713296556482297,2.8308948300970957,0.004646725085607066,1.2916721664557604,3.3829469682653013,5.753051809140155,102.96679048610314,1184.70918217538,380.1779591343985,292.3465427028813,365.60303475190653,7.384004718345086,11.674758117814552,0.0,1.551680420597187,0.0,0.38775407940820616,13.581060048754386,1.9016993425860576,9190.109002757992,1971.0,0.9978494938291782,0.03171630746632359,0.005161865949432716,0.02463126325591204,0.002628044673985027,0.006558551617784649,0.0008466395848273165,0.69355078652074,0.0,0.30644921347926,0.0,0.30644921347926,0.0,0.013003206138618327
338,spinup,4.455374203688825,1.053439540412701,3.401934663276124,3.353692512507362,8.8477256492956e-05,6.794619963378575,0.4342603216784431,1.1766769719928556,7.2706800725949705,18.287287196703637,0.003321841337526516,2.7564849071395168,0.0036523734828146064,160.74734076507852,2.370213800103832,2.841196921524054,0.004829597231065831,1.2922324862529841,3.3554119880719444,6.400420042208543,102.64044799084131,1168.3384371666425,380.0159679761348,294.17569068458505,365.50352030936244,7.383396394814309,11.468064886259512,0.0,1.5306663809523542,0.0,0.3695833770255862,13.620879363282116,1.906010395684397,9196.796041280897,1971.0,0.9978688471848619,0.03171835154353136,0.00516231587607162,0.024630879935932957,0.0026281067780910146,0.006558733328804821,0.0008466796971041213,0.6930663070048683,0.0,0.3069336929951317,5.551115123125783e-17,0.30693369299513173,0.0,0.015505430189655191
339,spinup,4.37766476709609,0.9100053893075091,3.467659377788582,3.428215007686734,4.485187367750125e-05,6.644594497073339,0.4259811362704115,1.161984609377854,7.2684594100549935,18.29767924731778,0.0005795415734006854,2.8687002639318098,0.004482794366263273,160.9993698602556,2.373015128721379,2.8693201469413108,0.00447165911186137,1.357472492439637,3.494788431013094,4.551230249158944,102.72981275480312,1183.8102439472364,367.2695965010292,290.50251952297367,365.7112410580646,7.380111822933019,10.512562317751769,0.0,1.3183316528414972,0.0,0.3244535652450128,13.410802208139454,1.8781446675915772,9189.157348733255,1971.0,0.9979676930184552,0.031717157729209036,0.005162790819979035,0.02459686002468458,0.0026279970083403085,0.006557323647305509,0.0008465867356538648,0.7669511865145189,0.0,0.23304881348548118,0.0,0.23304881348548118,0.0,0.007016092992835787
340,spinup,4.431011590087587,1.0604061715616482,3.370605418525938,3.324406360694977,9.126201100223316e-05,6.5920850102182715,0.4227389396583873,1.1421899151308896,7.228805130473896,18.30695458972642,0.0017780264552994256,2.7983343706595774,0.0029268811350455777,161.25130684973772,2.375139109331689,2.779083834146786,0.004475705569721531,1.3349218620600012,3.4536867036918286,6.5465582428178,102.86648044593494,1175.309378069703,368.32439246944585,285.5537374947771,365.8967436605928,7.384808319099845,11.865354166111768,0.0,1.599583556495422,0.0,0.3766236350560448,13.256737648189898,1.860531936094925,9175.547208517053,1971.0,0.9978858762621794,0.0317185521367483,0.005162130105404144,0.0246196549482472,0.0026280019835935842,0.006557864204703558,0.0008466108104218075,0.6775637821320654,0.0,0.32243621786793475,0.0,0.3224362178679347,0.0,0.013443503024667427
341,spinup,4.451206483325947,1.0696936668088521,3.381512816517095,3.3348006674782655,8.934662524065693e-05,6.805460899524627,0.43434442212020424,1.1670848868658543,7.238794278134476,18.29094681174605,0.00303744757249143,2.6570646113286447,0.0030640026489043323,161.36292245628402,2.3715131260055324,2.8181425310393524,0.0047309877481289874,1.286252703420169,3.378034555988926,7.442011579678228,102.4914417453834,1189.3537802373144,381.20193928825927,291.77761684231217,365.576755378013,7.384302792276796,11.937674066688752,0.0,1.5567375837117274,0.0,0.3973926614102791,13.592927133950042,1.9030421654898277,9188.62295619504,1971.0,0.9978878977646375,0.03171852351386012,0.005162290727931018,0.024627165675037307,0.002628134086188165,0.006558340569281642,0.0008466517657677503,0.6826654929184827,0.0,0.31733450708151734,0.0,0.31733450708151734,0.0,0.014977671181741353
342,spinup,4.422688487073648,1.0095013759697868,3.4131871111038605,3.3630625278443347,6.994123605046743e-05,6.701253457772313,0.42903488883567337,1.1598523354218486,7.23366639158191,18.29547243969596,0.001505695856609287,2.976789785458449,0.0038338588775923966,161.5382083208354,2.3732033596421744,2.8284905597477885,0.0038513910488602184,1.3153786300430539,3.5808890019484245,5.246579282509224,102.55214978760739,1285.9997120246449,370.68762179100247,289.9694393500233,365.66722695006064,7.3829991537490915,12.025171102721737,0.0,1.4958092317452651,0.0,0.3628941482741785,13.490512608477403,1.890496136351091,9184.977163345491,1971.0,0.9978848432880161,0.031718561321592946,0.005162126555585154,0.024622540844278375,0.0026280576796109028,0.0065580436210030055,0.0008466144977161532,0.7169875624725395,0.0,0.2830124375274605,0.0,0.2830124375274605,0.0,0.01141524610153961
343,spinup,4.440728185246399,1.0364162335519196,3.404311951694479,3.3459522764901832,7.896469768962092e-05,6.743546741152361,0.43135295494616843,1.1558874577415201,7.2207930768535675,18.293263441965532,0.003317487889888145,3.1140154842861363,0.003066654030081551,161.68293497189052,2.373349738273342,2.818410306939786,0.0038160630658762534,1.2985941315804426,3.5383607503426573,4.119891178394058,103.13060647471842,1279.867238067171,374.1290600137127,288.97819820410774,365.6231090805863,7.383827876112922,12.088155159596443,0.0,1.547388216895763,0.0,0.3696173850930633,13.526437805817402,1.8951580083601,9181.226820124983,1971.0,0.9978836561644007,0.03171750164531013,0.005161815613856036,0.024627051820727323,0.002628018271946758,0.006558130145600219,0.0008466047786748162,0.7035530677094746,0.0,0.2964469322905255,0.0,0.2964469322905255,0.0,0.012401212601754853
344,spinup,4.452213902805992,1.0382509945085918,3.413962908297401,3.3550154755758204,8.00602602453358e-05,6.79975609582915,0.4345580842383333,1.1647257591372828,7.228433510381024,18.284844785093,0.003502461935672513,3.0655102043786546,0.0032347868514511417,161.8228212292549,2.3721728836121794,2.830912202473293,0.003930741875002281,1.2889563410456728,3.5118421000819957,4.967243309216811,102.4191798896449,1277.0909131877427,377.33208756683865,291.1878219831587,365.45481738344785,7.383390596419505,12.008097452674907,0.0,1.5176543735018542,0.0,0.37739438729362196,13.618608737907527,1.9068478927146715,9185.773340675252,1971.0,0.9978880240737381,0.03171675119751456,0.005161911773345157,0.024625774746441804,0.002628036901695996,0.0065582041846317975,0.0008466155782533354,0.7051844350322579,0.0,0.294815564967742,5.551115123125783e-17,0.2948155649677421,0.0,0.012904242533098109
345,spinup,4.437368224164003,1.0212697814746674,3.4160984426893353,3.363783040805306,6.398693305201147e-05,6.77075963220057,0.43365495132109205,1.1624984143672694,7.23024577245485,18.282649466902853,0.0008410095780296909,3.2042276562552505,0.0031896505730975733,161.9812846692223,2.372486591390025,2.843790209542638,0.004005173750187873,1.2995848812208588,3.5418839105065447,5.022859927853435,101.22220656014333,1277.8776968646332,375.0202175103024,290.63097358575897,365.41093274961105,7.383218686543434,12.136661971916972,0.0,1.5173953583064739,0.0,0.3645063815761117,13.542736652769769,1.8967771263299325,9183.803403527787,1971.0,0.9978968055627294,0.03171706288803874,0.0051617852135406785,0.024623407012862662,0.0026280092788004243,0.0065581560187470515,0.0008466091175163587,0.7179009617729943,0.0,0.28209903822700555,1.1102230246251565e-16,0.28209903822700555,0.0,0.008158584471053349
346,spinup,4.423535441671775,1.015229373330613,3.4083060683411617,3.3246104362094053,8.577018602911628e-05,6.659563335239315,0.42734112286684744,1.1401607143649748,7.1985670066005945,18.288472116824664,0.004483282714038785,3.9103881937129312,0.0037918062507161813,162.13693928295783,2.3758534411528136,2.787603032107783,0.003757338345133611,1.3083829538946459,3.5618153016401317,4.481152607699223,102.57417486312437,1274.9792869923576,368.0032572074338,285.0464261841463,365.5274016523322,7.383569457721459,11.775432118243598,0.0,1.489435598931175,0.0,0.3583439837986854,13.3503756804103,1.8688526990654508,9169.26493171642,1971.0,0.99785789584326,0.03171357435152672,0.0051606529977922515,0.024624629495072513,0.0026277054673039743,0.006557968222710106,0.0008465411825617486,0.7126521198693045,0.0,0.28734788013069557,0.0,0.2873478801306955,0.0,0.012614629946051283
347,spinup,4.479563451645427,1.0843171342526727,3.395246317392753,3.3285889869646943,9.650329241427797e-05,6.837205575913052,0.436293810580519,1.1633148328841203,7.215898148040722,18.27140328065901,0.00644287160825166,3.1588303609755206,0.0031352528247967078,162.2927724850972,2.3722556140027105,2.8208692091413385,0.004426835184735384,1.2758501569685994,3.365973658931453,5.493041781193667,103.23111860822087,1195.7934851364603,382.70424601181554,290.83508268859595,365.18618501353853,7.384793019523037,11.822608551732863,0.0,1.5934597024489279,0.0,0.3866519716533928,13.602133231198561,1.9030750824430447,9183.570714822472,1971.0,0.9978608692879953,0.03171524326989263,0.0051608882637688555,0.02463890186977906,0.0026278350768652345,0.006558654689590622,0.00084660711471139,0.6779004860684346,0.0,0.32209951393156533,1.1102230246251565e-16,0.32209951393156533,0.0,0.015042735422394753
348,spinup,4.467831474451752,1.071220628148154,3.396610846303597,3.344598974725021,8.47029636636827e-05,6.79979218942537,0.4349561526561327,1.1664946773842109,7.232739836062803,18.267282204360495,0.003217595716998846,3.023683909916423,0.003061890163594023,162.4872216776876,2.37183429747676,2.828476977790618,0.0046470560951786385,1.2896503528543064,3.3829469682653013,5.755073039033789,102.96787395992136,1186.05437242229,380.3917032557107,291.63006123780593,365.1037674999713,7.384174265056334,11.696564673049789,0.0,1.551271126807463,0.0,0.38752684551927874,13.58417602678467,1.901028288328951,9186.993158832951,1971.0,0.997849409516969,0.03171554587943358,0.005160902105712825,0.024642198733941786,0.002627866923363224,0.006558946643382663,0.0008466402242223829,0.694464875719005,0.0,0.30553512428099505,0.0,0.305535124280995,0.0,0.012410545609248444
349,spinup,4.455784945328217,1.0524869813843951,3.4032979639438214,3.3533886968491284,8.837076583569993e-05,6.802906874675724,0.4348620486121917,1.1738964087472867,7.257794213137499,18.262098949595586,0.0033067524010677984,2.9346441785933117,0.003653062584762969,162.6664567873051,2.370714447852692,2.83880813075749,0.004829891155459947,1.290312321460119,3.3554119880719444,6.4023495852720185,102.64174577490608,1169.5949032523436,380.26644745309613,293.4805346368959,365.00009685542483,7.383574442890801,11.49610220249565,0.0,1.5302719346981672,0.0,0.36935910569681074,13.624452572201442,1.9053501469505316,9193.574875868515,1971.0,0.997868738550381,0.031717574337273784,0.005161356997760538,0.024641860869972783,0.002627937914434504,0.0065591457620843485,0.0008466810112380354,0.6937807662024505,0.0,0.30621923379754945,0.0,0.30621923379754945,0.0,0.01483648384235878
350,spinup,4.378089060632652,0.9092820761098257,3.4688069845228275,3.427902245955583,4.4798711533527804e-05,6.652556798700554,0.42656593119330155,1.1592719660253128,7.25567110729467,18.27229314443014,0.0005744318300093304,3.0507762924704767,0.004479049385554526,162.91564037130988,2.3735178569433018,2.8669447334983365,0.0044720355437183655,1.3555183707627776,3.494788431013094,4.553167816368383,102.73108147339956,1185.067038720548,367.5209935487663,289.8243438207133,365.2038626269785,7.380308292948273,10.554860112900496,0.0,1.3177847921562826,0.0,0.32421555083950815,13.41655255628151,1.8774295718719936,9185.85788883431,1971.0,0.9979676880790258,0.03171639662840073,0.005161846730667163,0.024607850513054544,0.0026278285799242146,0.006557747373969747,0.0008465893068457155,0.7677545472224112,0.0,0.23224545277758882,0.0,0.2322454527775888,0.0,0.006837526566068143
351,spinup,4.431224920412894,1.0592820693929972,3.3719428510198965,3.3239590144803155,9.116824683016589e-05,6.599375192527841,0.42326091327406373,1.1395575531510755,7.216193720945779,18.281449930275212,0.0017611949366166868,2.9816353920752894,0.0029286467649803556,163.16509332114617,2.375645851458398,2.776667121507074,0.0044760581845999835,1.3331505464522722,3.4536867036918286,6.548343625530882,102.86750046559293,1176.4884584979698,368.4785810180256,284.8956325756062,365.3869950554894,7.385019716701562,11.88352900238834,0.0,1.5989610043935016,0.0,0.37632773935098396,13.259955168763131,1.8597303567564034,9172.147103169022,1971.0,0.9978857774441121,0.03171777809786557,0.005161198825153677,0.0246305809229538,0.0026278317082613026,0.006558292234274149,0.0008466138016243701,0.6783906746242157,0.0,0.3216093253757844,0.0,0.3216093253757844,0.0,0.012843011043022929
352,spinup,4.451631676036519,1.0687819326989494,3.382849743337571,3.334447510392153,8.927334978122258e-05,6.813277968600242,0.43490598493695115,1.1644012374344541,7.226316102072192,18.265359465352837,0.0030221001750386544,2.8301224442432424,0.0030638184805786895,163.27487706228612,2.3720153753603404,2.8157544495975766,0.0047312926056909095,1.2843408953626527,3.378034555988926,7.443906003804308,102.49242112749158,1190.5695323913149,381.42893867335624,291.1066897792115,365.0653536747212,7.384529836176538,11.968735240858443,0.0,1.5564155502639558,0.0,0.3971530501947097,13.596252611777013,1.9022600787338,9185.117736695358,1971.0,0.9978877874558748,0.031717735247407085,0.005161366104927961,0.02463812666241514,0.0026279630449290185,0.006558777985074547,0.0008466601710614914,0.6833860001463068,0.0,0.31661399985369315,5.551115123125783e-17,0.31661399985369315,0.0,0.014475247274458695
353,spinup,4.42298145447749,1.0083876031103962,3.4145938513670937,3.3626726147038233,6.97930507835179e-05,6.7088311920412576,0.42957403389618676,1.1571777719495062,7.221296065307865,18.269730006975678,0.0014808377761821713,3.1616696071591837,0.0038345934006090176,163.44661937817682,2.3737022475009772,2.82609355716054,0.0038518252321407226,1.313394203007609,3.5808890019484245,5.248576983175587,102.55351118132911,1287.2891954012398,370.9051782111016,289.30078382647423,365.1527251105356,7.383234230525123,12.063591219277212,0.0,1.4953035242105885,0.0,0.36262687053711085,13.495350811343755,1.8896806929101344,9181.391191342247,1971.0,0.997884733393374,0.03171769467079025,0.005161190076125825,0.02463343271800237,0.0026278872331246825,0.006558495167105454,0.000846625975881671,0.717673667097139,0.0,0.28232633290286097,5.551115123125783e-17,0.28232633290286097,0.0,0.011017259700285923
354,spinup,4.441007448750629,1.0352611280743094,3.405746320676319,3.3454725705693726,7.872290210999042e-05,6.751191377546108,0.4318836870888197,1.1531980857167676,7.208411337693708,18.26741576374234,0.003276157701100454,3.309579567288757,0.003065109134254201,163.58800332788937,2.373850934803402,2.8159780875439804,0.003816510160885926,1.2966240250482193,3.5383607503426573,4.121855950735925,103.1318056068516,1281.1678714168906,374.33338058003494,288.30584046131173,365.1065036417511,7.384078066718812,12.12144554947724,0.0,1.5466660990405559,0.0,0.36935806161865886,13.530970997320274,1.8943723398079721,9177.548382628584,1971.0,0.9978835001119724,0.0317165888626108,0.005160871600957285,0.024637870299234376,0.0026278452772049276,0.0065585880169936155,0.0008466155350735989,0.7043836699881918,0.0,0.29561633001180826,0.0,0.29561633001180826,0.0,0.01213632616807326
355,spinup,4.452501116533663,1.0371737275432786,3.4153273889903843,3.354552996362963,7.977415649895042e-05,6.807773910510789,0.43510542256613843,1.1620174925872264,7.215969180380019,18.25888652671223,0.0034679184691265327,3.259438667475711,0.0032308520778203172,163.7254666688417,2.372675031028652,2.828491253672739,0.003931176739106356,1.2869444801492846,3.5118421000819957,4.96924509701825,102.42040880529844,1278.4373202161976,377.56713921179727,290.51074050550255,364.9360019118523,7.383643446979953,12.042326937128745,0.0,1.5171969681138797,0.0,0.3771728856813385,13.623004887339755,1.9061209763545803,9182.00049163467,1971.0,0.9978878803292833,0.03171580910022646,0.005160963440885423,0.024636601286091055,0.002627863878170101,0.0065586701637909955,0.0008466269971328941,0.7059351886065293,0.0,0.2940648113934706,1.1102230246251565e-16,0.2940648113934706,0.0,0.012474162879294646
356,spinup,4.43764816873017,1.020159162677077,3.417489006053093,3.363352303944651,6.378750667410308e-05,6.7792434292153985,0.4342467260667682,1.1597672933338283,7.217682945854911,18.256540890521535,0.0008300951100030774,3.4028566809918868,0.0031886108020128057,163.88096020042465,2.3729887034173163,2.841398562600393,0.004005591939482727,1.297513252994734,3.5418839105065447,5.024939996340724,101.22400752843527,1279.2773012156276,375.2869398355471,289.9481783620239,364.88911301503407,7.383472566654115,12.175530640318783,0.0,1.516885440557316,0.0,0.364295870498725,13.54673833702705,1.8960858204417077,9179.956313314646,1971.0,0.9978967432714185,0.03171605548953675,0.005160825292678216,0.02463426294585025,0.0026278318540321186,0.006558636841047388,0.0008466201917462553,0.718790985295035,0.0,0.2812090147049649,5.551115123125783e-17,0.2812090147049649,0.0,0.007863844904548393
357,spinup,4.423482988129342,1.0140222785359727,3.4094607095933696,3.3239961768115553,8.537662069186077e-05,6.667290764106551,0.42787045851444117,1.1375352368043015,7.186102327135653,18.26224348036081,0.004408281730282268,4.139203102085173,0.0037879819980760885,164.03182939615684,2.376358894836406,2.7852708193868785,0.0037577961251002326,1.306581871224519,3.5618153016401317,4.482962991660465,102.57537284983651,1276.305632378106,368.22854893519576,284.3900424074843,365.00318190713557,7.383831542918683,11.812806272390322,0.0,1.488863188003343,0.0,0.358070077890281,13.354168514168025,1.868093658860173,9165.35708896586,1971.0,0.9978577255739023,0.031712557402213334,0.0051596886349732345,0.024635470868523683,0.0026275241178421657,0.006558451058586597,0.0008465499505092393,0.7134240179306811,0.0,0.28657598206931895,0.0,0.28657598206931895,0.0,0.012434078075359
358,spinup,4.479832220215312,1.0830152213607316,3.396816998854581,3.327921842839342,9.606390200119533e-05,6.845753148693466,0.43687368827274553,1.1605590584665593,7.203209321177455,18.245130681130217,0.00636447826180962,3.3712425370620647,0.0031357167139090467,164.18667670478897,2.3727704923969255,2.818401117689797,0.004427226494410294,1.2738689135995818,3.365973658931453,5.495018082130447,103.23210895247642,1197.1262703481252,382.9314542324035,290.14612398374084,364.66108715492794,7.3850457634902575,11.839181651738308,0.0,1.5926839955632421,0.0,0.3864682734759923,13.604695335877546,1.9024115088593532,9179.544898738339,1971.0,0.9978607181771371,0.0317141847624524,0.005159912807236005,0.024649751379418952,0.0026276491634230808,0.006559144266465755,0.0008466140134489172,0.678820594596436,0.0,0.3211794054035641,0.0,0.3211794054035641,0.0,0.014257820900717852
359,spinup,4.468280729129122,1.0700053623651138,3.3982753667640084,3.344051396361378,8.4360581394934e-05,6.808845410262944,0.43558292017690026,1.163709462407621,7.219812131620369,18.240825778396545,0.0032072635969064146,3.2328538902991317,0.0030629204778468895,164.37884687688504,2.372351945597098,2.8260901420551106,0.00464740448572881,1.2875090404707101,3.3829469682653013,5.757212173915994,102.96903214149184,1187.4417485812044,380.6718826280526,290.933742231872,364.5749960012331,7.384409532764405,11.721420283756057,0.0,1.5508104715732867,0.0,0.38729805313157445,13.587257327869793,1.9003850251914465,9182.897658802469,1971.0,0.9978493233087178,0.03171450432252716,0.005159900805457613,0.024653186274626135,0.002627682557322317,0.006559453119100795,0.0008466459574094364,0.6952150087187343,0.0,0.3047849912812657,0.0,0.3047849912812657,0.0,0.011943055080376496
360,spinup,4.456360987485384,1.051572845939573,3.404788141545812,3.353043198851169,8.824246752885986e-05,6.812098108068325,0.43550001410944267,1.1711801484520676,7.244706577066093,18.235441765628376,0.00331353953464841,3.1274123124886244,0.0036538293882349355,164.55628613558133,2.3712328598333494,2.836348714371832,0.004830210336295216,1.2881443008613433,3.3554119880719444,6.404528622405296,102.64323703041681,1170.9827763187195,380.500238274317,292.80145467914684,364.4673130749963,7.383807959475978,11.519366622980296,0.0,1.5297875813734847,0.0,0.3691537436040967,13.628327367586943,1.9047360085533307,9189.386799570862,1971.0,0.9978686724379775,0.03171649822260321,0.005160360677831453,0.02465289061818643,0.002627760452870536,0.006559660464205974,0.0008466855757493224,0.6945372922487458,0.0,0.3054627077512542,0.0,0.30546270775125417,0.0,0.01449539261377382
361,spinup,4.378260399193478,0.9085170389016876,3.46974336029179,3.4274796802806726,4.471179071265207e-05,6.6606153741022425,0.4271281371762556,1.1566821984128943,7.242748403173775,18.24545661766489,0.000563425045126868,3.2462438583319324,0.004476133315800897,164.80291075824204,2.374038195645481,2.864615446262132,0.004472437784347445,1.3536099188655177,3.494788431013094,4.555059159945889,102.73231217756648,1186.3415024729181,367.8219934705784,289.1768877267902,364.66749371958144,7.38055050123043,10.593853323581126,0.0,1.3171630166237975,0.0,0.32396822194085667,13.422828740694058,1.8767296627734633,9181.624373251618,1971.0,0.997967643015933,0.03171528874482559,0.005160872460627524,0.024618896757328493,0.002627648134020362,0.00655827705721097,0.000846592604071894,0.7685156043891098,0.0,0.2314843956108903,0.0,0.2314843956108903,0.0,0.006391141009669267
362,spinup,4.43151649287332,1.0581165781377444,3.373399914735576,3.323533582200119,9.094084715546158e-05,6.607507719702245,0.42382937864570813,1.1370196850733072,7.203270725866363,18.254478077827756,0.0017475416172820384,3.1785489726120533,0.0029306384718278938,165.05008099630487,2.3761726589383514,2.7743252724959095,0.004476425962195423,1.331196050704447,3.4536867036918286,6.550312469819702,102.8686205940619,1177.7803003173228,368.70371443854583,284.2611516497328,364.84792128045797,7.385260910779535,11.90066542172525,0.0,1.5986296891172667,0.0,0.3757313413710791,13.263571300031728,1.858983414804289,9167.845817573761,1971.0,0.9978856938152747,0.03171670654705795,0.005160234760487405,0.024641605782490333,0.0026276501966291197,0.006558829652271213,0.0008466155567650744,0.6792626963607089,0.0,0.3207373036392911,0.0,0.3207373036392911,0.0,0.012254172891696983
363,spinup,4.452109553643477,1.067866127930976,3.3842434257125005,3.3340676709075114,8.914425702613966e-05,6.821917188656023,0.4355168344002241,1.161785417164461,7.213412562672354,18.23827883079412,0.0030088889433995502,3.0144260174380983,0.0030632599979865233,165.15821149182523,2.3725423420515934,2.81335035392846,0.004731617089018486,1.2822801831211348,3.378034555988926,7.4459492354969665,102.49346349741887,1191.9095452506124,381.6688718189846,290.4527203781372,364.52410552673325,7.384785116071583,11.999011724358851,0.0,1.5557755551849413,0.0,0.397260038004657,13.599647068316116,1.9015406871608063,9180.724454888426,1971.0,0.9978876825884707,0.03171673788492879,0.005160415561303373,0.024649227562888502,0.0026277824125337705,0.006559327427197931,0.0008466663781300479,0.6841561580952323,0.0,0.31584384190476755,1.1102230246251565e-16,0.31584384190476755,0.0,0.013915264947274995
364,spinup,4.423203345828199,1.0073812508262665,3.415822095001934,3.362253995067218,6.960965429537651e-05,6.7170212261352855,0.4301497248790498,1.1546048033361263,7.20855556990658,18.242529627045915,0.00145570769378816,3.3574160044284826,0.0038353365905881647,165.32635864299547,2.3742278039968063,2.8237246128762687,0.0038522813947725063,1.3113707886336652,3.5808890019484245,5.250614423727774,102.55489577949471,1288.6987564752712,371.16353044128107,288.6575275743619,364.60908306473374,7.3835053909903605,12.103431991440596,0.0,1.4947644760505823,0.0,0.36236737982107425,13.499855060928503,1.8888847409134153,9176.940205414645,1971.0,0.9978846055764317,0.031716688506471157,0.005160245323568259,0.024644464128686427,0.0026277016730808806,0.006559056226911372,0.0008466340324930767,0.7184783869815784,0.0,0.2815216130184216,0.0,0.28152161301842166,0.0,0.01065603222765936
365,spinup,4.4411133489257875,1.034202502796827,3.40691084612896,3.3449428774715955,7.841803788684498e-05,6.759348635782401,0.4324480177535482,1.1506398326715748,7.19571159297253,18.240156474513828,0.0032319510039089004,3.51607246764712,0.0030639008568481454,165.4644946340334,2.374377526747422,2.8135845956619674,0.0038169786105884253,1.2946762370255867,3.5383607503426573,4.123798580162192,103.13298324283579,1282.5650539641447,374.5721343448983,287.6662631818812,364.56168401464123,7.384355791608274,12.152729125091039,0.0,1.5460530408506337,0.0,0.3689499582355832,13.535018583313772,1.8935767966503332,9173.029028508361,1971.0,0.9978833209974713,0.03171559702635071,0.005159930668669918,0.024648825246495355,0.0026276530909973353,0.006559154403958871,0.0008466226323513152,0.7053149625136194,0.0,0.2946850374863807,0.0,0.29468503748638064,0.0,0.011583848086024053
366,spinup,4.452639043468076,1.0361823685011033,3.416456674966971,3.353994280431049,7.943858237000157e-05,6.815956505314122,0.4356709716808429,1.1594563071830193,7.203221807282105,18.231559792526998,0.0034319640873675503,3.465040236961935,0.0032264144343997357,165.59956113361434,2.3732056839352165,2.8260835960404758,0.003931630820445244,1.2850035064549499,3.5118421000819957,4.971177030627755,102.42159380204541,1279.833618455148,377.81007494408794,289.87043012025066,364.38983433590664,7.383914108904666,12.076016945024072,0.0,1.5165526851298194,0.0,0.37709030046470593,13.626659446808212,1.9053394475880108,9177.405503549146,1971.0,0.9978876736607463,0.03171481521725445,0.005160030080393705,0.024647578018012067,0.0026276668128568607,0.006559245750668199,0.0008466340648824108,0.7067859255777124,0.0,0.2932140744222876,5.551115123125783e-17,0.2932140744222876,0.0,0.011802311334989445
367,spinup,4.437771275607235,1.0192405630745964,3.4185307125326396,3.3628013547415976,6.35768619041349e-05,6.7874576475607835,0.43482038853248034,1.157219832974761,7.204947532636953,18.22912444085445,0.0008212951526748063,3.6150121633396823,0.003187030293007088,165.75206306632958,2.3735181594026127,2.839017591281124,0.004006029509934662,1.295578285811754,3.5418839105065447,5.026883570043201,101.22568345645186,1280.6719396515382,375.55403061020326,289.31129931326427,364.3411521874318,7.383734330018643,12.211200104940835,0.0,1.5163950106211201,0.0,0.36404688575848604,13.550112157789776,1.8953036531981957,9175.304724920949,1971.0,0.9978965478166161,0.03171503244580792,0.005159890675217952,0.02464521864209457,0.002627632074505561,0.006559222714485639,0.0008466280266146727,0.7197294246234089,0.0,0.28027057537659106,0.0,0.280270575376591,0.0,0.007510424159458636
368,spinup,4.42328960860947,1.0129390281418174,3.4103505804676533,3.3233009585775255,8.507267624892639e-05,6.674553570092306,0.4283600308704564,1.1351347421260085,7.173586056688454,18.23477310331561,0.004325782921148067,4.368524085498069,0.0037835682384725995,165.899369146848,2.376884874487318,2.782931355158101,0.003758271284033048,1.304935464088545,3.5618153016401317,4.484618149459512,102.57647011983539,1277.6025860504385,368.4354540430765,283.7899055842272,364.45414258787906,7.3840990170446466,11.839019612655402,0.0,1.488387318411496,0.0,0.3577647547734531,13.360467765560525,1.8672465773487155,9160.6589940582,1971.0,0.9978574102067758,0.03171152116096938,0.0051587531529996055,0.02464635248868688,0.0026273225336948354,0.006559034361901106,0.0008465567424990924,0.7142041065137665,0.0,0.28579589348623347,0.0,0.2857958934862335,0.0,0.01209808233752574
369,spinup,4.479952977228942,1.0819548800294179,3.3979980971995247,3.327193911838215,9.570271917596359e-05,6.853717934123993,0.43739775385791413,1.158081117258766,7.190607583440229,18.21770561340001,0.006278848254447503,3.581419984220098,0.0031349393420322578,166.05349120770757,2.373301520751454,2.8159378849927,0.004427635537642798,1.272051608771362,3.365973658931453,5.496830932372574,103.23301300910795,1198.4057150550682,383.1309684049093,289.5266251037349,364.1129537050176,7.385303160157609,11.855092740317794,0.0,1.5920189503365527,0.0,0.38626089442735434,13.606903204935739,1.9016828459199355,9174.747176515748,1971.0,0.9978604174876845,0.03171311458029556,0.005158977969940311,0.02466060200807046,0.0026274398582169563,0.0065597259916351704,0.0008466179998471929,0.6797279089376975,0.0,0.3202720910623026,0.0,0.32027209106230253,0.0,0.013773450455816932
370,spinup,4.468506271626953,1.06885082770754,3.3996554439194133,3.3434425203021676,8.408914777367612e-05,6.816922565224051,0.43613893486706057,1.1612393348250958,7.2071496854750405,18.213312740938914,0.003163526279448573,3.4405407249684696,0.0030630026558598816,166.24334819405763,2.372882016580264,2.8237213724761316,0.004647766147454781,1.285630411571623,3.3829469682653013,5.759089144077691,102.97005156753264,1188.723052018849,380.9222520448446,290.3161968009983,364.0251043923966,7.384642060572243,11.748295502572036,0.0,1.5503477036147006,0.0,0.3870603469108639,13.589589788865116,1.8996469544658148,9178.048308327685,1971.0,0.9978490311608406,0.03171342938080403,0.0051589670223859685,0.024664108345065237,0.0026274765161444645,0.00656005431902499,0.0008466526068791308,0.6960524840240807,0.0,0.30394751597591924,5.551115123125783e-17,0.3039475159759193,0.0,0.011560532993892718
371,spinup,4.456592223892459,1.050432383467092,3.406159840425367,3.3525117590316973,8.787721707902285e-05,6.820374810324913,0.43607954681648786,1.1686717012787728,7.23181463341712,18.207776795950263,0.003287021519331747,3.3248969969848936,0.0036529979253625286,166.4191247234568,2.371764552461754,2.8338918418739785,0.004830548362666503,1.2862849146322362,3.3554119880719444,6.406397713882161,102.64448672107422,1172.259196760735,380.7028362524944,292.1743291406059,363.91438529690424,7.384013149414208,11.537616639440817,0.0,1.5291659699839157,0.0,0.3688921173512999,13.630931058365444,1.9040271807389784,9184.464482379804,1971.0,0.9978683851603228,0.03171539195602064,0.00515941392569062,0.024663916452950702,0.002627560343439617,0.006560267232065754,0.0008466900981780718,0.6954103275913546,0.0,0.3045896724086454,5.551115123125783e-17,0.3045896724086454,0.0,0.014196308436092733
372,spinup,4.378481193616142,0.9081812785725256,3.470299915043616,3.427049183346073,4.4741856655292246e-05,6.668506602271869,0.42767503078948116,1.1543297735239102,7.229960399860545,18.21767190498284,0.0005643563366809672,3.4348977124945517,0.0044733046580101975,166.66335653889388,2.3745686613606933,2.862167513382617,0.004472859889894751,1.3517608970734465,3.494788431013094,4.556890350116145,102.73350593219506,1187.6265931372454,368.05831386203374,288.5887686142623,364.1121722527334,7.38074894437525,10.631416219892587,0.0,1.3167902259526298,0.0,0.32373671548423416,13.429147689122198,1.8759828011055337,9176.642370399166,1971.0,0.9979674715907031,0.031714158646612756,0.005159932883317486,0.02462982152247329,0.0026274536920367466,0.006558875274345078,0.0008465945538471509,0.7692529624920885,0.0,0.23074703750791153,0.0,0.23074703750791153,0.0,0.00606066735327424
373,spinup,4.431576912430306,1.0572238330306107,3.374353079399696,3.3230300582032104,9.077476609502458e-05,6.614609879644714,0.4243195320704835,1.134781364463045,7.190865816792356,18.226665451595345,0.001740365169463377,3.3671361986320596,0.002932376851443449,166.90830055431113,2.3767021199509872,2.7719780788433783,0.004476825440158501,1.3295459614242635,3.4536867036918286,6.551978236765665,102.86955826000852,1178.965541606199,368.8822876168143,283.70155923212786,364.2920408335761,7.385469751903213,11.91881043189207,0.0,1.5981440273762173,0.0,0.37545508184237397,13.26618543848583,1.8581646927303885,9162.82692311546,1971.0,0.9978853753090577,0.031715576067414646,0.005159306006284755,0.024652425113331832,0.0026274592592184986,0.006559425840433803,0.0008466160015296167,0.6801611989422209,0.0,0.319838801057779,5.551115123125783e-17,0.31983880105777895,0.0,0.012019169018734958
374,spinup,4.4523708231880015,1.0669705929054487,3.3854002302825528,3.3336168219157907,8.89556524577405e-05,6.8294515144307075,0.4360473152037197,1.1594703035302047,7.201093260010263,18.210408607490898,0.0030074765477058744,3.1963870353419574,0.0030624421430209443,167.0146450934342,2.3730695299161226,2.811003050744572,0.004731970969531966,1.2805327220666247,3.378034555988926,7.447681154079639,102.4943376627426,1193.1219989734911,381.8972007615846,289.873929283741,363.9670736043954,7.384998125810332,12.02943192326259,0.0,1.5553776489340798,0.0,0.3970354507438308,13.602459906196776,1.9008032236541088,9175.639493401544,1971.0,0.9978873644171127,0.031715680295659215,0.005159504858695111,0.024660111600018082,0.0026275980162892166,0.0065599463836623325,0.0008466712864443486,0.6850880676107978,0.0,0.31491193238920223,0.0,0.3149119323892022,0.0,0.013320148730016272
375,spinup,4.423267226087183,1.0063747202259898,3.416892505861193,3.3618111879190615,6.937236714918573e-05,6.724503759409663,0.43067934398567564,1.1522916716016396,7.196304104596306,18.214552743214867,0.0014324856977683165,3.552913119943699,0.0038343534719592195,167.17913083838042,2.3747525946779087,2.821366743916352,0.0038527620778061344,1.309617450130383,3.5808890019484245,5.252379711220892,102.55610341573644,1289.9998042816928,371.3911503682028,288.07923196576803,364.0499190429129,7.383731152246663,12.142707860419726,0.0,1.494204184962475,0.0,0.3620939042894822,13.504195353267217,1.8881017290247757,9171.809295495674,1971.0,0.9978843093046614,0.031715670798231184,0.005159352310230218,0.024655302336481194,0.0026275154150477865,0.006559684957515889,0.000846639965963044,0.7193145436693642,0.0,0.28068545633063574,5.551115123125783e-17,0.28068545633063574,0.0,0.010059540412889777
376,spinup,4.44110842391025,1.033177163689413,3.407931260220838,3.344413211809569,7.812933019821007e-05,6.766812021547914,0.43296302483468774,1.148321962325979,7.183492542308187,18.212162536047487,0.0031876944331515156,3.7250656595644847,0.003061627363486631,167.31378298002411,2.3749068294476725,2.8111989378335336,0.0038174730670621857,1.2929717154451301,3.5383607503426573,4.1254985291605255,103.13401416385908,1283.8623547182847,374.7809468124109,287.0867828945445,364.0021790187485,7.384592552032687,12.188017071307684,0.0,1.5453562446093758,0.0,0.3686734277134151,13.538538692557271,1.8927868105345036,9167.845128484812,1971.0,0.9978829670341882,0.0317146077984135,0.00515904287702847,0.024659601508434048,0.002627467361452875,0.006559782577171807,0.0008466268043737584,0.7062617056602657,0.0,0.2937382943397342,1.1102230246251565e-16,0.2937382943397342,0.0,0.011199121210104378
377,spinup,4.452659721141806,1.0352071003248606,3.4174526208169462,3.3534122702521456,7.911887778080824e-05,6.823277966063871,0.4361708072445505,1.157116453488615,7.19098272811343,18.203558970167105,0.003396755390184387,3.675339776684918,0.003221094886669349,167.44642008065588,2.373736214043768,2.8236749701501616,0.003932113412314964,1.2833175848752527,3.5118421000819957,4.972855382359284,102.42262073110042,1281.113378596777,378.02102203781783,289.28545387525236,363.8301918006437,7.384148354816953,12.105925578211966,0.0,1.5159688084237504,0.0,0.3768600815123415,13.630436775580616,1.904563363873084,9172.158974600175,1971.0,0.9978872765498664,0.03171382388188082,0.005159152526931378,0.024658327050686928,0.0026274805440175443,0.0065598706793367064,0.0008466352601767364,0.7076500661359616,0.0,0.2923499338640384,0.0,0.2923499338640384,0.0,0.011542209838007996
378,spinup,4.437794069725275,1.0184456947444134,3.4193483749808613,3.3622297252363462,6.344277208886076e-05,6.794885077305108,0.43533249334205304,1.1548881473409385,7.192765981974999,18.201100204528988,0.0008118746849307736,3.8278868349460806,0.0031838369169428717,167.59619964614,2.3740480268588886,2.836581355257479,0.004006493478221582,1.293851615527829,3.5418839105065447,5.028617197743195,101.22718783782358,1281.966733986015,375.76621452847075,288.7283651281689,363.78104150007766,7.3839695737557625,12.247429409478173,0.0,1.5159992847979464,0.0,0.3638111916241202,13.55320331369835,1.8945491405081354,9170.004113697607,1971.0,0.9978961823205854,0.03171399667622681,0.005159006900197095,0.02465593258472288,0.0026274458343663386,0.006559842337849615,0.0008466279224285939,0.7205877263876383,0.0,0.27941227361236165,0.0,0.27941227361236165,0.0,0.007156512893049443
379,spinup,4.423067060052028,1.0118891883893968,3.4111778716626304,3.3226180442133892,8.47932365552174e-05,6.681232691228986,0.428810151242029,1.1329159687467911,7.1616438363292705,18.20673218507022,0.004249757485488827,4.606744175313661,0.0037783023597131368,167.73917062423448,2.3774168711742063,2.7805747926031454,0.003758768264965408,1.303405584190226,3.5618153016401317,4.486155480270737,102.57748696643732,1278.8239483842806,368.6184956337793,283.23520008149416,363.89369780997936,7.3843452909994385,11.872586202411668,0.0,1.4878912324679945,0.0,0.3575199866341401,13.364489766095415,1.8664633317986339,9155.32859205776,1971.0,0.9978569451543932,0.031710450326346125,0.005157863699708215,0.024656992990094377,0.002627135486846649,0.00655964759656289,0.0008465547156688681,0.7149934333190854,0.0,0.2850065666809147,0.0,0.2850065666809147,0.0,0.011602756359379613
380,spinup,4.4800658653399426,1.080988482703849,3.399077382636094,3.326557203978897,9.538393388902574e-05,6.8616867130419985,0.437933532444412,1.1557390678699935,7.178581287925832,18.189758432603746,0.006195161496736805,3.803144400736573,0.0031345523252869164,167.89229670356423,2.373835916032889,2.8134990177413988,0.004428067088502642,1.270268791432808,3.365973658931453,5.498609227072632,103.23390057234964,1199.6814378765216,383.3382173187125,288.94109992311314,363.55438276657526,7.3855480467038985,11.870926493933537,0.0,1.5913474903045302,0.0,0.38606212785882865,13.609562838103917,1.9010378206905134,9169.337850804415,1971.0,0.9978600373552753,0.03171202587520449,0.005158088710593818,0.024671176522624537,0.002627244795662786,0.006560321954096237,0.0008466105156631706,0.6804923248164645,0.0,0.31950767518353557,0.0,0.3195076751835355,0.0,0.013318784663489675
381,spinup,4.4686271334754615,1.0678912031048162,3.400735930370645,3.342838858507729,8.389724236377864e-05,6.824581189026725,0.4366619702916031,1.1589282659592788,7.195183704830339,18.185362694737435,0.003129121395043056,3.659994001823235,0.0030622756877926073,168.07989449767416,2.373417971261787,2.8213529287148447,0.004648146871117925,1.2838766462606839,3.3829469682653013,5.760842305374774,102.97099476827348,1189.9598782391083,381.14786162370376,289.73841692087547,363.466476015627,7.3848777349579215,11.774634284573589,0.0,1.5499783890406122,0.0,0.3868370388334047,13.5920169676522,1.8989733613731197,9172.599997331166,1971.0,0.9978486273702324,0.031712337017570244,0.005158069847055823,0.024674723371793633,0.002627284784117813,0.006560655246833854,0.0008466453127134877,0.6968762978723971,0.0,0.3031237021276028,5.551115123125783e-17,0.3031237021276028,0.0,0.011233134473927483
382,spinup,4.456814460365607,1.0492841818933327,3.407530278472275,3.3519607532814755,8.757096813002416e-05,6.828224802972941,0.4366271867010431,1.166287910184507,7.219691391917299,18.179757372520264,0.003261419697124554,3.541918328966096,0.0036525406144989597,168.25371097391016,2.3722993051286303,2.8315171470330487,0.004830901361470814,1.2844918515515973,3.3554119880719444,6.408199441782852,102.64570680455081,1173.4934686812767,380.94039966485485,291.5783683048842,363.3543706493766,7.3842271787259826,11.560372627624368,0.0,1.5285473884592384,0.0,0.36868688689573326,13.633670072664911,1.9033957412429843,9178.96906686652,1971.0,0.9978679938074182,0.03171430841063508,0.005158488421682831,0.02467463949060377,0.002627377999012615,0.006560863608475038,0.0008466784246105854,0.6962941665416967,0.0,0.3037058334583034,0.0,0.3037058334583033,0.0,0.013829749180372752
383,spinup,4.378592393110957,0.9074904315164587,3.4711019615944982,3.426529102031575,4.465664190575096e-05,6.6755990163929795,0.42817571133989846,1.152043771548256,7.217728532471898,18.189518432448473,0.0005640824733981099,3.645814706280223,0.004469537428686516,168.4959512816459,2.3751081310088273,2.8596853592247635,0.004473300962040946,1.3500536907735217,3.494788431013094,4.558583542256359,102.73459540985375,1188.7985011832684,368.25908769932096,288.017255594036,363.5494785500798,7.380948309842616,10.662447986608207,0.0,1.3162245796854766,0.0,0.3235131275757497,13.433578257473354,1.8753431429207938,9171.092216223808,1971.0,0.9979671046685679,0.03171298087801522,0.005159009869626379,0.024640586123096463,0.0026272803936054495,0.006559469695141063,0.0008465788154200364,0.7699376614365272,0.0,0.23006233856347283,0.0,0.23006233856347283,0.0,0.005886657873985502
384,spinup,4.431602724359836,1.0561635835301824,3.375439140829654,3.322459135222662,9.062536390819943e-05,6.621208286986978,0.4247971271018044,1.1325265631177155,7.178784195299835,18.19847019283866,0.0017272529251914628,3.578247617577214,0.0029342158473093043,168.73860742562422,2.377248869500588,2.769479076970733,0.0044772387371628235,1.3279519294985271,3.4536867036918286,6.553584113690558,102.87047824886726,1180.0834629480776,369.01430702827133,283.1378465404489,363.7285115033233,7.385661622351881,11.937432920304106,0.0,1.5974466934486622,0.0,0.3752029826668226,13.268360664945309,1.8574406407872437,9157.221859691703,1971.0,0.99788492251872,0.031714368089554655,0.005158394413943026,0.024663142606284775,0.0026272964941213115,0.006560010640295752,0.0008465949778314932,0.6811139293284173,0.0,0.31888607067158276,0.0,0.31888607067158276,0.0,0.011506010428418728
385,spinup,4.452694019371422,1.0662251347648843,3.386468884606538,3.3332357845621643,8.886278663923078e-05,6.836790887540066,0.4365774916203948,1.157221484710542,7.189023406977634,18.182192636483386,0.0030088922336010846,3.3924459122442086,0.0030616759597281115,168.84339636327073,2.3736174765652667,2.808519019266268,0.004732336051275922,1.2787507210508609,3.378034555988926,7.449446127403751,102.4952503167504,1194.3115689608528,382.07739040744286,289.3117122562603,363.4031302487283,7.385185350356944,12.056229305213254,0.0,1.5550279630943122,0.0,0.39693472814716757,13.605365636031955,1.9002153499438914,9169.966857005342,1971.0,0.9978869609909429,0.03171445056493522,0.005158610990404294,0.02467084728601926,0.002627447679292752,0.006560532520258537,0.0008466497194142201,0.6857944485999444,0.0,0.3142055514000556,0.0,0.3142055514000556,0.0,0.012772264310201484
386,historico,4.416796224530505,1.0015220328788264,3.415274191651678,3.35904213037248,6.84530391506136e-05,6.722667886956363,0.43075497057410717,1.149231121702773,7.183104301192927,18.18667546267797,0.0013933990475397126,3.7680318944003317,0.0038551719730381888,169.00673373550188,2.3754705433687557,2.8179889705173458,0.003845792974223187,1.309473966454972,3.5807973094250665,5.244945747752687,102.55096890217403,1287.9009313901097,370.9678367299978,287.3140777205474,363.4927484712963,7.383843762330043,12.119900315734137,0.0,1.4842750604637542,0.0,0.35904059446629194,13.460030073768172,1.8806294015608613,9165.917976227462,1971.0,0.9978814407143884,0.03171452523157658,0.005158454994012435,0.024665540322316937,0.0026273592583481104,0.006560230521952324,0.0008466124912172398,0.7219954114122091,0.0,0.2780045885877907,1.6653345369377348e-16,0.2780045885877907,0.0,0.009661398777977693
387,historico,4.4456972093435745,1.0359230194685336,3.4097741898750407,3.344002863429192,7.941198075069542e-05,6.7772150860897895,0.43358186226923895,1.145876328807589,7.170304946546033,18.183790738007414,0.0032864409544529323,3.9444081472333816,0.003042884431392879,169.13548578456923,2.375481850065236,2.808616447434305,0.003822391108772269,1.2903641965537394,3.5391112401465477,4.131121373742859,103.13409708290682,1287.152048016779,375.29028368020016,286.47536111392156,363.4351240757258,7.384932681418044,12.258890910315229,0.0,1.55290859726679,0.0,0.36768701539872,13.54565922436183,1.8923955313835594,9161.905267308108,1971.0,0.9978799380364612,0.03171306343586078,0.0051581005148457724,0.024670717175796414,0.002627302315464902,0.00656035315459298,0.0008465946044270155,0.7053891813977876,0.0,0.2946108186022123,1.1102230246251565e-16,0.2946108186022123,0.0,0.010916164268810168
388,historico,4.467785698735446,1.0444699726911324,3.4233157260443132,3.3566619176548533,8.196122942282028e-05,6.843322873867209,0.4372676193781116,1.1564720736625451,7.181486755992295,18.174448545719777,0.003601256165920858,3.883990503201869,0.0031957297264592816,169.26090622088194,2.374024434905589,2.8231696736958036,0.00394541547444511,1.2790220064236848,3.51288291953827,4.990064465033889,102.42093059281133,1288.454821009926,379.2372707172976,289.12435538780915,363.2483632067041,7.384563644701707,12.179707124597307,0.0,1.5207844627008185,0.0,0.38067440397358226,13.615377765231043,1.9012114597002348,9166.642374448724,1971.0,0.997884508567985,0.0317119674525206,0.005158206413563182,0.024670813226400724,0.0026273344779531253,0.0065605103503137314,0.0008466069919200537,0.7040153905260148,0.0,0.29598460947398525,0.0,0.29598460947398525,0.0,0.011539275656206471
389,historico,4.462436093669235,1.0323351893428283,3.4301009043264057,3.370782334604419,6.746370971688354e-05,6.8218204506490485,0.43675015719011145,1.1565081277010516,7.1904849198073135,18.171385500723172,0.000870587023243328,4.022519879624306,0.0031619391573020047,169.40222307626033,2.37392085237718,2.839038523772836,0.004048654061583382,1.2886710330676159,3.5400116720541046,5.031469568897588,101.24235898743622,1289.9978874710546,377.45750048763534,289.1333690949965,363.1871149209811,7.3844489497574175,12.343576181543058,0.0,1.5359519034611306,0.0,0.3640523880215692,13.592498642172583,1.8984643223287314,9165.089519783574,1971.0,0.9978942335650333,0.03171177834707659,0.005158043119502597,0.024669089878657915,0.002627305094721972,0.006560567466096391,0.0008466073851284766,0.7143812740957172,0.0,0.28561872590428283,0.0,0.28561872590428283,0.0,0.007001290586037074
390,historico,4.462511952772635,1.030028049589624,3.432483903183012,3.3384001179702683,8.789236056835351e-05,6.732171925718135,0.43133795755400023,1.1374959211119926,7.167131089290504,18.17713786453536,0.004631349104973252,4.761598189993399,0.003728310483600961,169.53650715029463,2.3767270849487714,2.7877354335708127,0.0037922599487330254,1.2941819203742742,3.564814194615439,4.455389783005696,102.57473381527844,1297.294435806375,371.80615566662914,284.38021326897393,363.3021561738146,7.384830115415603,12.002869096576003,0.0,1.5084235926184972,0.0,0.3614573569856988,13.442520920577534,1.8754999044799368,9151.51533548815,1971.0,0.9978512260182718,0.031707366254043565,0.005156834007247766,0.02466961135108042,0.0026269880464694847,0.006560424307688233,0.0008465405607217256,0.7088256715114077,0.0,0.29117432848859226,0.0,0.29117432848859226,0.0,0.011304560636631097
391,historico,4.5224053094671275,1.102691941745853,3.419713367721273,3.3422111471029017,0.00010511457458113443,6.901331718222094,0.44002064931460727,1.161875962098186,7.196732508081627,18.16089427121296,0.006831103771619213,3.9663524080715904,0.003094262229112891,169.6825881293794,2.3727958785235446,2.820575090255831,0.004503491003646621,1.262192517215315,3.3643768868848842,5.534440365726857,103.23815068027852,1213.8198891191273,386.02052188612663,290.4753571077159,362.97740077994854,7.3860105906117735,12.055666516440825,0.0,1.614422895993395,0.0,0.3922587192304956,13.718234510651834,1.9138828420862768,9166.556300548682,1971.0,0.9978562111405614,0.03170832658392252,0.005156998238512019,0.024685644337338733,0.0026270865541741413,0.006561229431202951,0.0008466105203494653,0.6731818764894221,0.0,0.3268181235105779,5.551115123125783e-17,0.3268181235105779,0.0,0.013984440515817575
392,historico,4.525555349277369,1.0977694199780552,3.4277859292993145,3.3652287944640356,9.443304052294598e-05,6.865390245974169,0.4386795405405228,1.1682381334511283,7.231261802466328,18.157180987530513,0.003639344163392236,3.811918967293621,0.0030433015086850064,169.85847338483384,2.371671382904033,2.8310430460564353,0.00473040034522272,1.2761200923458977,3.3838455634781694,5.766496433719558,102.9753561288564,1206.9916570236426,384.0228870802289,292.06593480792856,362.9030857567126,7.38543422016763,11.963539462463316,0.0,1.5788649861429356,0.0,0.3907205512355628,13.680809643978328,1.908204570855001,9170.843256437965,1971.0,0.9978444896799366,0.03170813920517497,0.005156970689801707,0.02469034444209007,0.0026271177668074274,0.0065617076731557915,0.0008466607155288855,0.6860046499629924,0.0,0.3139953500370077,0.0,0.3139953500370077,0.0,0.012403642788911628
393,historico,4.526098625202333,1.0865902940985432,3.4395083311037893,3.379679192619555,0.0001002915583974552,6.870264151701341,0.4385309657623963,1.1791579285602538,7.276334562491034,18.15345924177388,0.0038078355342058296,3.6719206850467425,0.0035852264302478278,170.01983858120656,2.369772901091125,2.8434543090961486,0.004937242244324124,1.2763194540404752,3.3554750333347667,6.389480015615763,102.67468278940085,1192.3434745921463,384.17524911283357,294.7959434210151,362.82857274139934,7.384887970223403,11.804268567304167,0.0,1.5671672895250621,0.0,0.373718664296921,13.740252232178538,1.91438331769176,9178.49727756368,1971.0,0.9978626306108082,0.03170975843564482,0.0051574192590279015,0.024691491570077675,0.0026272139172277293,0.006562098583968834,0.000846716814700071,0.6809485000739524,0.0,0.31905149992604753,1.1102230246251565e-16,0.31905149992604753,0.0,0.015620997169451688
394,historico,4.462227042955353,0.9470101134602347,3.5152169294951183,3.466587114244429,5.429253554308735e-05,6.744245696916288,0.43117466525745923,1.1699061511913758,7.296768710374837,18.165866641438985,0.0006642643230827379,3.7376647455808767,0.004325771520669339,170.24526795872808,2.371431552057663,2.8769705301039963,0.004612294395384239,1.3365797603949645,3.4939311740201373,4.605846797837484,102.74339363369857,1215.607510511922,373.1105124133352,292.482948383014,363.0765139720103,7.381927861915604,10.959435607951791,0.0,1.3765359950516918,0.0,0.3319026670455913,13.58407913793156,1.8929408485688177,9172.504083423388,1971.0,0.9979547050110888,0.03170789681111919,0.005157946925561128,0.024659613751606708,0.0026271494053545404,0.006561005126160754,0.0008466653764417221,0.74783178380204,0.0,0.2521682161979599,1.1102230246251565e-16,0.2521682161979599,0.0,0.006782888835698761
395,historico,4.533878552643965,1.101900614025392,3.4319779386185734,3.3744507197147433,0.00010022110006736111,6.729379790807654,0.42947633235136295,1.1567522983866563,7.276005432506044,18.179386239528167,0.002234331199436688,3.66754889361566,0.0029864191652878417,170.46880806125392,2.372394214103305,2.7958838899242666,0.004628095372529902,1.308954508874008,3.4531048726472062,6.568871810835586,102.86534869649954,1218.1369350003984,376.3684336637403,289.19441310434854,363.3467983913672,7.386301666339284,12.300464028083308,0.0,1.6449820886833224,0.0,0.386639230732284,13.525602193763037,1.8897500473683846,9161.766817098332,1971.0,0.9978822517408125,0.03170837935004758,0.005157370547454242,0.02468015236565029,0.002627157911662446,0.006561610979687313,0.0008466982081806653,0.6595256475202073,0.0,0.34047435247979274,0.0,0.3404743524797927,0.0,0.012971911677148605
396,historico,4.558000421892699,1.1148800616167822,3.443120360275916,3.3848950413913683,0.00010552156414612225,6.908914892727866,0.4396789487148265,1.1837637462653505,7.312525184484005,18.169002461346068,0.0034220988253876815,3.51242870691084,0.0030759019804439194,170.56391163389074,2.3682035862746,2.835553121789796,0.00490556615883258,1.2665358362281876,3.378034555988926,7.461582219307132,102.5012053564298,1225.654062782973,387.2507515950934,295.94742308519983,363.1391491271214,7.385615309317268,12.294600759965348,0.0,1.5916998267798117,0.0,0.4034350158810544,13.802029970067466,1.9223244117572285,9177.069959771665,1971.0,0.9978790797894339,0.031708756939944426,0.005157736880168352,0.02468846531258945,0.002627308567038289,0.006562269431004807,0.0008467662198122354,0.6687119394008655,0.0,0.33128806059913446,5.551115123125783e-17,0.3312880605991345,0.0,0.01575640741465207
397,historico,4.525294890370243,1.0282080213929534,3.4970868689772905,3.441297133980137,7.822259334955314e-05,6.794927447968308,0.43361559546667106,1.1799020977250327,7.338044888422033,18.180445549446233,0.0014082532853714426,3.730468279496438,0.0035851922482469474,170.73718016515323,2.368971438847108,2.862930920734676,0.004205635709552423,1.303816824981084,3.5530929119325645,4.617376723724237,103.0375307063937,1298.5776213027082,376.6281842783042,294.98198978993855,363.3678019327499,7.383857277545298,12.028607032730278,0.0,1.4990284681169272,0.0,0.3562485997537982,13.677584799889484,1.9051486363918855,9176.027396044337,1971.0,0.9979036685523506,0.03170828475174589,0.005157959324533255,0.024674462411032282,0.0026272642708346627,0.006561846926193881,0.0008467422414417599,0.7028714779352986,0.0,0.2971285220647015,0.0,0.2971285220647015,0.0,0.011076130482224347
398,historico,4.5241896927545255,1.0336621447374688,3.490527548017058,3.430572906107661,8.244201611247184e-05,6.775284482677863,0.4317384133051544,1.1733144648235019,7.336318797133123,18.19246397762415,0.0025231675300353353,3.81849691383548,0.004067428445396627,170.9140722730639,2.369645087811531,2.851519549445417,0.004412825152003481,1.3108524943222306,3.5352171130903565,5.097277541198763,102.2710891348192,1275.541023927114,375.6415437470249,293.33504546714596,363.6080291066919,7.384354118738136,11.952164003104848,0.0,1.5180783123993196,0.0,0.36121461820872913,13.618438889219746,1.8995371974940665,9170.027940416288,1971.0,0.9979292539935045,0.03170718451015851,0.005157979684585845,0.02466872258710946,0.0026272221029673293,0.0065615910997976114,0.0008467180116651174,0.6931889633005767,0.0,0.30681103669942333,0.0,0.30681103669942333,0.0,0.011294574502785364
399,historico,4.523495427330272,1.0360985665510458,3.4873968607792256,3.4115837583600648,8.963924076584141e-05,6.699950850137179,0.42691139992325805,1.160957826306183,7.320311699636094,18.205342518348488,0.003651528729291684,4.249584864633584,0.004535952211845283,171.07751487586847,2.3715842234128583,2.8150705021006246,0.004081487312624006,1.314740297496468,3.5757278131094874,3.755332371332694,103.02341191165502,1297.7350403521898,370.9631801556743,290.24581812872395,363.8654871565022,7.3847153994757715,12.038758840607532,0.0,1.5205925379112633,0.0,0.3670229166646687,13.532290234568157,1.8879279860411105,9156.99185570338,1971.0,0.9979005315171654,0.0317049186430143,0.005157262650474004,0.024667495359123034,0.0026270243181657983,0.0065613867220142685,0.0008466652241388506,0.6908192373121669,0.0,0.3091807626878331,0.0,0.3091807626878331,0.0,0.012533093426550311
400,historico,4.561337950577636,1.091357435149761,3.4699805154278742,3.396991871399356,0.0001056298038823931,6.803657175924388,0.43202995549924866,1.1757517142049834,7.332614497273049,18.204134223334695,0.004075789155746714,4.00508384105773,0.00449149278628266,171.2046113407144,2.3692568059929378,2.826659495454969,0.004422296174963022,1.2882685162895384,3.478981866376985,5.443821345860205,102.38255550939604,1282.5886668947073,379.34073039833953,293.9443711676002,363.8413022778999,7.385720808207672,12.422604908217481,0.0,1.6083664805973785,0.0,0.37446497406513957,13.650086860436668,1.9024217831132302,9161.243235521786,1971.0,0.9978691283761053,0.03170546675660188,0.005157231211079688,0.024678698056577145,0.002627044510862775,0.006561873226654941,0.0008466826505795105,0.66325626274317,0.0,0.33674373725683,5.551115123125783e-17,0.33674373725683,0.0,0.01514060359276207
401,historico,4.589351539797511,1.0985241193661879,3.4908274204313234,3.429346611081725,0.00010125789610235239,6.854466212105296,0.4354754757741406,1.189601263877107,7.370338871174217,18.203901592100625,0.00237649443675762,3.759723771791494,0.0031755558928994528,171.34889806703933,2.3668827629265796,2.8501158311749717,0.0049071183643067265,1.291178486396328,3.4324984644603815,4.973576264438188,103.2099389951279,1236.8790425221418,383.37735498544794,297.4068344752378,363.8365492440993,7.385236716677531,12.097986071579392,0.0,1.576295702492201,0.0,0.39131830542555757,13.768554868445015,1.9162199723926991,9168.210468632129,1971.0,0.9978793075095174,0.03170714891641112,0.005157778824013201,0.024682954329990348,0.0026271684290996153,0.006562360796162091,0.0008467318234509991,0.6700425714767431,0.0,0.32995742852325693,0.0,0.32995742852325693,0.0,0.012761690687003188
402,historico,4.5710843741983025,1.0363704562118616,3.53471391798644,3.4758254745908954,6.969049827952111e-05,6.795372373876521,0.4329443115971948,1.177653422108911,7.378120768239913,18.219091337714946,0.001687707758915799,3.940485059335481,0.0030902065005922667,171.53038386487938,2.367953553697658,2.8525757951018234,0.0044213484779716495,1.3172877621308043,3.5665526091493867,5.065720261108551,103.03268927338561,1291.1505910430876,376.87798215604806,294.41980856412783,364.14013819191797,7.384432778937932,11.856637082973748,0.0,1.5188811204817707,0.0,0.36705478626067,13.662440548478296,1.905068536877503,9161.613748284883,1971.0,0.9979035158620395,0.03170464181605958,0.005157598105405703,0.02467132552628759,0.0026270492458329697,0.00656193047159587,0.0008466926599745771,0.705584284890226,0.0,0.29441571510977393,1.1102230246251565e-16,0.29441571510977393,0.0,0.008318463542949725
403,historico,4.623175560525538,1.1146445975860149,3.508530962939523,3.45060017839496,9.79275796752269e-05,6.909883057303775,0.43909599908864655,1.1871896471700865,7.391366523977773,18.22124460358865,0.0036747100047992646,3.706685159373858,0.0030613545094684003,171.6844910553994,2.365589629657061,2.846962085226383,0.004873728228514701,1.2876360699133016,3.403714480308325,6.813247047840007,103.24779460130675,1225.4452691389836,388.14367600594727,296.803917083855,364.18314108258465,7.386090677384517,12.180840916324321,0.0,1.6300143962846871,0.0,0.390832440501935,13.850459099650422,1.9312798388153052,9167.7769389126,1971.0,0.9978958190167281,0.031704060972627075,0.005157627599280767,0.0246833048762222,0.00262717749384574,0.006562460064191825,0.0008467284370628542,0.666656721008691,0.0,0.3333432789913089,1.1102230246251565e-16,0.33334327899130894,0.0,0.015251450375414654
404,historico,4.58862884604921,1.0197206746765255,3.568908171372683,3.495663695237124,8.788553494137064e-05,6.7731273433163155,0.4310258871744269,1.1872004472993307,7.420284887958328,18.232753511907863,0.002370829968629675,4.196800510892473,0.00734573006112783,171.8523799691357,2.3663875598037523,2.8897843232095872,0.0044741636530477216,1.324617956169332,3.52512748714278,5.176194476157079,101.01485604153687,1267.663788961538,375.43824242663254,296.8066171753462,364.41310019154383,7.383536813913244,11.91333827495738,0.0,1.455514938927701,0.0,0.3470517430000525,13.678829988488726,1.9054220064171181,9164.802313010086,1971.0,0.9979211972359132,0.031702950788101814,0.005157730010713728,0.024663753748964474,0.0026270130263624913,0.006561747397755559,0.0008466535494236036,0.7016467039172731,0.0,0.2983532960827269,0.0,0.2983532960827269,0.0,0.013927927989302117
405,historico,4.642325164389196,1.1104923504128843,3.5318328139763118,3.4666152485058954,9.0403160288118e-05,6.845857328328187,0.43421128477900967,1.183062987469511,7.419149281103504,18.244948090480655,0.004098911158405282,3.8471515694131435,0.0027615700446678364,172.06002820518302,2.3657913992854374,2.8418761074238024,0.0047780783795384205,1.3089725090333493,3.4203939464557727,4.684737193401213,103.07701870300215,1214.7813405410632,384.0566263845276,295.7722295463815,364.6568466159142,7.386412387565266,11.882784575947165,0.0,1.6393191380890497,0.0,0.3889644719753934,13.717783434510295,1.9146146608146923,9156.028811551458,1971.0,0.9979094223430514,0.031700719931753885,0.005157299000947151,0.024674309892519012,0.0026270103005254786,0.006562119254870505,0.0008466701915081859,0.6686540046918901,0.0,0.3313459953081099,5.551115123125783e-17,0.33134599530810993,0.0,0.013920098110210836
406,historico,4.688669473141523,1.2009178760705816,3.4877515970709427,3.4262199772235884,0.0001334640942139984,6.986736341309647,0.44277862583112276,1.2144797956134668,7.485543284446272,18.23700354818476,0.003825170069521559,3.410871409181551,0.002862739163167484,172.18762015246364,2.360443368808022,2.862822243577412,0.005540978156150761,1.253620864387526,3.244167398141225,5.917586805234109,102.81281625875405,1168.6977568460636,395.87775905306273,303.62660373303754,364.49787066003023,7.386874537160303,12.2615326778606,0.0,1.6777663059711156,0.0,0.4134124388062064,14.019888813041081,1.9484601059163396,9174.998182489353,1971.0,0.9978795295278868,0.031702410289816046,0.005157722030245856,0.024692228032259,0.0026272116176534457,0.00656328929684496,0.0008467706906084642,0.6363406172365139,0.0,0.363659382763486,5.551115123125783e-17,0.363659382763486,0.0,0.02063277250889989
407,historico,4.678766731842806,1.1474473246291084,3.5313194072136977,3.4699084897896126,0.00011597658298162706,6.895443544866168,0.437232199165997,1.222564996848382,7.559870716581279,18.250175536509346,0.004240767555930286,3.2808925802067295,0.003513581515487417,172.3865625922778,2.358881099462546,2.889943269519645,0.005096056133509079,1.2793214859757442,3.3159413525789976,6.199040631215955,102.4371291801417,1192.4459715578857,388.8150646295395,305.64794834520995,364.7609468828926,7.385741927315634,11.89847629604629,0.0,1.6179779404036485,0.0,0.3867887425825981,14.00120968331298,1.9446829269881236,9183.601139434366,1971.0,0.9978822217984191,0.03170258999702243,0.005157962846985284,0.02468941159010315,0.002627147458126069,0.006563574581691482,0.0008468211171395835,0.6538500577740611,0.0,0.3461499422259389,0.0,0.3461499422259389,0.0,0.01834732318010724
408,historico,4.633104061610819,1.0507804048555724,3.5823236567552463,3.52682795706213,8.3683550901838e-05,6.78550743090455,0.43009508837710264,1.2211028229130294,7.607380551931221,18.273689782223272,0.00146054251343004,3.3427170094407876,0.004317439557668974,172.59946666094427,2.3589946606310503,2.9050467579235413,0.0047382569827517955,1.3196486539376915,3.478201249853889,4.684195166622342,102.25293101898043,1254.4969319439347,378.08547503823775,305.2823968492842,365.23081590780896,7.3838555612384615,11.747533441510049,0.0,1.5006720006493324,0.0,0.3589642166127348,13.841270804295139,1.924914651409019,9181.778586288592,1971.0,0.9979181429124799,0.03170325772527938,0.005158395416312905,0.02466640819344495,0.002627066153649928,0.0065630564302432085,0.0008468227161720797,0.6874406491068791,0.0,0.3125593508931209,0.0,0.3125593508931209,0.0,0.016109960240342766
409,historico,4.644963034575599,1.0720686983941965,3.5728943361814025,3.51285472119637,8.318089733627389e-05,6.770187095763395,0.4286221115812433,1.2083891720721263,7.604505356112389,18.302212126402576,0.0014569712035773913,3.5159833534269738,0.00309481967055458,172.79955426104829,2.3597666877596204,2.8810189924643343,0.004692345646160987,1.3210097621339272,3.4999935761108047,5.073537298235675,101.11108475547266,1263.8514319893366,377.253197088226,302.10391447369125,365.80092390113595,7.385063038092789,12.174407931201795,0.0,1.5738161709514462,0.0,0.3742554752473894,13.76255510214267,1.919318924229155,9169.448817366054,1971.0,0.997928541682652,0.03170235755001602,0.005158107474891764,0.024662199870279622,0.002627016199002679,0.0065629194736926575,0.0008468339227173851,0.671800291241505,0.0,0.32819970875849497,5.551115123125783e-17,0.32819970875849497,0.0,0.013690221028117691
410,historico,4.618013621338652,1.0465326536252901,3.5714809677133617,3.518513936732849,8.165932136857945e-05,6.788758953759939,0.42931960407184305,1.2020199532204534,7.595192879508239,18.32478471874147,0.0027667702736877743,3.4187376301788297,0.0033601507950087512,173.00468520048355,2.360125624196179,2.87280144809741,0.004916560782896428,1.3219987652152234,3.4450218141639697,4.4717847607688865,102.92034664300083,1230.34915511071,379.8747096719985,300.5115748601787,366.25212680778213,7.384575832535108,11.448954082699307,0.0,1.5278150476211256,0.0,0.36919779608491704,13.748876328813152,1.919267600727298,9165.244534824798,1971.0,0.9979719322678668,0.03170060599976483,0.005158103904548315,0.024656953263086825,0.00262712184806437,0.006562689874152155,0.0008468380760924795,0.6785469403016925,0.0,0.32145305969830756,0.0,0.32145305969830756,0.0,0.014691977273860152
411,historico,4.69137967726354,1.1043667659536371,3.5870129113099027,3.5294550755290808,0.00010489220358412826,6.817340948451249,0.4307108664576826,1.209408903440904,7.598455022116051,18.342450519863043,0.0033020935536405387,3.370244649014583,0.003443789976094632,173.18646774356506,2.358950883293676,2.8927018911727513,0.004653286412077425,1.3170456108553472,3.497250999768097,4.612266212892739,101.33187769159977,1277.9885270798143,382.22239841891906,302.35885290357726,366.6052191321146,7.38565173417588,12.43937484049983,0.0,1.6139200280890855,0.0,0.37835335847227314,13.853398682920464,1.9306223142766923,9165.729441264935,1971.0,0.997921583861284,0.03170181707438642,0.005158088497701091,0.024663244725472745,0.0026270984697623354,0.006562977897077708,0.0008468608265506273,0.6461688659546805,0.0,0.3538311340453196,0.0,0.3538311340453196,0.0,0.017670624149481978
412,historico,4.676477460016125,1.0640024120439309,3.612475047972195,3.5481481087305067,9.541225427246494e-05,6.764065090447457,0.4274959759990611,1.2085855401132473,7.606530589433529,18.36555294645754,0.003308985244252264,3.5622617091762563,0.004254546881171761,173.36651436077665,2.3593225589339886,2.880654706611085,0.004525132480531882,1.3318116941041287,3.5287558635806473,4.923770919083251,101.3718401112832,1282.4182358978023,376.8733419240194,302.1530075599844,367.06696469795816,7.384545289755992,11.911221656122784,0.0,1.5303964037909081,0.0,0.36541035802600713,13.761961501183318,1.9167534742256116,9156.899998131257,1971.0,0.9979382829034533,0.03170032210902631,0.005157937415666223,0.024653535359524886,0.002626987016387654,0.006562622338337751,0.0008468180373812231,0.6686650283102973,0.0,0.3313349716897027,0.0,0.3313349716897027,0.0,0.01607749023208962
413,historico,4.690122910387088,1.0988200864234865,3.591302823963602,3.5278276986479615,0.0001055895511554509,6.800124928907071,0.42934798765620413,1.2156494471675485,7.621094472382353,18.38277115041237,0.002153992186353232,3.5396285396610168,0.0034435403269931727,173.51250958555718,2.3579517950124145,2.8683359992544366,0.004355403668327441,1.3072889197090336,3.576610868068953,5.532856931327427,102.19914501676689,1351.2548141983098,379.54835031211485,303.9190230307481,367.41107959200826,7.385192496100323,12.589551648142034,0.0,1.5786097726998505,0.0,0.3940077439123191,13.829492488704997,1.9244432937911258,9158.241502370345,1971.0,0.9979099111116605,0.031701238087522156,0.005158007900845662,0.02465666951205267,0.0026269778917707375,0.006562884336468925,0.0008468346765881868,0.6479305022573864,0.0,0.3520694977426136,5.551115123125783e-17,0.3520694977426136,0.0,0.01650059008684708
414,historico,4.696814514464694,1.1093072584557466,3.587507256008947,3.51640431802895,0.00011027128645244944,6.821152017766991,0.4305935746071512,1.2180371588637364,7.638469908269169,18.4020547236499,0.0033773037139562295,3.693871722760429,0.0041389200047042465,173.63767609259466,2.356887952980553,2.8675180150910795,0.00440405383727893,1.2932776356736129,3.5391525421727525,5.8506310327185,102.47033208914098,1351.2521994111814,380.8319378464849,304.51596403843354,367.796469067962,7.385313229382901,12.411362381660929,0.0,1.6034172183110411,0.0,0.37834579590794765,13.865299054656347,1.9283330305011548,9159.665654163886,1971.0,0.9979179515103833,0.03169994741987227,0.00515783001274741,0.024659599208435204,0.0026269319845230697,0.006563123453510509,0.0008468398840408744,0.647058010266622,0.0,0.35294198973337804,0.0,0.35294198973337804,0.0,0.0170731769186888
415,historico,4.685522598617885,1.125829785967656,3.5596928126502285,3.4897318500158745,0.00012084174008193667,6.826127249742413,0.43044531508842543,1.2263326699131247,7.6734790647748685,18.420254423398113,0.0035779914212894083,3.6384505849575666,0.005424946464392905,173.78329049267424,2.355224630168285,2.871622291493518,0.004582727832471177,1.2771990503937276,3.4590349572290666,7.830480198543235,102.35235098537315,1317.567676949592,382.88971002968646,306.58988725663204,368.1601459944395,7.3851456573130205,12.299077696212812,0.0,1.5889495577246278,0.0,0.3978045955025572,13.95661824709261,1.936805417092952,9169.55556326449,1971.0,0.9979182337055105,0.031700085900092254,0.005157897019122914,0.024664683033043783,0.002626893292528293,0.006563542097289088,0.000846856630068049,0.6404506455716605,0.0,0.3595493544283395,0.0,0.3595493544283394,0.0,0.01767058368433517
416,historico,4.6325462827131645,0.9735856978697502,3.6589605848434137,3.5870284510111285,8.630027751285907e-05,6.711105734231337,0.42482661814830813,1.2215088193270478,7.701545464738634,18.446861559028726,0.001180622265297614,4.273758185561247,0.0043964463939077025,173.92012823806806,2.3562042595385764,2.950117972051555,0.004085218022870233,1.3232463413942595,3.764229639398527,4.4379203933022415,99.7060214270139,1461.5902916097364,370.6572495839406,305.3838981774754,368.6918884253939,7.381317018116274,13.067574634948297,0.0,1.3669832176051826,0.0,0.3327632453564207,13.845052588420923,1.9128897508799827,9165.70979225553,1971.0,0.9979780744898175,0.03170045292003923,0.00515841975597099,0.024630395366508035,0.0026267268502641935,0.006562444262214086,0.0008467778233065219,0.7058372481609555,0.0,0.29416275183904456,0.0,0.2941627518390445,0.0,0.010024628322506994
417,historico,4.692957260083327,1.0575743110044564,3.635382949078871,3.5260539463529557,9.5852998777463e-05,6.616761027055222,0.41888553137725437,1.1862598050961746,7.6548955349546155,18.484817038718173,0.0021243240039225076,5.484119880956939,0.0030048516900420424,174.05521413050772,2.359817679251963,2.8285686926678077,0.004005013680133223,1.341626435784097,3.722624442033344,5.004501171846638,102.55056769418381,1392.55227303054,365.75462455881075,296.5714514702403,369.45066424104226,7.38563096240801,12.430199814872296,0.0,1.6044659318679058,0.0,0.3655093781213752,13.525492563983256,1.8834366117723274,9140.091313734823,1971.0,0.9979365469990151,0.031698294187134345,0.00515687386169765,0.024643114825079814,0.0026265766115224493,0.006562671456117626,0.000846756665688831,0.6566447182646953,0.0,0.3433552817353048,0.0,0.3433552817353048,0.0,0.014661937568326965
418,historico,4.703102435275233,1.0422540914525444,3.6608483438226886,3.564374345142674,7.851987632878415e-05,6.851621179235665,0.4320958914070473,1.196739743613031,7.6450706304774645,18.492585607543408,0.0009697462737933476,5.298051900551915,0.0030809627263057547,174.1492653117891,2.357249604766221,2.9026315360777932,0.004082878337115099,1.2986660948032476,3.6811004695534333,5.363214677376319,98.56142688799515,1431.9442708595334,379.3663478426472,299.1914935250336,369.60596805870796,7.384711079890166,12.432781210690381,0.0,1.5442245179707137,0.0,0.37043104273603455,13.853139235274153,1.923747887948311,9138.027267632153,1971.0,0.9979958102189648,0.031694686958374685,0.0051564039512242065,0.024640488472430506,0.002626546693933457,0.006562739539574896,0.0008467349771795898,0.6765494367137018,0.0,0.3234505632862982,0.0,0.3234505632862981,0.0,0.008240919833352251
419,historico,4.7428324953944765,1.0640515776431123,3.678780917751364,3.574963167467616,9.106825383424842e-05,6.876902472496883,0.4346194363437455,1.1926962930164848,7.628787327796726,18.51112246510577,0.0014755475612173116,5.506060847898591,0.0030938876232804663,174.29005108799814,2.3572837254161274,2.92174412893925,0.004089166578705217,1.2953115112171356,3.7271159333263895,2.8123357260079778,95.89694061650984,1462.3433606325366,380.25535721967816,298.1806087195178,369.9765244105215,7.385054908042739,13.38524003430035,0.0,1.5804876535915298,0.0,0.36489479122991364,13.892626224047355,1.9303187762294045,9123.637590333736,1971.0,0.9979867165582976,0.031693291044678065,0.005155881235756291,0.024642404966698804,0.0026263925485088303,0.0065627997140655335,0.0008466875094001614,0.6634147166271493,0.0,0.33658528337285065,0.0,0.33658528337285065,0.0,0.01104873445139661
420,historico,4.713604397634323,1.0495991845334653,3.664005213100858,3.559622765530507,0.0001003785086054961,6.834283965969477,0.4317872127742904,1.184381655574432,7.6075223613356675,18.531082179776018,0.002966627899060078,5.677963682841322,0.0032958616198802953,174.4607307271279,2.3585157036024205,2.865806026296754,0.006203146207460439,1.3303755993588815,3.5054981221810597,3.6977991250895044,100.84334976536049,1257.4064476024196,380.4607665233129,296.10190379834876,370.37553423912465,7.385013477729886,11.27300878070537,0.0,1.534226512087532,0.0,0.3706075444002155,13.74032405609276,1.9137364047656487,9113.739123994823,1971.0,0.9980143152751471,0.03169039720413329,0.005155296057657861,0.024645525098980933,0.002626318970784861,0.006562790398531446,0.0008466251811669705,0.6657839848639371,0.0,0.33421601513606286,5.551115123125783e-17,0.33421601513606286,0.0,0.011753768855058983
421,historico,4.710599809663792,1.0386674526859732,3.671932356977819,3.579880487525207,9.788207956877257e-05,6.802260623081315,0.42969382547689733,1.1824938767010262,7.5935465336928,18.549531153737043,0.001968320719013398,5.158333221203833,0.003460333890041251,174.70527188457322,2.358980717927012,2.876140784426248,0.006285394308441904,1.3460226052688893,3.511169513760033,6.0562269637884905,101.1096835016267,1243.951896102904,379.4251052587448,295.62994873577674,370.7443276726658,7.384464723150629,11.21332380054546,0.0,1.521019091695244,0.0,0.36056238429593895,13.69005189531576,1.9078626975315132,9112.507765452157,1971.0,0.9980216078604218,0.03168881767545616,0.005155038511172215,0.024644744930372723,0.0026262687740179406,0.006562629994088168,0.0008465755171236682,0.6705887280823427,0.0,0.32941127191765723,5.551115123125783e-17,0.32941127191765723,0.0,0.011411430229493954
422,historico,4.695018582302436,0.9809091420594712,3.714109440242965,3.628912146489649,7.448266917565106e-05,6.7548091095237455,0.427777524139409,1.1756072148224126,7.574681525157237,18.565983077738426,0.0010086596857616674,5.277479703080286,0.00443845570389882,174.9063497433067,2.360384231891959,2.9155869424161147,0.0049431510235427994,1.3527849062235475,3.8234027563813147,3.9198595615749907,100.57033701509518,1443.6348463782929,373.2420526259046,293.90824553016273,371.0732177658574,7.382840826567192,12.598885999420709,0.0,1.4179021806984728,0.0,0.34847408681759673,13.658637594112065,1.898527106748743,9102.233150719188,1971.0,0.998023066198829,0.031687493085103435,0.005155077281792652,0.024627044983047647,0.002626183973334627,0.006561841791249034,0.0008465006822103334,0.7055494584896812,0.0,0.2944505415103189,0.0,0.29445054151031885,0.0,0.008158298224539905
423,historico,4.738552556138949,1.0747895294108794,3.6637630267280685,3.558654547579963,9.90346403928673e-05,6.789659494868477,0.42949095649915525,1.172081166447335,7.5504480882226686,18.57599767495398,0.0027153648175837586,5.669443568224159,0.0030068349327057554,175.01965422979825,2.360287079098525,2.8303729602765038,0.004866533438908904,1.319593611758819,3.655560283908669,5.361032698504048,102.36251960737793,1380.1003103041235,376.88490830281023,293.0267141151569,371.273454276077,7.386224592506373,12.02365132401447,0.0,1.6143790973998615,0.0,0.3814693751487339,13.670496001234229,1.9061400667186743,9088.943407226096,1971.0,0.998027664967019,0.03168393017456306,0.005154202352916226,0.02464097904678235,0.002626195221345824,0.00656225281371396,0.0008464942419431961,0.6545885329314304,0.0,0.34541146706856957,5.551115123125783e-17,0.34541146706856957,0.0,0.011539162588885793
